"","rn","coef","xDecompAgg","xDecompPerc","xDecompMeanNon0","xDecompMeanNon0Perc","xDecompAggRF","xDecompPercRF","xDecompMeanNon0RF","xDecompMeanNon0PercRF","pos","spend_share","spend_share_refresh","mean_spend","total_spend","mean_exposure","mean_exposure_refresh","effect_share","effect_share_refresh","train_size","rsq_train","rsq_val","rsq_test","nrmse_train","nrmse_val","nrmse_test","nrmse","decomp.rssd","mape","lambda","lambda_hp","lambda_max","lambda_min_ratio","solID","trial","iterNG","iterPar","iterations","robynPareto","mean_response","mean_spend_adstocked","mean_carryover","roi_mean","roi_total","cpa_mean","cpa_total","cluster","top_sol","boot_mean","boot_se","ci_low","ci_up","carryover_pct"
"1","(Intercept)",71722.0741653141,8104594.38068049,0.773553370853689,71722.0741653141,0.773553370853689,8104594.38068049,0.773553370853689,71722.0741653141,0.773553370853689,TRUE,NA,NA,NA,NA,NA,NA,NA,NA,0.63491753957,0.0866332851177904,-0.115004201731471,-0.505245683030185,0.151971122004681,0.213102726920975,0.312687324322884,0.213102726920975,0.0504574940487895,0,863705.991540199,0.1526557707,5654727.87225015,1e-04,"1_31_15",1,31,15,465,3,NA,NA,NA,NA,NA,NA,NA,1,FALSE,NA,NA,NA,NA,NA
"2","trend",0.129452708696867,1550179.47630284,0.147958861726721,13718.4024451578,0.147958861726721,1550179.47630284,0.147958861726721,13718.4024451578,0.147958861726721,TRUE,NA,NA,NA,NA,NA,NA,NA,NA,0.63491753957,0.0866332851177904,-0.115004201731471,-0.505245683030185,0.151971122004681,0.213102726920975,0.312687324322884,0.213102726920975,0.0504574940487895,0,863705.991540199,0.1526557707,5654727.87225015,1e-04,"1_31_15",1,31,15,465,3,NA,NA,NA,NA,NA,NA,NA,1,FALSE,NA,NA,NA,NA,NA
"3","season",0.0440656722447424,-12582.5936856972,-0.00120096173879539,-111.35038659909,-0.00120096173879539,-12582.5936856972,-0.00120096173879539,-111.35038659909,-0.00120096173879539,FALSE,NA,NA,NA,NA,NA,NA,NA,NA,0.63491753957,0.0866332851177904,-0.115004201731471,-0.505245683030185,0.151971122004681,0.213102726920975,0.312687324322884,0.213102726920975,0.0504574940487895,0,863705.991540199,0.1526557707,5654727.87225015,1e-04,"1_31_15",1,31,15,465,3,NA,NA,NA,NA,NA,NA,NA,1,FALSE,NA,NA,NA,NA,NA
"4","holiday",0,0,0,0,0,0,0,0,0,TRUE,NA,NA,NA,NA,NA,NA,NA,NA,0.63491753957,0.0866332851177904,-0.115004201731471,-0.505245683030185,0.151971122004681,0.213102726920975,0.312687324322884,0.213102726920975,0.0504574940487895,0,863705.991540199,0.1526557707,5654727.87225015,1e-04,"1_31_15",1,31,15,465,3,NA,NA,NA,NA,NA,NA,NA,1,FALSE,NA,NA,NA,NA,NA
"5","Google_Impressions",18032.0047362132,372624.63475602,0.0355656345943424,3297.5631394338,0.0355656345943424,372624.63475602,0.0355656345943424,3297.5631394338,0.0355656345943424,TRUE,0.743363900415277,0.743363900415277,490276.628318584,55401259,NA,NA,0.724669758837198,0.724669758837198,0.63491753957,0.0866332851177904,-0.115004201731471,-0.505245683030185,0.151971122004681,0.213102726920975,0.312687324322884,0.213102726920975,0.0504574940487895,0,863705.991540199,0.1526557707,5654727.87225015,1e-04,"1_31_15",1,31,15,465,3,3297.5631394338,646788.964055047,156512.335736463,0.00672592358877656,0.00672592358877656,148.678465760254,148.678465760254,1,FALSE,0.00782942360134586,0.00074135540919751,0,0.019703727690251,0.283034317376755
"6","Facebook_Impressions",21742.5701885754,141574.599049364,0.0135127685825901,1252.87255795898,0.0135127685825901,141574.599049364,0.0135127685825901,1252.87255795898,0.0135127685825901,TRUE,0.244677122195661,0.244677122195661,161373.82300885,18235242,NA,NA,0.275330241162802,0.275330241162802,0.63491753957,0.0866332851177904,-0.115004201731471,-0.505245683030185,0.151971122004681,0.213102726920975,0.312687324322884,0.213102726920975,0.0504574940487895,0,863705.991540199,0.1526557707,5654727.87225015,1e-04,"1_31_15",1,31,15,465,3,1252.87255795898,170611.519297626,9237.69628877599,0.00776379052437936,0.00776379052437936,128.80306299608,128.80306299608,1,FALSE,0.00891222269670811,0.000954082668229271,0,0.0241936972477182,0.000619629760113064
"7","Affiliate_Impressions",0,0,0,0,0,0,0,0,0,TRUE,0.0119589773890613,0.0119589773890613,7887.3982300885,891276,NA,NA,0,0,0.63491753957,0.0866332851177904,-0.115004201731471,-0.505245683030185,0.151971122004681,0.213102726920975,0.312687324322884,0.213102726920975,0.0504574940487895,0,863705.991540199,0.1526557707,5654727.87225015,1e-04,"1_31_15",1,31,15,465,3,0,10329.4013169967,2442.00308690825,0,0,Inf,Inf,1,FALSE,0,0,0,0,NA
"8","Organic_Views",0,0,0,0,0,0,0,0,0,TRUE,NA,NA,NA,NA,8051.88495575221,8051.88495575221,NA,NA,0.63491753957,0.0866332851177904,-0.115004201731471,-0.505245683030185,0.151971122004681,0.213102726920975,0.312687324322884,0.213102726920975,0.0504574940487895,0,863705.991540199,0.1526557707,5654727.87225015,1e-04,"1_31_15",1,31,15,465,3,0,9273.55245359387,1221.66749784165,NA,NA,NA,NA,1,FALSE,NA,NA,NA,NA,NA
"9","Email_Impressions",11799.7361841355,320707.38140059,0.0306103259814535,2838.11841947425,0.0306103259814535,320707.38140059,0.0306103259814535,2838.11841947425,0.0306103259814535,TRUE,NA,NA,NA,NA,389433.016085841,389433.016085841,NA,NA,0.63491753957,0.0866332851177904,-0.115004201731471,-0.505245683030185,0.151971122004681,0.213102726920975,0.312687324322884,0.213102726920975,0.0504574940487895,0,863705.991540199,0.1526557707,5654727.87225015,1e-04,"1_31_15",1,31,15,465,3,2838.11841947425,442816.131458409,53383.1153725681,NA,NA,NA,NA,1,FALSE,NA,NA,NA,NA,0.0329445150146188
"10","(Intercept)",78670.1256410432,8889724.19743788,0.853389709593446,78670.1256410432,0.853389709593446,8889724.19743788,0.853389709593446,78670.1256410432,0.853389709593446,TRUE,NA,NA,NA,NA,NA,NA,NA,NA,0.62829382223,0.00324654193801466,-0.168021306973475,-0.677492906075213,0.159445802793242,0.21636376291705,0.329793925107465,0.21636376291705,0.0195293378242718,0,1508568.64232568,0.2667067309,5654727.87225015,1e-04,"1_47_8",1,47,8,698,3,NA,NA,NA,NA,NA,NA,NA,1,FALSE,NA,NA,NA,NA,NA
"11","trend",0.0919402896814968,1100973.10086678,0.105690468450044,9743.12478643168,0.105690468450044,1100973.10086678,0.105690468450044,9743.12478643168,0.105690468450044,TRUE,NA,NA,NA,NA,NA,NA,NA,NA,0.62829382223,0.00324654193801466,-0.168021306973475,-0.677492906075213,0.159445802793242,0.21636376291705,0.329793925107465,0.21636376291705,0.0195293378242718,0,1508568.64232568,0.2667067309,5654727.87225015,1e-04,"1_47_8",1,47,8,698,3,NA,NA,NA,NA,NA,NA,NA,1,FALSE,NA,NA,NA,NA,NA
"12","season",0.0265276325004139,-7574.74932737532,-0.000727155644558133,-67.0331798882772,-0.000727155644558133,-7574.74932737532,-0.000727155644558133,-67.0331798882772,-0.000727155644558133,FALSE,NA,NA,NA,NA,NA,NA,NA,NA,0.62829382223,0.00324654193801466,-0.168021306973475,-0.677492906075213,0.159445802793242,0.21636376291705,0.329793925107465,0.21636376291705,0.0195293378242718,0,1508568.64232568,0.2667067309,5654727.87225015,1e-04,"1_47_8",1,47,8,698,3,NA,NA,NA,NA,NA,NA,NA,1,FALSE,NA,NA,NA,NA,NA
"13","holiday",0,0,0,0,0,0,0,0,0,TRUE,NA,NA,NA,NA,NA,NA,NA,NA,0.62829382223,0.00324654193801466,-0.168021306973475,-0.677492906075213,0.159445802793242,0.21636376291705,0.329793925107465,0.21636376291705,0.0195293378242718,0,1508568.64232568,0.2667067309,5654727.87225015,1e-04,"1_47_8",1,47,8,698,3,NA,NA,NA,NA,NA,NA,NA,1,FALSE,NA,NA,NA,NA,NA
"14","Google_Impressions",7765.64520127953,223452.64229865,0.0214508550866058,1977.45701149248,0.0214508550866058,223452.64229865,0.0214508550866058,1977.45701149248,0.0214508550866058,TRUE,0.743363900415277,0.743363900415277,490276.628318584,55401259,NA,NA,0.749276316835145,0.749276316835145,0.62829382223,0.00324654193801466,-0.168021306973475,-0.677492906075213,0.159445802793242,0.21636376291705,0.329793925107465,0.21636376291705,0.0195293378242718,0,1508568.64232568,0.2667067309,5654727.87225015,1e-04,"1_47_8",1,47,8,698,3,1977.45701149248,623626.516228936,133349.887910352,0.00403334953631018,0.00403334953631018,247.932888284913,247.932888284913,1,FALSE,0.00782942360134586,0.00074135540919751,0,0.019703727690251,0.251195280042582
"15","Facebook_Impressions",24526.4699439633,74771.9742787,0.00717790923522903,661.698887422123,0.00717790923522903,74771.9742787,0.00717790923522903,661.698887422123,0.00717790923522903,TRUE,0.244677122195661,0.244677122195661,161373.82300885,18235242,NA,NA,0.250723683164855,0.250723683164855,0.62829382223,0.00324654193801466,-0.168021306973475,-0.677492906075213,0.159445802793242,0.21636376291705,0.329793925107465,0.21636376291705,0.0195293378242718,0,1508568.64232568,0.2667067309,5654727.87225015,1e-04,"1_47_8",1,47,8,698,3,661.698887422123,164097.619409267,2723.79640041704,0.0041004103087143,0.0041004103087143,243.878032858022,243.878032858022,1,FALSE,0.00891222269670811,0.000954082668229271,0,0.0241936972477182,9.88068559359866e-06
"16","Affiliate_Impressions",0,0,0,0,0,0,0,0,0,TRUE,0.0119589773890613,0.0119589773890613,7887.3982300885,891276,NA,NA,0,0,0.62829382223,0.00324654193801466,-0.168021306973475,-0.677492906075213,0.159445802793242,0.21636376291705,0.329793925107465,0.21636376291705,0.0195293378242718,0,1508568.64232568,0.2667067309,5654727.87225015,1e-04,"1_47_8",1,47,8,698,3,0,10278.7797213577,2391.38149126917,0,0,Inf,Inf,1,FALSE,0,0,0,0,NA
"17","Organic_Views",0,0,0,0,0,0,0,0,0,TRUE,NA,NA,NA,NA,8051.88495575221,8051.88495575221,NA,NA,0.62829382223,0.00324654193801466,-0.168021306973475,-0.677492906075213,0.159445802793242,0.21636376291705,0.329793925107465,0.21636376291705,0.0195293378242718,0,1508568.64232568,0.2667067309,5654727.87225015,1e-04,"1_47_8",1,47,8,698,3,0,9945.58796728491,1893.70301153269,NA,NA,NA,NA,1,FALSE,NA,NA,NA,NA,NA
"18","Email_Impressions",7857.61444441202,135610.172345464,0.0130182132792339,1200.09002075632,0.0130182132792339,135610.172345464,0.0130182132792339,1200.09002075632,0.0130182132792339,TRUE,NA,NA,NA,NA,389433.016085841,389433.016085841,NA,NA,0.62829382223,0.00324654193801466,-0.168021306973475,-0.677492906075213,0.159445802793242,0.21636376291705,0.329793925107465,0.21636376291705,0.0195293378242718,0,1508568.64232568,0.2667067309,5654727.87225015,1e-04,"1_47_8",1,47,8,698,3,1200.09002075632,478997.853842526,89564.8377566854,NA,NA,NA,NA,1,FALSE,NA,NA,NA,NA,0.0125035254479033
"19","(Intercept)",74167.7870626086,8380959.93807477,0.804238597294189,74167.7870626086,0.804238597294189,8380959.93807477,0.804238597294189,74167.7870626086,0.804238597294189,TRUE,NA,NA,NA,NA,NA,NA,NA,NA,0.64073142779,0.0478539242012724,-0.129708677608265,-0.597217632396601,0.155163751164425,0.214503304716647,0.322098445623195,0.214503304716647,0.0206562427539237,0,1100172.35174373,0.1944774135,5654727.87225015,1e-04,"1_51_13",1,51,13,763,1,NA,NA,NA,NA,NA,NA,NA,3,FALSE,NA,NA,NA,NA,NA
"20","trend",0.106374905924205,1273825.76708754,0.122236576202393,11272.7943990048,0.122236576202393,1273825.76708754,0.122236576202393,11272.7943990048,0.122236576202393,TRUE,NA,NA,NA,NA,NA,NA,NA,NA,0.64073142779,0.0478539242012724,-0.129708677608265,-0.597217632396601,0.155163751164425,0.214503304716647,0.322098445623195,0.214503304716647,0.0206562427539237,0,1100172.35174373,0.1944774135,5654727.87225015,1e-04,"1_51_13",1,51,13,763,1,NA,NA,NA,NA,NA,NA,NA,3,FALSE,NA,NA,NA,NA,NA
"21","season",0.0353673531994775,-10098.8595516244,-0.000969088588906341,-89.3704385099507,-0.000969088588906341,-10098.8595516244,-0.000969088588906341,-89.3704385099507,-0.000969088588906341,FALSE,NA,NA,NA,NA,NA,NA,NA,NA,0.64073142779,0.0478539242012724,-0.129708677608265,-0.597217632396601,0.155163751164425,0.214503304716647,0.322098445623195,0.214503304716647,0.0206562427539237,0,1100172.35174373,0.1944774135,5654727.87225015,1e-04,"1_51_13",1,51,13,763,1,NA,NA,NA,NA,NA,NA,NA,3,FALSE,NA,NA,NA,NA,NA
"22","holiday",0,0,0,0,0,0,0,0,0,TRUE,NA,NA,NA,NA,NA,NA,NA,NA,0.64073142779,0.0478539242012724,-0.129708677608265,-0.597217632396601,0.155163751164425,0.214503304716647,0.322098445623195,0.214503304716647,0.0206562427539237,0,1100172.35174373,0.1944774135,5654727.87225015,1e-04,"1_51_13",1,51,13,763,1,NA,NA,NA,NA,NA,NA,NA,3,FALSE,NA,NA,NA,NA,NA
"23","Google_Impressions",16872.0558884601,294126.844652177,0.0282244710292663,2602.89243055024,0.0282244710292663,294126.844652177,0.0282244710292663,2602.89243055024,0.0282244710292663,TRUE,0.743363900415277,0.743363900415277,490276.628318584,55401259,NA,NA,0.745773935730038,0.745773935730038,0.64073142779,0.0478539242012724,-0.129708677608265,-0.597217632396601,0.155163751164425,0.214503304716647,0.322098445623195,0.214503304716647,0.0206562427539237,0,1100172.35174373,0.1944774135,5654727.87225015,1e-04,"1_51_13",1,51,13,763,1,2602.89243055024,584009.949108649,93733.3207900651,0.00530902816941719,0.00530902816941719,188.358390290812,188.358390290813,3,FALSE,0.00614836150170441,0.000208230508885948,0.00308252913534494,0.00922081584551984,0.159353941132525
"24","Facebook_Impressions",20198.6167170626,100264.579559044,0.00962140917253692,887.297164239327,0.00962140917253692,100264.579559044,0.00962140917253692,887.297164239327,0.00962140917253692,TRUE,0.244677122195661,0.244677122195661,161373.82300885,18235242,NA,NA,0.254226064269962,0.254226064269962,0.64073142779,0.0478539242012724,-0.129708677608265,-0.597217632396601,0.155163751164425,0.214503304716647,0.322098445623195,0.214503304716647,0.0206562427539237,0,1100172.35174373,0.1944774135,5654727.87225015,1e-04,"1_51_13",1,51,13,763,1,887.297164239327,161680.547022933,306.724014083748,0.0054983958841371,0.0054983958841371,181.871225912453,181.871225912453,3,FALSE,0.00666154589379305,0.000271917387353167,0.00265856156013475,0.0106742308008493,1.87641829945257e-08
"25","Affiliate_Impressions",0,0,0,0,0,0,0,0,0,TRUE,0.0119589773890613,0.0119589773890613,7887.3982300885,891276,NA,NA,0,0,0.64073142779,0.0478539242012724,-0.129708677608265,-0.597217632396601,0.155163751164425,0.214503304716647,0.322098445623195,0.214503304716647,0.0206562427539237,0,1100172.35174373,0.1944774135,5654727.87225015,1e-04,"1_51_13",1,51,13,763,1,0,9755.70391583361,1868.30568574511,0,0,Inf,Inf,3,FALSE,0,0,0,0,NA
"26","Organic_Views",0,0,0,0,0,0,0,0,0,TRUE,NA,NA,NA,NA,8051.88495575221,8051.88495575221,NA,NA,0.64073142779,0.0478539242012724,-0.129708677608265,-0.597217632396601,0.155163751164425,0.214503304716647,0.322098445623195,0.214503304716647,0.0206562427539237,0,1100172.35174373,0.1944774135,5654727.87225015,1e-04,"1_51_13",1,51,13,763,1,0,9316.58825375512,1264.70329800291,NA,NA,NA,NA,3,FALSE,NA,NA,NA,NA,NA
"27","Email_Impressions",10399.6850154976,381908.693837872,0.0366480348905213,3379.72295431745,0.0366480348905213,381908.693837872,0.0366480348905213,3379.72295431745,0.0366480348905213,TRUE,NA,NA,NA,NA,389433.016085841,389433.016085841,NA,NA,0.64073142779,0.0478539242012724,-0.129708677608265,-0.597217632396601,0.155163751164425,0.214503304716647,0.322098445623195,0.214503304716647,0.0206562427539237,0,1100172.35174373,0.1944774135,5654727.87225015,1e-04,"1_51_13",1,51,13,763,1,3379.72295431745,450116.378500662,60683.3624148211,NA,NA,NA,NA,3,FALSE,NA,NA,NA,NA,0.126144248017072
"28","(Intercept)",77462.0634783761,8753213.1730565,0.841540765878958,77462.0634783761,0.841540765878958,8753213.1730565,0.841540765878958,77462.0634783761,0.841540765878958,TRUE,NA,NA,NA,NA,NA,NA,NA,NA,0.63496218431,0.0323991541319043,-0.134269585433793,-0.628024252204629,0.156417953364339,0.214935869487572,0.325189875783173,0.214935869487572,0.0196095203460303,0,1250390.07347255,0.2210450483,5654727.87225015,1e-04,"1_60_15",1,60,15,900,3,NA,NA,NA,NA,NA,NA,NA,1,FALSE,NA,NA,NA,NA,NA
"29","trend",0.0955009480875331,1143611.52565315,0.109947707217794,10120.4559792314,0.109947707217794,1143611.52565315,0.109947707217794,10120.4559792314,0.109947707217794,TRUE,NA,NA,NA,NA,NA,NA,NA,NA,0.63496218431,0.0323991541319043,-0.134269585433793,-0.628024252204629,0.156417953364339,0.214935869487572,0.325189875783173,0.214935869487572,0.0196095203460303,0,1250390.07347255,0.2210450483,5654727.87225015,1e-04,"1_60_15",1,60,15,900,3,NA,NA,NA,NA,NA,NA,NA,1,FALSE,NA,NA,NA,NA,NA
"30","season",0.0313748304846617,-8958.82721937204,-0.000861308661232457,-79.2816568086021,-0.000861308661232457,-8958.82721937204,-0.000861308661232457,-79.2816568086021,-0.000861308661232457,FALSE,NA,NA,NA,NA,NA,NA,NA,NA,0.63496218431,0.0323991541319043,-0.134269585433793,-0.628024252204629,0.156417953364339,0.214935869487572,0.325189875783173,0.214935869487572,0.0196095203460303,0,1250390.07347255,0.2210450483,5654727.87225015,1e-04,"1_60_15",1,60,15,900,3,NA,NA,NA,NA,NA,NA,NA,1,FALSE,NA,NA,NA,NA,NA
"31","holiday",0,0,0,0,0,0,0,0,0,TRUE,NA,NA,NA,NA,NA,NA,NA,NA,0.63496218431,0.0323991541319043,-0.134269585433793,-0.628024252204629,0.156417953364339,0.214935869487572,0.325189875783173,0.214935869487572,0.0196095203460303,0,1250390.07347255,0.2210450483,5654727.87225015,1e-04,"1_60_15",1,60,15,900,3,NA,NA,NA,NA,NA,NA,NA,1,FALSE,NA,NA,NA,NA,NA
"32","Google_Impressions",13904.145010051,264796.022642449,0.0254576968812034,2343.32763400398,0.0254576968812034,264796.022642449,0.0254576968812034,2343.32763400398,0.0254576968812034,TRUE,0.743363900415277,0.743363900415277,490276.628318584,55401259,NA,NA,0.748401512173804,0.748401512173804,0.63496218431,0.0323991541319043,-0.134269585433793,-0.628024252204629,0.156417953364339,0.214935869487572,0.325189875783173,0.214935869487572,0.0196095203460303,0,1250390.07347255,0.2210450483,5654727.87225015,1e-04,"1_60_15",1,60,15,900,3,2343.32763400398,640956.718653325,150680.090334741,0.00477960298054687,0.00477960298054687,209.222398611355,209.222398611355,1,FALSE,0.00782942360134586,0.00074135540919751,0,0.019703727690251,0.23886647793635
"33","Facebook_Impressions",21727.932774593,89019.4338139707,0.00855839804524735,787.782600123635,0.00855839804524735,89019.4338139707,0.00855839804524735,787.782600123635,0.00855839804524735,TRUE,0.244677122195661,0.244677122195661,161373.82300885,18235242,NA,NA,0.251598487826196,0.251598487826196,0.63496218431,0.0323991541319043,-0.134269585433793,-0.628024252204629,0.156417953364339,0.214935869487572,0.325189875783173,0.214935869487572,0.0196095203460303,0,1250390.07347255,0.2210450483,5654727.87225015,1e-04,"1_60_15",1,60,15,900,3,787.782600123635,164938.737777111,3564.91476826194,0.00488172483885713,0.00488172483885713,204.845629979037,204.845629979037,1,FALSE,0.00891222269670811,0.000954082668229271,0,0.0241936972477182,2.27744754855667e-05
"34","Affiliate_Impressions",0,0,0,0,0,0,0,0,0,TRUE,0.0119589773890613,0.0119589773890613,7887.3982300885,891276,NA,NA,0,0,0.63496218431,0.0323991541319043,-0.134269585433793,-0.628024252204629,0.156417953364339,0.214935869487572,0.325189875783173,0.214935869487572,0.0196095203460303,0,1250390.07347255,0.2210450483,5654727.87225015,1e-04,"1_60_15",1,60,15,900,3,0,8818.66308472248,931.264854633986,0,0,Inf,Inf,1,FALSE,0,0,0,0,NA
"35","Organic_Views",0,0,0,0,0,0,0,0,0,TRUE,NA,NA,NA,NA,8051.88495575221,8051.88495575221,NA,NA,0.63496218431,0.0323991541319043,-0.134269585433793,-0.628024252204629,0.156417953364339,0.214935869487572,0.325189875783173,0.214935869487572,0.0196095203460303,0,1250390.07347255,0.2210450483,5654727.87225015,1e-04,"1_60_15",1,60,15,900,3,0,9170.25035116032,1118.3653954081,NA,NA,NA,NA,1,FALSE,NA,NA,NA,NA,NA
"36","Email_Impressions",6451.10658299412,159731.803732192,0.01535674063803,1413.55578524064,0.01535674063803,159731.803732192,0.01535674063803,1413.55578524064,0.01535674063803,TRUE,NA,NA,NA,NA,389433.016085841,389433.016085841,NA,NA,0.63496218431,0.0323991541319043,-0.134269585433793,-0.628024252204629,0.156417953364339,0.214935869487572,0.325189875783173,0.214935869487572,0.0196095203460303,0,1250390.07347255,0.2210450483,5654727.87225015,1e-04,"1_60_15",1,60,15,900,3,1413.55578524064,442520.131678231,53087.1155923907,NA,NA,NA,NA,1,FALSE,NA,NA,NA,NA,0.00454970287040486
"37","(Intercept)",72470.480693657,8189164.31838324,0.781795266183016,72470.480693657,0.781795266183016,8189164.31838324,0.781795266183016,72470.480693657,0.781795266183016,TRUE,NA,NA,NA,NA,NA,NA,NA,NA,0.63992461508,0.0870317638013541,-0.11769450533226,-0.506278711385885,0.151937967819189,0.213359661211127,0.312794602315784,0.213359661211127,0.0391142072194365,0,872921.334833285,0.1542856042,5654727.87225015,1e-04,"1_63_2",1,63,2,932,1,NA,NA,NA,NA,NA,NA,NA,1,FALSE,NA,NA,NA,NA,NA
"38","trend",0.128349685593505,1536970.9170233,0.146730061880967,13601.5125400292,0.146730061880967,1536970.9170233,0.146730061880967,13601.5125400292,0.146730061880967,TRUE,NA,NA,NA,NA,NA,NA,NA,NA,0.63992461508,0.0870317638013541,-0.11769450533226,-0.506278711385885,0.151937967819189,0.213359661211127,0.312794602315784,0.213359661211127,0.0391142072194365,0,872921.334833285,0.1542856042,5654727.87225015,1e-04,"1_63_2",1,63,2,932,1,NA,NA,NA,NA,NA,NA,NA,1,FALSE,NA,NA,NA,NA,NA
"39","season",0.0435863080754749,-12445.7151527686,-0.00118815556904318,-110.139072148394,-0.00118815556904318,-12445.7151527686,-0.00118815556904318,-110.139072148394,-0.00118815556904318,FALSE,NA,NA,NA,NA,NA,NA,NA,NA,0.63992461508,0.0870317638013541,-0.11769450533226,-0.506278711385885,0.151937967819189,0.213359661211127,0.312794602315784,0.213359661211127,0.0391142072194365,0,872921.334833285,0.1542856042,5654727.87225015,1e-04,"1_63_2",1,63,2,932,1,NA,NA,NA,NA,NA,NA,NA,1,FALSE,NA,NA,NA,NA,NA
"40","holiday",0,0,0,0,0,0,0,0,0,TRUE,NA,NA,NA,NA,NA,NA,NA,NA,0.63992461508,0.0870317638013541,-0.11769450533226,-0.506278711385885,0.151937967819189,0.213359661211127,0.312794602315784,0.213359661211127,0.0391142072194365,0,872921.334833285,0.1542856042,5654727.87225015,1e-04,"1_63_2",1,63,2,932,1,NA,NA,NA,NA,NA,NA,NA,1,FALSE,NA,NA,NA,NA,NA
"41","Google_Impressions",19633.100038568,370801.94997695,0.0353993640758504,3281.43318563673,0.0353993640758504,370801.94997695,0.0353993640758504,3281.43318563673,0.0353993640758504,TRUE,0.743363900415277,0.743363900415277,490276.628318584,55401259,NA,NA,0.73137042374075,0.73137042374075,0.63992461508,0.0870317638013541,-0.11769450533226,-0.506278711385885,0.151937967819189,0.213359661211127,0.312794602315784,0.213359661211127,0.0391142072194365,0,872921.334833285,0.1542856042,5654727.87225015,1e-04,"1_63_2",1,63,2,932,1,3281.43318563673,679701.431359304,189424.80304072,0.0066930238891674,0.0066930238891674,149.4092978838,149.4092978838,1,FALSE,0.00782942360134586,0.00074135540919751,0,0.019703727690251,0.311937117306188
"42","Facebook_Impressions",20799.3863070758,136194.146584358,0.0130020518506958,1205.25793437485,0.0130020518506958,136194.146584358,0.0130020518506958,1205.25793437485,0.0130020518506958,TRUE,0.244677122195661,0.244677122195661,161373.82300885,18235242,NA,NA,0.26862957625925,0.26862957625925,0.63992461508,0.0870317638013541,-0.11769450533226,-0.506278711385885,0.151937967819189,0.213359661211127,0.312794602315784,0.213359661211127,0.0391142072194365,0,872921.334833285,0.1542856042,5654727.87225015,1e-04,"1_63_2",1,63,2,932,1,1205.25793437485,168610.260262441,7236.43725359173,0.00746873261042316,0.00746873261042315,133.891525130305,133.891525130305,1,FALSE,0.00891222269670811,0.000954082668229271,0,0.0241936972477182,0.000266308817514374
"43","Affiliate_Impressions",0,0,0,0,0,0,0,0,0,TRUE,0.0119589773890613,0.0119589773890613,7887.3982300885,891276,NA,NA,0,0,0.63992461508,0.0870317638013541,-0.11769450533226,-0.506278711385885,0.151937967819189,0.213359661211127,0.312794602315784,0.213359661211127,0.0391142072194365,0,872921.334833285,0.1542856042,5654727.87225015,1e-04,"1_63_2",1,63,2,932,1,0,9255.53430569052,1368.13607560202,0,0,Inf,Inf,1,FALSE,0,0,0,0,NA
"44","Organic_Views",0,0,0,0,0,0,0,0,0,TRUE,NA,NA,NA,NA,8051.88495575221,8051.88495575221,NA,NA,0.63992461508,0.0870317638013541,-0.11769450533226,-0.506278711385885,0.151937967819189,0.213359661211127,0.312794602315784,0.213359661211127,0.0391142072194365,0,872921.334833285,0.1542856042,5654727.87225015,1e-04,"1_63_2",1,63,2,932,1,0,8867.24649098626,815.361535234051,NA,NA,NA,NA,1,FALSE,NA,NA,NA,NA,NA
"45","Email_Impressions",8585.41162785465,254133.907694785,0.0242614115785137,2248.97263446712,0.0242614115785137,254133.907694785,0.0242614115785137,2248.97263446712,0.0242614115785137,TRUE,NA,NA,NA,NA,389433.016085841,389433.016085841,NA,NA,0.63992461508,0.0870317638013541,-0.11769450533226,-0.506278711385885,0.151937967819189,0.213359661211127,0.312794602315784,0.213359661211127,0.0391142072194365,0,872921.334833285,0.1542856042,5654727.87225015,1e-04,"1_63_2",1,63,2,932,1,2248.97263446712,438449.932766814,49016.9166809729,NA,NA,NA,NA,1,FALSE,NA,NA,NA,NA,0.00912930810528633
"46","(Intercept)",37969.5244217606,4290556.25965895,0.380483640719754,37969.5244217606,0.380531390879882,4290556.25965895,0.380483640719754,37969.5244217606,0.380531390879882,TRUE,NA,NA,NA,NA,NA,NA,NA,NA,0.64043021132,0.772952472812702,0.0337155233083529,0.59139948468913,0.0757699267809133,0.198382453203849,0.162913110619192,0.198382453203849,0.0947028208436889,0,51426.1719652223,0.008995266776,5654727.87225015,1e-04,"1_64_1",1,64,1,946,2,NA,NA,NA,NA,NA,NA,NA,1,FALSE,NA,NA,NA,NA,NA
"47","trend",0.202868510536183,2429324.22648432,0.215430836992434,21498.4444821621,0.215457873258549,2429324.22648432,0.215430836992434,21498.4444821621,0.215457873258549,TRUE,NA,NA,NA,NA,NA,NA,NA,NA,0.64043021132,0.772952472812702,0.0337155233083529,0.59139948468913,0.0757699267809133,0.198382453203849,0.162913110619192,0.198382453203849,0.0947028208436889,0,51426.1719652223,0.008995266776,5654727.87225015,1e-04,"1_64_1",1,64,1,946,2,NA,NA,NA,NA,NA,NA,NA,1,FALSE,NA,NA,NA,NA,NA
"48","season",0.298936125537487,-85358.7750738004,-0.00756955871032905,-755.387390033632,-0.00757050867926814,-85358.7750738004,-0.00756955871032905,-755.387390033632,-0.00757050867926814,FALSE,NA,NA,NA,NA,NA,NA,NA,NA,0.64043021132,0.772952472812702,0.0337155233083529,0.59139948468913,0.0757699267809133,0.198382453203849,0.162913110619192,0.198382453203849,0.0947028208436889,0,51426.1719652223,0.008995266776,5654727.87225015,1e-04,"1_64_1",1,64,1,946,2,NA,NA,NA,NA,NA,NA,NA,1,FALSE,NA,NA,NA,NA,NA
"49","holiday",0.0209825058673685,-342.092257291292,-3.03365110813338e-05,-15.5496480586951,-0.0001558389074812,-342.092257291292,-3.03365110813338e-05,-15.5496480586951,-0.0001558389074812,FALSE,NA,NA,NA,NA,NA,NA,NA,NA,0.64043021132,0.772952472812702,0.0337155233083529,0.59139948468913,0.0757699267809133,0.198382453203849,0.162913110619192,0.198382453203849,0.0947028208436889,0,51426.1719652223,0.008995266776,5654727.87225015,1e-04,"1_64_1",1,64,1,946,2,NA,NA,NA,NA,NA,NA,NA,1,FALSE,NA,NA,NA,NA,NA
"50","Google_Impressions",121309.434682827,2038441.93536911,0.180767658556868,18039.3091625585,0.180790344642992,2038441.93536911,0.180767658556868,18039.3091625585,0.180790344642992,TRUE,0.743363900415277,0.743363900415277,490276.628318584,55401259,NA,NA,0.700199084023551,0.700199084023551,0.64043021132,0.772952472812702,0.0337155233083529,0.59139948468913,0.0757699267809133,0.198382453203849,0.162913110619192,0.198382453203849,0.0947028208436889,0,51426.1719652223,0.008995266776,5654727.87225015,1e-04,"1_64_1",1,64,1,946,2,18039.3091625585,651869.212494963,161592.584176379,0.0367941446126542,0.0367941446126542,27.1782374757554,27.1782374757554,1,FALSE,0.00782942360134586,0.00074135540919751,0,0.019703727690251,0.246859822983932
"51","Facebook_Impressions",54744.541208566,872790.00120473,0.0773984297477948,7723.80532039584,0.0774081431415353,872790.00120473,0.0773984297477948,7723.80532039584,0.0774081431415353,TRUE,0.244677122195661,0.244677122195661,161373.82300885,18235242,NA,NA,0.299800915976449,0.299800915976449,0.64043021132,0.772952472812702,0.0337155233083529,0.59139948468913,0.0757699267809133,0.198382453203849,0.162913110619192,0.198382453203849,0.0947028208436889,0,51426.1719652223,0.008995266776,5654727.87225015,1e-04,"1_64_1",1,64,1,946,2,7723.80532039584,174325.829192996,12952.0061841466,0.0478628142804318,0.0478628142804318,20.8930464084482,20.8930464084482,1,FALSE,0.00891222269670811,0.000954082668229271,0,0.0241936972477182,0.00391851088074109
"52","Affiliate_Impressions",0,0,0,0,0,0,0,0,0,TRUE,0.0119589773890613,0.0119589773890613,7887.3982300885,891276,NA,NA,0,0,0.64043021132,0.772952472812702,0.0337155233083529,0.59139948468913,0.0757699267809133,0.198382453203849,0.162913110619192,0.198382453203849,0.0947028208436889,0,51426.1719652223,0.008995266776,5654727.87225015,1e-04,"1_64_1",1,64,1,946,2,0,9052.89247008131,1165.49423999282,0,0,Inf,Inf,1,FALSE,0,0,0,0,NA
"53","Organic_Views",0,0,0,0,0,0,0,0,0,TRUE,NA,NA,NA,NA,8051.88495575221,8051.88495575221,NA,NA,0.64043021132,0.772952472812702,0.0337155233083529,0.59139948468913,0.0757699267809133,0.198382453203849,0.162913110619192,0.198382453203849,0.0947028208436889,0,51426.1719652223,0.008995266776,5654727.87225015,1e-04,"1_64_1",1,64,1,946,2,0,8300.85888441023,248.973928658021,NA,NA,NA,NA,1,FALSE,NA,NA,NA,NA,NA
"54","Email_Impressions",75424.3719538082,1731173.82300917,0.15351932920456,15320.1223275148,0.153538595663791,1731173.82300917,0.15351932920456,15320.1223275148,0.153538595663791,TRUE,NA,NA,NA,NA,389433.016085841,389433.016085841,NA,NA,0.64043021132,0.772952472812702,0.0337155233083529,0.59139948468913,0.0757699267809133,0.198382453203849,0.162913110619192,0.198382453203849,0.0947028208436889,0,51426.1719652223,0.008995266776,5654727.87225015,1e-04,"1_64_1",1,64,1,946,2,15320.1223275148,452182.372453052,62749.3563672117,NA,NA,NA,NA,1,FALSE,NA,NA,NA,NA,0.031433690898544
"55","(Intercept)",36549.7379396084,4130120.38717575,0.366530037250456,36549.7379396084,0.366556425250809,4130120.38717575,0.366530037250456,36549.7379396084,0.366556425250809,TRUE,NA,NA,NA,NA,NA,NA,NA,NA,0.64248823136,0.764318268536144,0.0183818234783799,0.585169502950898,0.0771971806334438,0.199950295780656,0.164150390225567,0.199950295780656,0.109066279450782,0,51426.1719652223,0.008995266776,5654727.87225015,1e-04,"1_66_1",1,66,1,976,3,NA,NA,NA,NA,NA,NA,NA,1,FALSE,NA,NA,NA,NA,NA
"56","trend",0.210311800824281,2518456.66687066,0.223501963474965,22287.2271404483,0.223518054297795,2518456.66687066,0.223501963474965,22287.2271404483,0.223518054297795,TRUE,NA,NA,NA,NA,NA,NA,NA,NA,0.64248823136,0.764318268536144,0.0183818234783799,0.585169502950898,0.0771971806334438,0.199950295780656,0.164150390225567,0.199950295780656,0.109066279450782,0,51426.1719652223,0.008995266776,5654727.87225015,1e-04,"1_66_1",1,66,1,976,3,NA,NA,NA,NA,NA,NA,NA,1,FALSE,NA,NA,NA,NA,NA
"57","season",0.306793885679103,-87602.4944613655,-0.00777433647160921,-775.243313817394,-0.00777489617797079,-87602.4944613655,-0.00777433647160921,-775.243313817394,-0.00777489617797079,FALSE,NA,NA,NA,NA,NA,NA,NA,NA,0.64248823136,0.764318268536144,0.0183818234783799,0.585169502950898,0.0771971806334438,0.199950295780656,0.164150390225567,0.199950295780656,0.109066279450782,0,51426.1719652223,0.008995266776,5654727.87225015,1e-04,"1_66_1",1,66,1,976,3,NA,NA,NA,NA,NA,NA,NA,1,FALSE,NA,NA,NA,NA,NA
"58","holiday",0.0120285750322469,-196.110150560158,-1.7403914184487e-05,-8.91409775273444,-8.93992677041234e-05,-196.110150560158,-1.7403914184487e-05,-8.91409775273444,-8.93992677041234e-05,FALSE,NA,NA,NA,NA,NA,NA,NA,NA,0.64248823136,0.764318268536144,0.0183818234783799,0.585169502950898,0.0771971806334438,0.199950295780656,0.164150390225567,0.199950295780656,0.109066279450782,0,51426.1719652223,0.008995266776,5654727.87225015,1e-04,"1_66_1",1,66,1,976,3,NA,NA,NA,NA,NA,NA,NA,1,FALSE,NA,NA,NA,NA,NA
"59","Google_Impressions",97528.237138786,2021445.05603586,0.179394366805668,17888.8943012023,0.179407282141748,2021445.05603586,0.179394366805668,17888.8943012023,0.179407282141748,TRUE,0.743363900415277,0.743363900415277,490276.628318584,55401259,NA,NA,0.692437032793456,0.692437032793456,0.64248823136,0.764318268536144,0.0183818234783799,0.585169502950898,0.0771971806334438,0.199950295780656,0.164150390225567,0.199950295780656,0.109066279450782,0,51426.1719652223,0.008995266776,5654727.87225015,1e-04,"1_66_1",1,66,1,976,3,17888.8943012023,601690.748136897,111414.119818313,0.0364873487087335,0.0364873487087335,27.4067597506925,27.4067597506925,1,FALSE,0.00782942360134586,0.00074135540919751,0,0.019703727690251,0.21616949719263
"60","Facebook_Impressions",56317.9392615323,897874.622579346,0.0796824276314352,7945.7931201712,0.0796881642961414,897874.622579346,0.0796824276314352,7945.7931201712,0.0796881642961414,TRUE,0.244677122195661,0.244677122195661,161373.82300885,18235242,NA,NA,0.307562967206544,0.307562967206544,0.64248823136,0.764318268536144,0.0183818234783799,0.585169502950898,0.0771971806334438,0.199950295780656,0.164150390225567,0.199950295780656,0.109066279450782,0,51426.1719652223,0.008995266776,5654727.87225015,1e-04,"1_66_1",1,66,1,976,3,7945.7931201712,174325.829192996,12952.0061841466,0.0492384264809508,0.0492384264809508,20.3093411278461,20.3093411278461,1,FALSE,0.00891222269670811,0.000954082668229271,0,0.0241936972477182,0.00391851088074109
"61","Affiliate_Impressions",0,0,0,0,0,0,0,0,0,TRUE,0.0119589773890613,0.0119589773890613,7887.3982300885,891276,NA,NA,0,0,0.64248823136,0.764318268536144,0.0183818234783799,0.585169502950898,0.0771971806334438,0.199950295780656,0.164150390225567,0.199950295780656,0.109066279450782,0,51426.1719652223,0.008995266776,5654727.87225015,1e-04,"1_66_1",1,66,1,976,3,0,9052.89247008131,1165.49423999282,0,0,Inf,Inf,1,FALSE,0,0,0,0,NA
"62","Organic_Views",0,0,0,0,0,0,0,0,0,TRUE,NA,NA,NA,NA,8051.88495575221,8051.88495575221,NA,NA,0.64248823136,0.764318268536144,0.0183818234783799,0.585169502950898,0.0771971806334438,0.199950295780656,0.164150390225567,0.199950295780656,0.109066279450782,0,51426.1719652223,0.008995266776,5654727.87225015,1e-04,"1_66_1",1,66,1,976,3,0,8486.77712467716,434.892168924949,NA,NA,NA,NA,1,FALSE,NA,NA,NA,NA,NA
"63","Email_Impressions",77903.0423480485,1788065.37134059,0.158682945223269,15823.5873569963,0.158694369459182,1788065.37134059,0.158682945223269,15823.5873569963,0.158694369459182,TRUE,NA,NA,NA,NA,389433.016085841,389433.016085841,NA,NA,0.64248823136,0.764318268536144,0.0183818234783799,0.585169502950898,0.0771971806334438,0.199950295780656,0.164150390225567,0.199950295780656,0.109066279450782,0,51426.1719652223,0.008995266776,5654727.87225015,1e-04,"1_66_1",1,66,1,976,3,15823.5873569963,452182.372453052,62749.3563672117,NA,NA,NA,NA,1,FALSE,NA,NA,NA,NA,0.031433690898544
"64","(Intercept)",72708.1381463164,8216019.61053375,0.784578120058801,72708.1381463164,0.784578120058801,8216019.61053375,0.784578120058801,72708.1381463164,0.784578120058801,TRUE,NA,NA,NA,NA,NA,NA,NA,NA,0.63485631032,0.0839596477183732,-0.115323609020079,-0.510291985811224,0.152193386927425,0.213133247743299,0.313211024428145,0.213133247743299,0.0462825302218171,0,889399.766361574,0.1571999937,5654727.87225015,1e-04,"1_67_14",1,67,14,1004,3,NA,NA,NA,NA,NA,NA,NA,1,FALSE,NA,NA,NA,NA,NA
"65","trend",0.126762185883246,1517960.8129146,0.144955695990859,13433.2815302177,0.144955695990859,1517960.8129146,0.144955695990859,13433.2815302177,0.144955695990859,TRUE,NA,NA,NA,NA,NA,NA,NA,NA,0.63485631032,0.0839596477183732,-0.115323609020079,-0.510291985811224,0.152193386927425,0.213133247743299,0.313211024428145,0.213133247743299,0.0462825302218171,0,889399.766361574,0.1571999937,5654727.87225015,1e-04,"1_67_14",1,67,14,1004,3,NA,NA,NA,NA,NA,NA,NA,1,FALSE,NA,NA,NA,NA,NA
"66","season",0.0428493605804475,-12235.2857998219,-0.0011683927237587,-108.276865485149,-0.0011683927237587,-12235.2857998219,-0.0011683927237587,-108.276865485149,-0.0011683927237587,FALSE,NA,NA,NA,NA,NA,NA,NA,NA,0.63485631032,0.0839596477183732,-0.115323609020079,-0.510291985811224,0.152193386927425,0.213133247743299,0.313211024428145,0.213133247743299,0.0462825302218171,0,889399.766361574,0.1571999937,5654727.87225015,1e-04,"1_67_14",1,67,14,1004,3,NA,NA,NA,NA,NA,NA,NA,1,FALSE,NA,NA,NA,NA,NA
"67","holiday",0,0,0,0,0,0,0,0,0,TRUE,NA,NA,NA,NA,NA,NA,NA,NA,0.63485631032,0.0839596477183732,-0.115323609020079,-0.510291985811224,0.152193386927425,0.213133247743299,0.313211024428145,0.213133247743299,0.0462825302218171,0,889399.766361574,0.1571999937,5654727.87225015,1e-04,"1_67_14",1,67,14,1004,3,NA,NA,NA,NA,NA,NA,NA,1,FALSE,NA,NA,NA,NA,NA
"68","Google_Impressions",16735.9356284577,361790.709563725,0.0345487338419104,3201.6876952542,0.0345487338419104,361790.709563725,0.0345487338419104,3201.6876952542,0.0345487338419104,TRUE,0.743363900415277,0.743363900415277,490276.628318584,55401259,NA,NA,0.727090410328171,0.727090410328171,0.63485631032,0.0839596477183732,-0.115323609020079,-0.510291985811224,0.152193386927425,0.213133247743299,0.313211024428145,0.213133247743299,0.0462825302218171,0,889399.766361574,0.1571999937,5654727.87225015,1e-04,"1_67_14",1,67,14,1004,3,3201.6876952542,636559.545425059,146282.917106475,0.00653036981639217,0.00653036981639217,153.130684496589,153.130684496589,1,FALSE,0.00782942360134586,0.00074135540919751,0,0.019703727690251,0.265412293743751
"69","Facebook_Impressions",20919.5383157512,135796.254071831,0.0129676868826001,1201.73676169762,0.0129676868826001,135796.254071831,0.0129676868826001,1201.73676169762,0.0129676868826001,TRUE,0.244677122195661,0.244677122195661,161373.82300885,18235242,NA,NA,0.272909589671828,0.272909589671828,0.63485631032,0.0839596477183732,-0.115323609020079,-0.510291985811224,0.152193386927425,0.213133247743299,0.313211024428145,0.213133247743299,0.0462825302218171,0,889399.766361574,0.1571999937,5654727.87225015,1e-04,"1_67_14",1,67,14,1004,3,1201.73676169762,172235.787000452,10861.9639916026,0.00744691263608295,0.00744691263608295,134.28383665395,134.28383665395,1,FALSE,0.00891222269670811,0.000954082668229271,0,0.0241936972477182,0.000788820005870899
"70","Affiliate_Impressions",0,0,0,0,0,0,0,0,0,TRUE,0.0119589773890613,0.0119589773890613,7887.3982300885,891276,NA,NA,0,0,0.63485631032,0.0839596477183732,-0.115323609020079,-0.510291985811224,0.152193386927425,0.213133247743299,0.313211024428145,0.213133247743299,0.0462825302218171,0,889399.766361574,0.1571999937,5654727.87225015,1e-04,"1_67_14",1,67,14,1004,3,0,10903.1355211787,3015.7372910902,0,0,Inf,Inf,1,FALSE,0,0,0,0,NA
"71","Organic_Views",0,0,0,0,0,0,0,0,0,TRUE,NA,NA,NA,NA,8051.88495575221,8051.88495575221,NA,NA,0.63485631032,0.0839596477183732,-0.115323609020079,-0.510291985811224,0.152193386927425,0.213133247743299,0.313211024428145,0.213133247743299,0.0462825302218171,0,889399.766361574,0.1571999937,5654727.87225015,1e-04,"1_67_14",1,67,14,1004,3,0,9125.31210919422,1073.42715344201,NA,NA,NA,NA,1,FALSE,NA,NA,NA,NA,NA
"72","Email_Impressions",12203.8883266522,252562.794176417,0.0241181559495886,2235.06897501254,0.0241181559495886,252562.794176417,0.0241181559495886,2235.06897501254,0.0241181559495886,TRUE,NA,NA,NA,NA,389433.016085841,389433.016085841,NA,NA,0.63485631032,0.0839596477183732,-0.115323609020079,-0.510291985811224,0.152193386927425,0.213133247743299,0.313211024428145,0.213133247743299,0.0462825302218171,0,889399.766361574,0.1571999937,5654727.87225015,1e-04,"1_67_14",1,67,14,1004,3,2235.06897501254,493852.745779549,104419.729693708,NA,NA,NA,NA,1,FALSE,NA,NA,NA,NA,0.0325416743146335
"73","(Intercept)",73121.2361889082,8262699.68934662,0.788760534729141,73121.2361889082,0.788760534729141,8262699.68934662,0.788760534729141,73121.2361889082,0.788760534729141,TRUE,NA,NA,NA,NA,NA,NA,NA,NA,0.63485631032,0.0892475636445077,-0.119573057952314,-0.502887508103131,0.151753476928093,0.213538886874725,0.312442294411328,0.213538886874725,0.0352890637117014,0,889399.766361574,0.1571999937,5654727.87225015,1e-04,"1_77_14",1,77,14,1154,2,NA,NA,NA,NA,NA,NA,NA,1,FALSE,NA,NA,NA,NA,NA
"74","trend",0.126949315995685,1520201.67185545,0.145119044461322,13453.1121403138,0.145119044461322,1520201.67185545,0.145119044461322,13453.1121403138,0.145119044461322,TRUE,NA,NA,NA,NA,NA,NA,NA,NA,0.63485631032,0.0892475636445077,-0.119573057952314,-0.502887508103131,0.151753476928093,0.213538886874725,0.312442294411328,0.213538886874725,0.0352890637117014,0,889399.766361574,0.1571999937,5654727.87225015,1e-04,"1_77_14",1,77,14,1154,2,NA,NA,NA,NA,NA,NA,NA,1,FALSE,NA,NA,NA,NA,NA
"75","season",0.0427179290246601,-12197.7565899016,-0.00116440260109556,-107.9447485832,-0.00116440260109556,-12197.7565899016,-0.00116440260109556,-107.9447485832,-0.00116440260109556,FALSE,NA,NA,NA,NA,NA,NA,NA,NA,0.63485631032,0.0892475636445077,-0.119573057952314,-0.502887508103131,0.151753476928093,0.213538886874725,0.312442294411328,0.213538886874725,0.0352890637117014,0,889399.766361574,0.1571999937,5654727.87225015,1e-04,"1_77_14",1,77,14,1154,2,NA,NA,NA,NA,NA,NA,NA,1,FALSE,NA,NA,NA,NA,NA
"76","holiday",0,0,0,0,0,0,0,0,0,TRUE,NA,NA,NA,NA,NA,NA,NA,NA,0.63485631032,0.0892475636445077,-0.119573057952314,-0.502887508103131,0.151753476928093,0.213538886874725,0.312442294411328,0.213538886874725,0.0352890637117014,0,889399.766361574,0.1571999937,5654727.87225015,1e-04,"1_77_14",1,77,14,1154,2,NA,NA,NA,NA,NA,NA,NA,1,FALSE,NA,NA,NA,NA,NA
"77","Google_Impressions",20185.7158043009,362311.410501287,0.0345863885448876,3206.29566815298,0.0345863885448876,362311.410501287,0.0345863885448876,3206.29566815298,0.0345863885448876,TRUE,0.743363900415277,0.743363900415277,490276.628318584,55401259,NA,NA,0.733755482344639,0.733755482344639,0.63485631032,0.0892475636445077,-0.119573057952314,-0.502887508103131,0.151753476928093,0.213538886874725,0.312442294411328,0.213538886874725,0.0352890637117014,0,889399.766361574,0.1571999937,5654727.87225015,1e-04,"1_77_14",1,77,14,1154,2,3206.29566815298,656626.78744641,166350.159127826,0.00653976853669132,0.00653976853669132,152.910610580406,152.910610580406,1,FALSE,0.00782942360134586,0.00074135540919751,0,0.019703727690251,0.275216331884598
"78","Facebook_Impressions",20917.0953095793,131465.357399047,0.0125497342877083,1163.41024246945,0.0125497342877083,131465.357399047,0.0125497342877083,1163.41024246945,0.0125497342877083,TRUE,0.244677122195661,0.244677122195661,161373.82300885,18235242,NA,NA,0.266244517655361,0.266244517655361,0.63485631032,0.0892475636445077,-0.119573057952314,-0.502887508103131,0.151753476928093,0.213538886874725,0.312442294411328,0.213538886874725,0.0352890637117014,0,889399.766361574,0.1571999937,5654727.87225015,1e-04,"1_77_14",1,77,14,1154,2,1163.41024246945,169577.429741316,8203.60673246663,0.00720941117200678,0.00720941117200678,138.707583204974,138.707583204974,1,FALSE,0.00891222269670811,0.000954082668229271,0,0.0241936972477182,0.000326208766587856
"79","Affiliate_Impressions",0,0,0,0,0,0,0,0,0,TRUE,0.0119589773890613,0.0119589773890613,7887.3982300885,891276,NA,NA,0,0,0.63485631032,0.0892475636445077,-0.119573057952314,-0.502887508103131,0.151753476928093,0.213538886874725,0.312442294411328,0.213538886874725,0.0352890637117014,0,889399.766361574,0.1571999937,5654727.87225015,1e-04,"1_77_14",1,77,14,1154,2,0,10903.1355211787,3015.7372910902,0,0,Inf,Inf,1,FALSE,0,0,0,0,NA
"80","Organic_Views",0,0,0,0,0,0,0,0,0,TRUE,NA,NA,NA,NA,8051.88495575221,8051.88495575221,NA,NA,0.63485631032,0.0892475636445077,-0.119573057952314,-0.502887508103131,0.151753476928093,0.213538886874725,0.312442294411328,0.213538886874725,0.0352890637117014,0,889399.766361574,0.1571999937,5654727.87225015,1e-04,"1_77_14",1,77,14,1154,2,0,8891.06485519383,839.179899441614,NA,NA,NA,NA,1,FALSE,NA,NA,NA,NA,NA
"81","Email_Impressions",14718.0038390251,211068.701686566,0.0201487005780366,1867.86461669527,0.0201487005780366,211068.701686566,0.0201487005780366,1867.86461669527,0.0201487005780366,TRUE,NA,NA,NA,NA,389433.016085841,389433.016085841,NA,NA,0.63485631032,0.0892475636445077,-0.119573057952314,-0.502887508103131,0.151753476928093,0.213538886874725,0.312442294411328,0.213538886874725,0.0352890637117014,0,889399.766361574,0.1571999937,5654727.87225015,1e-04,"1_77_14",1,77,14,1154,2,1867.86461669527,462545.848701049,73112.8326152086,NA,NA,NA,NA,1,FALSE,NA,NA,NA,NA,0.00746660042605945
"82","(Intercept)",72729.0933810551,8218387.55205923,0.784887206892527,72729.0933810551,0.784887206892527,8218387.55205923,0.784887206892527,72729.0933810551,0.784887206892527,TRUE,NA,NA,NA,NA,NA,NA,NA,NA,0.63485631032,0.0845756197418491,-0.118642666402588,-0.511270654747529,0.152142208705255,0.213450140514009,0.313312488337525,0.213450140514009,0.0354213341071199,0,889399.766361574,0.1571999937,5654727.87225015,1e-04,"1_79_14",1,79,14,1184,2,NA,NA,NA,NA,NA,NA,NA,1,FALSE,NA,NA,NA,NA,NA
"83","trend",0.126571768623363,1515680.59080742,0.144753249700663,13413.102573517,0.144753249700663,1515680.59080742,0.144753249700663,13413.102573517,0.144753249700663,TRUE,NA,NA,NA,NA,NA,NA,NA,NA,0.63485631032,0.0845756197418491,-0.118642666402588,-0.511270654747529,0.152142208705255,0.213450140514009,0.313312488337525,0.213450140514009,0.0354213341071199,0,889399.766361574,0.1571999937,5654727.87225015,1e-04,"1_79_14",1,79,14,1184,2,NA,NA,NA,NA,NA,NA,NA,1,FALSE,NA,NA,NA,NA,NA
"84","season",0.0428417292833271,-12233.1067451049,-0.00116830812905358,-108.257581815088,-0.00116830812905358,-12233.1067451049,-0.00116830812905358,-108.257581815088,-0.00116830812905358,FALSE,NA,NA,NA,NA,NA,NA,NA,NA,0.63485631032,0.0845756197418491,-0.118642666402588,-0.511270654747529,0.152142208705255,0.213450140514009,0.313312488337525,0.213450140514009,0.0354213341071199,0,889399.766361574,0.1571999937,5654727.87225015,1e-04,"1_79_14",1,79,14,1184,2,NA,NA,NA,NA,NA,NA,NA,1,FALSE,NA,NA,NA,NA,NA
"85","holiday",0,0,0,0,0,0,0,0,0,TRUE,NA,NA,NA,NA,NA,NA,NA,NA,0.63485631032,0.0845756197418491,-0.118642666402588,-0.511270654747529,0.152142208705255,0.213450140514009,0.313312488337525,0.213450140514009,0.0354213341071199,0,889399.766361574,0.1571999937,5654727.87225015,1e-04,"1_79_14",1,79,14,1184,2,NA,NA,NA,NA,NA,NA,NA,1,FALSE,NA,NA,NA,NA,NA
"86","Google_Impressions",20213.5146039227,362810.368397994,0.0346497673515285,3210.711224761,0.0346497673515285,362810.368397994,0.0346497673515285,3210.711224761,0.0346497673515285,TRUE,0.743363900415277,0.743363900415277,490276.628318584,55401259,NA,NA,0.733671333141517,0.733671333141517,0.63485631032,0.0845756197418491,-0.118642666402588,-0.511270654747529,0.152142208705255,0.213450140514009,0.313312488337525,0.213450140514009,0.0354213341071199,0,889399.766361574,0.1571999937,5654727.87225015,1e-04,"1_79_14",1,79,14,1184,2,3210.711224761,656626.78744641,166350.159127826,0.00654877479224784,0.00654877479224784,152.700319025134,152.700319025134,1,FALSE,0.00782942360134586,0.00074135540919751,0,0.019703727690251,0.275216331884598
"87","Facebook_Impressions",20954.924659902,131703.117421973,0.012578147637546,1165.51431346879,0.012578147637546,131703.117421973,0.012578147637546,1165.51431346879,0.012578147637546,TRUE,0.244677122195661,0.244677122195661,161373.82300885,18235242,NA,NA,0.266328666858483,0.266328666858483,0.63485631032,0.0845756197418491,-0.118642666402588,-0.511270654747529,0.152142208705255,0.213450140514009,0.313312488337525,0.213450140514009,0.0354213341071199,0,889399.766361574,0.1571999937,5654727.87225015,1e-04,"1_79_14",1,79,14,1184,2,1165.51431346879,169577.429741316,8203.60673246663,0.00722244966214176,0.00722244966214176,138.457178212227,138.457178212227,1,FALSE,0.00891222269670811,0.000954082668229271,0,0.0241936972477182,0.000326208766587855
"88","Affiliate_Impressions",0,0,0,0,0,0,0,0,0,TRUE,0.0119589773890613,0.0119589773890613,7887.3982300885,891276,NA,NA,0,0,0.63485631032,0.0845756197418491,-0.118642666402588,-0.511270654747529,0.152142208705255,0.213450140514009,0.313312488337525,0.213450140514009,0.0354213341071199,0,889399.766361574,0.1571999937,5654727.87225015,1e-04,"1_79_14",1,79,14,1184,2,0,10599.8120042754,2712.41377418688,0,0,Inf,Inf,1,FALSE,0,0,0,0,NA
"89","Organic_Views",0,0,0,0,0,0,0,0,0,TRUE,NA,NA,NA,NA,8051.88495575221,8051.88495575221,NA,NA,0.63485631032,0.0845756197418491,-0.118642666402588,-0.511270654747529,0.152142208705255,0.213450140514009,0.313312488337525,0.213450140514009,0.0354213341071199,0,889399.766361574,0.1571999937,5654727.87225015,1e-04,"1_79_14",1,79,14,1184,2,0,8891.06485519383,839.179899441614,NA,NA,NA,NA,1,FALSE,NA,NA,NA,NA,NA
"90","Email_Impressions",8302.9136501345,254439.484142726,0.024299936546789,2251.67685082059,0.024299936546789,254439.484142726,0.024299936546789,2251.67685082059,0.024299936546789,TRUE,NA,NA,NA,NA,389433.016085841,389433.016085841,NA,NA,0.63485631032,0.0845756197418491,-0.118642666402588,-0.511270654747529,0.152142208705255,0.213450140514009,0.313312488337525,0.213450140514009,0.0354213341071199,0,889399.766361574,0.1571999937,5654727.87225015,1e-04,"1_79_14",1,79,14,1184,2,2251.67685082059,445920.628890672,56487.6128048317,NA,NA,NA,NA,1,FALSE,NA,NA,NA,NA,0.0126549929075407
"91","(Intercept)",74984.8900741036,8473292.5783737,0.812885227398454,74984.8900741036,0.812885227398454,8473292.5783737,0.812885227398454,74984.8900741036,0.812885227398454,TRUE,NA,NA,NA,NA,NA,NA,NA,NA,0.634538852,0.0472850049724077,-0.119219231349011,-0.590657979350752,0.155210100386142,0.213505141104841,0.32143634804601,0.213505141104841,0.0384467285923148,0,1104826.55007912,0.195300559,5654727.87225015,1e-04,"1_81_14",1,81,14,1214,3,NA,NA,NA,NA,NA,NA,NA,1,FALSE,NA,NA,NA,NA,NA
"92","trend",0.105812320947317,1267088.88461033,0.12155815777321,11213.1759700029,0.12155815777321,1267088.88461033,0.12155815777321,11213.1759700029,0.12155815777321,TRUE,NA,NA,NA,NA,NA,NA,NA,NA,0.634538852,0.0472850049724077,-0.119219231349011,-0.590657979350752,0.155210100386142,0.213505141104841,0.32143634804601,0.213505141104841,0.0384467285923148,0,1104826.55007912,0.195300559,5654727.87225015,1e-04,"1_81_14",1,81,14,1214,3,NA,NA,NA,NA,NA,NA,NA,1,FALSE,NA,NA,NA,NA,NA
"93","season",0.0352258217693957,-10058.4464048878,-0.000964956941765571,-89.012800043255,-0.000964956941765571,-10058.4464048878,-0.000964956941765571,-89.012800043255,-0.000964956941765571,FALSE,NA,NA,NA,NA,NA,NA,NA,NA,0.634538852,0.0472850049724077,-0.119219231349011,-0.590657979350752,0.155210100386142,0.213505141104841,0.32143634804601,0.213505141104841,0.0384467285923148,0,1104826.55007912,0.195300559,5654727.87225015,1e-04,"1_81_14",1,81,14,1214,3,NA,NA,NA,NA,NA,NA,NA,1,FALSE,NA,NA,NA,NA,NA
"94","holiday",0,0,0,0,0,0,0,0,0,TRUE,NA,NA,NA,NA,NA,NA,NA,NA,0.634538852,0.0472850049724077,-0.119219231349011,-0.590657979350752,0.155210100386142,0.213505141104841,0.32143634804601,0.213505141104841,0.0384467285923148,0,1104826.55007912,0.195300559,5654727.87225015,1e-04,"1_81_14",1,81,14,1214,3,NA,NA,NA,NA,NA,NA,NA,1,FALSE,NA,NA,NA,NA,NA
"95","Google_Impressions",16785.6843263413,296358.534125588,0.0284311526099089,2622.64189491671,0.0284311526099089,296358.534125588,0.0284311526099089,2622.64189491671,0.0284311526099089,TRUE,0.743363900415277,0.743363900415277,490276.628318584,55401259,NA,NA,0.731780157727839,0.731780157727839,0.634538852,0.0472850049724077,-0.119219231349011,-0.590657979350752,0.155210100386142,0.213505141104841,0.32143634804601,0.213505141104841,0.0384467285923148,0,1104826.55007912,0.195300559,5654727.87225015,1e-04,"1_81_14",1,81,14,1214,3,2622.64189491671,607561.416367023,117284.788048439,0.00534931045746791,0.00534931045746791,186.939981881954,186.939981881954,1,FALSE,0.00782942360134586,0.00074135540919751,0,0.019703727690251,0.208188477863925
"96","Facebook_Impressions",17282.9454920489,108624.480234592,0.0104208882792387,961.278586146829,0.0104208882792387,108624.480234592,0.0104208882792387,961.278586146829,0.0104208882792387,TRUE,0.244677122195661,0.244677122195661,161373.82300885,18235242,NA,NA,0.268219842272161,0.268219842272161,0.634538852,0.0472850049724077,-0.119219231349011,-0.590657979350752,0.155210100386142,0.213505141104841,0.32143634804601,0.213505141104841,0.0384467285923148,0,1104826.55007912,0.195300559,5654727.87225015,1e-04,"1_81_14",1,81,14,1214,3,961.278586146829,169577.429741316,8203.60673246663,0.00595684336048799,0.00595684336048798,167.874147343381,167.874147343381,1,FALSE,0.00891222269670811,0.000954082668229271,0,0.0241936972477182,0.000326208766587856
"97","Affiliate_Impressions",0,0,0,0,0,0,0,0,0,TRUE,0.0119589773890613,0.0119589773890613,7887.3982300885,891276,NA,NA,0,0,0.634538852,0.0472850049724077,-0.119219231349011,-0.590657979350752,0.155210100386142,0.213505141104841,0.32143634804601,0.213505141104841,0.0384467285923148,0,1104826.55007912,0.195300559,5654727.87225015,1e-04,"1_81_14",1,81,14,1214,3,0,11169.9365135061,3282.53828341763,0,0,Inf,Inf,1,FALSE,0,0,0,0,NA
"98","Organic_Views",0,0,0,0,0,0,0,0,0,TRUE,NA,NA,NA,NA,8051.88495575221,8051.88495575221,NA,NA,0.634538852,0.0472850049724077,-0.119219231349011,-0.590657979350752,0.155210100386142,0.213505141104841,0.32143634804601,0.213505141104841,0.0384467285923148,0,1104826.55007912,0.195300559,5654727.87225015,1e-04,"1_81_14",1,81,14,1214,3,0,9966.6274771246,1914.74252137239,NA,NA,NA,NA,1,FALSE,NA,NA,NA,NA,NA
"99","Email_Impressions",7833.79226065778,288419.59818977,0.0276695308809531,2552.38582468823,0.0276695308809531,288419.59818977,0.0276695308809531,2552.38582468823,0.0276695308809531,TRUE,NA,NA,NA,NA,389433.016085841,389433.016085841,NA,NA,0.634538852,0.0472850049724077,-0.119219231349011,-0.590657979350752,0.155210100386142,0.213505141104841,0.32143634804601,0.213505141104841,0.0384467285923148,0,1104826.55007912,0.195300559,5654727.87225015,1e-04,"1_81_14",1,81,14,1214,3,2552.38582468823,445920.628890672,56487.6128048317,NA,NA,NA,NA,1,FALSE,NA,NA,NA,NA,0.0504273978567542
"100","(Intercept)",74931.0408638379,8467207.61761368,0.810904505244045,74931.0408638379,0.810904505244045,8467207.61761368,0.810904505244045,74931.0408638379,0.810904505244045,TRUE,NA,NA,NA,NA,NA,NA,NA,NA,0.6360557897,0.06473715342685,-0.131218260624753,-0.561146601494224,0.153781934771153,0.214646572822287,0.318440593766733,0.214646572822287,0.0213583300424988,0,1010597.29319823,0.178635092,5654727.87225015,1e-04,"1_84_1",1,84,1,1246,3,NA,NA,NA,NA,NA,NA,NA,1,FALSE,NA,NA,NA,NA,NA
"101","trend",0.114480203671723,1370885.66134553,0.131289724920298,12131.7315163321,0.131289724920298,1370885.66134553,0.131289724920298,12131.7315163321,0.131289724920298,TRUE,NA,NA,NA,NA,NA,NA,NA,NA,0.6360557897,0.06473715342685,-0.131218260624753,-0.561146601494224,0.153781934771153,0.214646572822287,0.318440593766733,0.214646572822287,0.0213583300424988,0,1010597.29319823,0.178635092,5654727.87225015,1e-04,"1_84_1",1,84,1,1246,3,NA,NA,NA,NA,NA,NA,NA,1,FALSE,NA,NA,NA,NA,NA
"102","season",0.0381352497560615,-10889.2098619999,-0.00104285966925803,-96.3646890442472,-0.00104285966925803,-10889.2098619999,-0.00104285966925803,-96.3646890442472,-0.00104285966925803,FALSE,NA,NA,NA,NA,NA,NA,NA,NA,0.6360557897,0.06473715342685,-0.131218260624753,-0.561146601494224,0.153781934771153,0.214646572822287,0.318440593766733,0.214646572822287,0.0213583300424988,0,1010597.29319823,0.178635092,5654727.87225015,1e-04,"1_84_1",1,84,1,1246,3,NA,NA,NA,NA,NA,NA,NA,1,FALSE,NA,NA,NA,NA,NA
"103","holiday",0,0,0,0,0,0,0,0,0,TRUE,NA,NA,NA,NA,NA,NA,NA,NA,0.6360557897,0.06473715342685,-0.131218260624753,-0.561146601494224,0.153781934771153,0.214646572822287,0.318440593766733,0.214646572822287,0.0213583300424988,0,1010597.29319823,0.178635092,5654727.87225015,1e-04,"1_84_1",1,84,1,1246,3,NA,NA,NA,NA,NA,NA,NA,1,FALSE,NA,NA,NA,NA,NA
"104","Google_Impressions",16300.7104155276,319445.553194386,0.0305933018255799,2826.95179818041,0.0305933018255799,319445.553194386,0.0305933018255799,2826.95179818041,0.0305933018255799,TRUE,0.743363900415277,0.743363900415277,490276.628318584,55401259,NA,NA,0.744756747516997,0.744756747516997,0.6360557897,0.06473715342685,-0.131218260624753,-0.561146601494224,0.153781934771153,0.214646572822287,0.318440593766733,0.214646572822287,0.0213583300424988,0,1010597.29319823,0.178635092,5654727.87225015,1e-04,"1_84_1",1,84,1,1246,3,2826.95179818041,615863.671795065,125587.043476481,0.00576603418334566,0.00576603418334566,173.429426223027,173.429426223027,1,FALSE,0.00782942360134586,0.00074135540919751,0,0.019703727690251,0.20679228360677
"105","Facebook_Impressions",22995.3080905713,109480.474343344,0.0104849454378082,968.853755250836,0.0104849454378082,109480.474343344,0.0104849454378082,968.853755250836,0.0104849454378082,TRUE,0.244677122195661,0.244677122195661,161373.82300885,18235242,NA,NA,0.255243252483003,0.255243252483003,0.6360557897,0.06473715342685,-0.131218260624753,-0.561146601494224,0.153781934771153,0.214646572822287,0.318440593766733,0.214646572822287,0.0213583300424988,0,1010597.29319823,0.178635092,5654727.87225015,1e-04,"1_84_1",1,84,1,1246,3,968.853755250836,164105.402500804,2731.57949195447,0.006003785107066,0.006003785107066,166.561591090773,166.561591090773,1,FALSE,0.00891222269670811,0.000954082668229271,0,0.0241936972477182,1.23807520505604e-05
"106","Affiliate_Impressions",0,0,0,0,0,0,0,0,0,TRUE,0.0119589773890613,0.0119589773890613,7887.3982300885,891276,NA,NA,0,0,0.6360557897,0.06473715342685,-0.131218260624753,-0.561146601494224,0.153781934771153,0.214646572822287,0.318440593766733,0.214646572822287,0.0213583300424988,0,1010597.29319823,0.178635092,5654727.87225015,1e-04,"1_84_1",1,84,1,1246,3,0,10488.0772713631,2600.67904127457,0,0,Inf,Inf,1,FALSE,0,0,0,0,NA
"107","Organic_Views",0,0,0,0,0,0,0,0,0,TRUE,NA,NA,NA,NA,8051.88495575221,8051.88495575221,NA,NA,0.6360557897,0.06473715342685,-0.131218260624753,-0.561146601494224,0.153781934771153,0.214646572822287,0.318440593766733,0.214646572822287,0.0213583300424988,0,1010597.29319823,0.178635092,5654727.87225015,1e-04,"1_84_1",1,84,1,1246,3,0,9248.54137936404,1196.65642361182,NA,NA,NA,NA,1,FALSE,NA,NA,NA,NA,NA
"108","Email_Impressions",8132.66324440351,185552.69444222,0.0177703822415274,1642.0592428515,0.0177703822415274,185552.69444222,0.0177703822415274,1642.0592428515,0.0177703822415274,TRUE,NA,NA,NA,NA,389433.016085841,389433.016085841,NA,NA,0.6360557897,0.06473715342685,-0.131218260624753,-0.561146601494224,0.153781934771153,0.214646572822287,0.318440593766733,0.214646572822287,0.0213583300424988,0,1010597.29319823,0.178635092,5654727.87225015,1e-04,"1_84_1",1,84,1,1246,3,1642.0592428515,444254.427186294,54821.4111004532,NA,NA,NA,NA,1,FALSE,NA,NA,NA,NA,0.00357500665292673
"109","(Intercept)",66433.6962816694,7507007.67982864,0.711915183531713,66433.6962816694,0.711915183531713,7507007.67982864,0.711915183531713,66433.6962816694,0.711915183531713,TRUE,NA,NA,NA,NA,NA,NA,NA,NA,0.63676912202,0.144116405700521,-0.108648924062555,-0.392267337914179,0.147111231255947,0.212494539812721,0.300723867807442,0.212494539812721,0.0540460714904488,0,660177.330740629,0.1166595176,5654727.87225015,1e-04,"1_86_4",1,86,4,1279,1,NA,NA,NA,NA,NA,NA,NA,1,FALSE,NA,NA,NA,NA,NA
"110","trend",0.158905472978122,1902872.52667461,0.180455902250513,16839.5798820762,0.180455902250513,1902872.52667461,0.180455902250513,16839.5798820762,0.180455902250513,TRUE,NA,NA,NA,NA,NA,NA,NA,NA,0.63676912202,0.144116405700521,-0.108648924062555,-0.392267337914179,0.147111231255947,0.212494539812721,0.300723867807442,0.212494539812721,0.0540460714904488,0,660177.330740629,0.1166595176,5654727.87225015,1e-04,"1_86_4",1,86,4,1279,1,NA,NA,NA,NA,NA,NA,NA,1,FALSE,NA,NA,NA,NA,NA
"111","season",0.0556769250217091,-15898.0923138142,-0.0015076704047879,-140.691082423134,-0.0015076704047879,-15898.0923138142,-0.0015076704047879,-140.691082423134,-0.0015076704047879,FALSE,NA,NA,NA,NA,NA,NA,NA,NA,0.63676912202,0.144116405700521,-0.108648924062555,-0.392267337914179,0.147111231255947,0.212494539812721,0.300723867807442,0.212494539812721,0.0540460714904488,0,660177.330740629,0.1166595176,5654727.87225015,1e-04,"1_86_4",1,86,4,1279,1,NA,NA,NA,NA,NA,NA,NA,1,FALSE,NA,NA,NA,NA,NA
"112","holiday",0,0,0,0,0,0,0,0,0,TRUE,NA,NA,NA,NA,NA,NA,NA,NA,0.63676912202,0.144116405700521,-0.108648924062555,-0.392267337914179,0.147111231255947,0.212494539812721,0.300723867807442,0.212494539812721,0.0540460714904488,0,660177.330740629,0.1166595176,5654727.87225015,1e-04,"1_86_4",1,86,4,1279,1,NA,NA,NA,NA,NA,NA,NA,1,FALSE,NA,NA,NA,NA,NA
"113","Google_Impressions",25638.9156356946,463925.491912659,0.0439956392488438,4105.5353266607,0.0439956392488438,463925.491912659,0.0439956392488438,4105.5353266607,0.0439956392488438,TRUE,0.743363900415277,0.743363900415277,490276.628318584,55401259,NA,NA,0.722617705519775,0.722617705519775,0.63676912202,0.144116405700521,-0.108648924062555,-0.392267337914179,0.147111231255947,0.212494539812721,0.300723867807442,0.212494539812721,0.0540460714904488,0,660177.330740629,0.1166595176,5654727.87225015,1e-04,"1_86_4",1,86,4,1279,1,4105.5353266607,667780.153183385,177503.524864801,0.00837391604968145,0.00837391604968145,119.418441033695,119.418441033695,1,FALSE,0.00782942360134586,0.00074135540919751,0,0.019703727690251,0.261412948138948
"114","Facebook_Impressions",22356.3499771543,178081.323543046,0.0168880602685905,1575.94091631014,0.0168880602685905,178081.323543046,0.0168880602685905,1575.94091631014,0.0168880602685905,TRUE,0.244677122195661,0.244677122195661,161373.82300885,18235242,NA,NA,0.277382294480225,0.277382294480225,0.63676912202,0.144116405700521,-0.108648924062555,-0.392267337914179,0.147111231255947,0.212494539812721,0.300723867807442,0.212494539812721,0.0540460714904488,0,660177.330740629,0.1166595176,5654727.87225015,1e-04,"1_86_4",1,86,4,1279,1,1575.94091631014,164135.139402233,2761.31639338297,0.009765777911971,0.009765777911971,102.398396626877,102.398396626877,1,FALSE,0.00891222269670811,0.000954082668229271,0,0.0241936972477182,2.0130747946717e-05
"115","Affiliate_Impressions",0,0,0,0,0,0,0,0,0,TRUE,0.0119589773890613,0.0119589773890613,7887.3982300885,891276,NA,NA,0,0,0.63676912202,0.144116405700521,-0.108648924062555,-0.392267337914179,0.147111231255947,0.212494539812721,0.300723867807442,0.212494539812721,0.0540460714904488,0,660177.330740629,0.1166595176,5654727.87225015,1e-04,"1_86_4",1,86,4,1279,1,0,10639.4946084166,2752.09637832807,0,0,Inf,Inf,1,FALSE,0,0,0,0,NA
"116","Organic_Views",0,0,0,0,0,0,0,0,0,TRUE,NA,NA,NA,NA,8051.88495575221,8051.88495575221,NA,NA,0.63676912202,0.144116405700521,-0.108648924062555,-0.392267337914179,0.147111231255947,0.212494539812721,0.300723867807442,0.212494539812721,0.0540460714904488,0,660177.330740629,0.1166595176,5654727.87225015,1e-04,"1_86_4",1,86,4,1279,1,0,8570.32018831347,518.435232561253,NA,NA,NA,NA,1,FALSE,NA,NA,NA,NA,NA
"117","Email_Impressions",15114.0204756681,508817.324644036,0.0482528851051266,4502.80818269058,0.0482528851051266,508817.324644036,0.0482528851051266,4502.80818269058,0.0482528851051266,TRUE,NA,NA,NA,NA,389433.016085841,389433.016085841,NA,NA,0.63676912202,0.144116405700521,-0.108648924062555,-0.392267337914179,0.147111231255947,0.212494539812721,0.300723867807442,0.212494539812721,0.0540460714904488,0,660177.330740629,0.1166595176,5654727.87225015,1e-04,"1_86_4",1,86,4,1279,1,4502.80818269058,494321.964744226,104888.948658385,NA,NA,NA,NA,1,FALSE,NA,NA,NA,NA,0.136220229857046
"118","(Intercept)",66433.6962816694,7507007.67982864,0.711915183531713,66433.6962816694,0.711915183531713,7507007.67982864,0.711915183531713,66433.6962816694,0.711915183531713,TRUE,NA,NA,NA,NA,NA,NA,NA,NA,0.63676912202,0.144116405700521,-0.108648924062555,-0.392267337914179,0.147111231255947,0.212494539812721,0.300723867807442,0.212494539812721,0.0540460714904488,0,660177.330740629,0.1166595176,5654727.87225015,1e-04,"1_92_4",1,92,4,1369,1,NA,NA,NA,NA,NA,NA,NA,1,FALSE,NA,NA,NA,NA,NA
"119","trend",0.158905472978122,1902872.52667461,0.180455902250513,16839.5798820762,0.180455902250513,1902872.52667461,0.180455902250513,16839.5798820762,0.180455902250513,TRUE,NA,NA,NA,NA,NA,NA,NA,NA,0.63676912202,0.144116405700521,-0.108648924062555,-0.392267337914179,0.147111231255947,0.212494539812721,0.300723867807442,0.212494539812721,0.0540460714904488,0,660177.330740629,0.1166595176,5654727.87225015,1e-04,"1_92_4",1,92,4,1369,1,NA,NA,NA,NA,NA,NA,NA,1,FALSE,NA,NA,NA,NA,NA
"120","season",0.0556769250217091,-15898.0923138142,-0.0015076704047879,-140.691082423134,-0.0015076704047879,-15898.0923138142,-0.0015076704047879,-140.691082423134,-0.0015076704047879,FALSE,NA,NA,NA,NA,NA,NA,NA,NA,0.63676912202,0.144116405700521,-0.108648924062555,-0.392267337914179,0.147111231255947,0.212494539812721,0.300723867807442,0.212494539812721,0.0540460714904488,0,660177.330740629,0.1166595176,5654727.87225015,1e-04,"1_92_4",1,92,4,1369,1,NA,NA,NA,NA,NA,NA,NA,1,FALSE,NA,NA,NA,NA,NA
"121","holiday",0,0,0,0,0,0,0,0,0,TRUE,NA,NA,NA,NA,NA,NA,NA,NA,0.63676912202,0.144116405700521,-0.108648924062555,-0.392267337914179,0.147111231255947,0.212494539812721,0.300723867807442,0.212494539812721,0.0540460714904488,0,660177.330740629,0.1166595176,5654727.87225015,1e-04,"1_92_4",1,92,4,1369,1,NA,NA,NA,NA,NA,NA,NA,1,FALSE,NA,NA,NA,NA,NA
"122","Google_Impressions",25638.9156356946,463925.491912659,0.0439956392488438,4105.5353266607,0.0439956392488438,463925.491912659,0.0439956392488438,4105.5353266607,0.0439956392488438,TRUE,0.743363900415277,0.743363900415277,490276.628318584,55401259,NA,NA,0.722617705519775,0.722617705519775,0.63676912202,0.144116405700521,-0.108648924062555,-0.392267337914179,0.147111231255947,0.212494539812721,0.300723867807442,0.212494539812721,0.0540460714904488,0,660177.330740629,0.1166595176,5654727.87225015,1e-04,"1_92_4",1,92,4,1369,1,4105.5353266607,667780.153183385,177503.524864801,0.00837391604968145,0.00837391604968145,119.418441033695,119.418441033695,1,FALSE,0.00782942360134586,0.00074135540919751,0,0.019703727690251,0.261412948138948
"123","Facebook_Impressions",22356.3499771543,178081.323543046,0.0168880602685905,1575.94091631014,0.0168880602685905,178081.323543046,0.0168880602685905,1575.94091631014,0.0168880602685905,TRUE,0.244677122195661,0.244677122195661,161373.82300885,18235242,NA,NA,0.277382294480225,0.277382294480225,0.63676912202,0.144116405700521,-0.108648924062555,-0.392267337914179,0.147111231255947,0.212494539812721,0.300723867807442,0.212494539812721,0.0540460714904488,0,660177.330740629,0.1166595176,5654727.87225015,1e-04,"1_92_4",1,92,4,1369,1,1575.94091631014,164135.139402233,2761.31639338297,0.009765777911971,0.009765777911971,102.398396626877,102.398396626877,1,FALSE,0.00891222269670811,0.000954082668229271,0,0.0241936972477182,2.0130747946717e-05
"124","Affiliate_Impressions",0,0,0,0,0,0,0,0,0,TRUE,0.0119589773890613,0.0119589773890613,7887.3982300885,891276,NA,NA,0,0,0.63676912202,0.144116405700521,-0.108648924062555,-0.392267337914179,0.147111231255947,0.212494539812721,0.300723867807442,0.212494539812721,0.0540460714904488,0,660177.330740629,0.1166595176,5654727.87225015,1e-04,"1_92_4",1,92,4,1369,1,0,10639.4946084166,2752.09637832807,0,0,Inf,Inf,1,FALSE,0,0,0,0,NA
"125","Organic_Views",0,0,0,0,0,0,0,0,0,TRUE,NA,NA,NA,NA,8051.88495575221,8051.88495575221,NA,NA,0.63676912202,0.144116405700521,-0.108648924062555,-0.392267337914179,0.147111231255947,0.212494539812721,0.300723867807442,0.212494539812721,0.0540460714904488,0,660177.330740629,0.1166595176,5654727.87225015,1e-04,"1_92_4",1,92,4,1369,1,0,8570.32018831347,518.435232561253,NA,NA,NA,NA,1,FALSE,NA,NA,NA,NA,NA
"126","Email_Impressions",15114.0204756681,508817.324644036,0.0482528851051266,4502.80818269058,0.0482528851051266,508817.324644036,0.0482528851051266,4502.80818269058,0.0482528851051266,TRUE,NA,NA,NA,NA,389433.016085841,389433.016085841,NA,NA,0.63676912202,0.144116405700521,-0.108648924062555,-0.392267337914179,0.147111231255947,0.212494539812721,0.300723867807442,0.212494539812721,0.0540460714904488,0,660177.330740629,0.1166595176,5654727.87225015,1e-04,"1_92_4",1,92,4,1369,1,4502.80818269058,494321.964744226,104888.948658385,NA,NA,NA,NA,1,FALSE,NA,NA,NA,NA,0.136220229857046
"127","(Intercept)",75431.3216450989,8523739.34589618,0.817946775350045,75431.3216450989,0.817946775350044,8523739.34589618,0.817946775350045,75431.3216450989,0.817946775350044,TRUE,NA,NA,NA,NA,NA,NA,NA,NA,0.63435187046,0.0445038199162249,-0.119107685063393,-0.596102926807868,0.155436481538682,0.21349450141147,0.321986029006691,0.21349450141147,0.0384478802443893,0,1115819.18659421,0.1972447261,5654727.87225015,1e-04,"1_93_4",1,93,4,1384,3,NA,NA,NA,NA,NA,NA,NA,1,FALSE,NA,NA,NA,NA,NA
"128","trend",0.104862959867889,1255720.40823201,0.120500219090947,11112.5699843541,0.120500219090947,1255720.40823201,0.120500219090947,11112.5699843541,0.120500219090947,TRUE,NA,NA,NA,NA,NA,NA,NA,NA,0.63435187046,0.0445038199162249,-0.119107685063393,-0.596102926807868,0.155436481538682,0.21349450141147,0.321986029006691,0.21349450141147,0.0384478802443893,0,1115819.18659421,0.1972447261,5654727.87225015,1e-04,"1_93_4",1,93,4,1384,3,NA,NA,NA,NA,NA,NA,NA,1,FALSE,NA,NA,NA,NA,NA
"129","season",0.0349216443549742,-9971.59102247644,-0.000956884108131596,-88.2441683404995,-0.000956884108131596,-9971.59102247644,-0.000956884108131596,-88.2441683404995,-0.000956884108131596,FALSE,NA,NA,NA,NA,NA,NA,NA,NA,0.63435187046,0.0445038199162249,-0.119107685063393,-0.596102926807868,0.155436481538682,0.21349450141147,0.321986029006691,0.21349450141147,0.0384478802443893,0,1115819.18659421,0.1972447261,5654727.87225015,1e-04,"1_93_4",1,93,4,1384,3,NA,NA,NA,NA,NA,NA,NA,1,FALSE,NA,NA,NA,NA,NA
"130","holiday",0,0,0,0,0,0,0,0,0,TRUE,NA,NA,NA,NA,NA,NA,NA,NA,0.63435187046,0.0445038199162249,-0.119107685063393,-0.596102926807868,0.155436481538682,0.21349450141147,0.321986029006691,0.21349450141147,0.0384478802443893,0,1115819.18659421,0.1972447261,5654727.87225015,1e-04,"1_93_4",1,93,4,1384,3,NA,NA,NA,NA,NA,NA,NA,1,FALSE,NA,NA,NA,NA,NA
"131","Google_Impressions",13456.7288959442,297638.473504595,0.0285616933770277,2633.96879207606,0.0285616933770277,297638.473504595,0.0285616933770277,2633.96879207606,0.0285616933770277,TRUE,0.743363900415277,0.743363900415277,490276.628318584,55401259,NA,NA,0.731779448694702,0.731779448694702,0.63435187046,0.0445038199162249,-0.119107685063393,-0.596102926807868,0.155436481538682,0.21349450141147,0.321986029006691,0.21349450141147,0.0384478802443893,0,1115819.18659421,0.1972447261,5654727.87225015,1e-04,"1_93_4",1,93,4,1384,3,2633.96879207606,676655.892185581,186379.263866997,0.00537241353133501,0.00537241353133501,186.136080956431,186.136080956431,1,FALSE,0.00782942360134586,0.00074135540919751,0,0.019703727690251,0.324725066296311
"132","Facebook_Impressions",16111.3284313113,109094.011311017,0.0104687732860824,965.433728416081,0.0104687732860824,109094.011311017,0.0104687732860824,965.433728416081,0.0104687732860824,TRUE,0.244677122195661,0.244677122195661,161373.82300885,18235242,NA,NA,0.268220551305298,0.268220551305298,0.63435187046,0.0445038199162249,-0.119107685063393,-0.596102926807868,0.155436481538682,0.21349450141147,0.321986029006691,0.21349450141147,0.0384478802443893,0,1115819.18659421,0.1972447261,5654727.87225015,1e-04,"1_93_4",1,93,4,1384,3,965.433728416081,167971.387155422,6597.56414657267,0.00598259191246363,0.00598259191246363,167.151631706098,167.151631706098,1,FALSE,0.00891222269670811,0.000954082668229271,0,0.0241936972477182,0.000190092657709733
"133","Affiliate_Impressions",0,0,0,0,0,0,0,0,0,TRUE,0.0119589773890613,0.0119589773890613,7887.3982300885,891276,NA,NA,0,0,0.63435187046,0.0445038199162249,-0.119107685063393,-0.596102926807868,0.155436481538682,0.21349450141147,0.321986029006691,0.21349450141147,0.0384478802443893,0,1115819.18659421,0.1972447261,5654727.87225015,1e-04,"1_93_4",1,93,4,1384,3,0,10317.497063492,2430.09883340347,0,0,Inf,Inf,1,FALSE,0,0,0,0,NA
"134","Organic_Views",0,0,0,0,0,0,0,0,0,TRUE,NA,NA,NA,NA,8051.88495575221,8051.88495575221,NA,NA,0.63435187046,0.0445038199162249,-0.119107685063393,-0.596102926807868,0.155436481538682,0.21349450141147,0.321986029006691,0.21349450141147,0.0384478802443893,0,1115819.18659421,0.1972447261,5654727.87225015,1e-04,"1_93_4",1,93,4,1384,3,0,8594.39756205432,542.512606302111,NA,NA,NA,NA,1,FALSE,NA,NA,NA,NA,NA
"135","Email_Impressions",9551.56219676908,244676.655877444,0.0234794230040297,2165.28014050836,0.0234794230040297,244676.655877444,0.0234794230040297,2165.28014050836,0.0234794230040297,TRUE,NA,NA,NA,NA,389433.016085841,389433.016085841,NA,NA,0.63435187046,0.0445038199162249,-0.119107685063393,-0.596102926807868,0.155436481538682,0.21349450141147,0.321986029006691,0.21349450141147,0.0384478802443893,0,1115819.18659421,0.1972447261,5654727.87225015,1e-04,"1_93_4",1,93,4,1384,3,2165.28014050836,474805.325734128,85372.3096482869,NA,NA,NA,NA,1,FALSE,NA,NA,NA,NA,0.0499227507613159
"136","(Intercept)",73846.2717654103,8344628.70949136,0.8000018660016,73846.2717654103,0.8000018660016,8344628.70949136,0.8000018660016,73846.2717654103,0.8000018660016,TRUE,NA,NA,NA,NA,NA,NA,NA,NA,0.63617143322,0.0522332033286532,-0.112805446467426,-0.579215410530799,0.15480651159715,0.212892507099879,0.320278117896612,0.212892507099879,0.0536191374870017,0,1070045.16967075,0.1891490943,5654727.87225015,1e-04,"1_93_9",1,93,9,1389,3,NA,NA,NA,NA,NA,NA,NA,1,FALSE,NA,NA,NA,NA,NA
"137","trend",0.108428630561953,1298418.8545205,0.124479775269879,11490.4323408894,0.124479775269879,1298418.8545205,0.124479775269879,11490.4323408894,0.124479775269879,TRUE,NA,NA,NA,NA,NA,NA,NA,NA,0.63617143322,0.0522332033286532,-0.112805446467426,-0.579215410530799,0.15480651159715,0.212892507099879,0.320278117896612,0.212892507099879,0.0536191374870017,0,1070045.16967075,0.1891490943,5654727.87225015,1e-04,"1_93_9",1,93,9,1389,3,NA,NA,NA,NA,NA,NA,NA,1,FALSE,NA,NA,NA,NA,NA
"138","season",0.0362637365893437,-10354.814525343,-0.000992718937027435,-91.635526772947,-0.000992718937027435,-10354.814525343,-0.000992718937027435,-91.635526772947,-0.000992718937027435,FALSE,NA,NA,NA,NA,NA,NA,NA,NA,0.63617143322,0.0522332033286532,-0.112805446467426,-0.579215410530799,0.15480651159715,0.212892507099879,0.320278117896612,0.212892507099879,0.0536191374870017,0,1070045.16967075,0.1891490943,5654727.87225015,1e-04,"1_93_9",1,93,9,1389,3,NA,NA,NA,NA,NA,NA,NA,1,FALSE,NA,NA,NA,NA,NA
"139","holiday",0,0,0,0,0,0,0,0,0,TRUE,NA,NA,NA,NA,NA,NA,NA,NA,0.63617143322,0.0522332033286532,-0.112805446467426,-0.579215410530799,0.15480651159715,0.212892507099879,0.320278117896612,0.212892507099879,0.0536191374870017,0,1070045.16967075,0.1891490943,5654727.87225015,1e-04,"1_93_9",1,93,9,1389,3,NA,NA,NA,NA,NA,NA,NA,1,FALSE,NA,NA,NA,NA,NA
"140","Google_Impressions",15340.4184187734,306057.386638384,0.0293418064408051,2708.47244812729,0.0293418064408051,306057.386638384,0.0293418064408051,2708.47244812729,0.0293418064408051,TRUE,0.743363900415277,0.743363900415277,490276.628318584,55401259,NA,NA,0.722860673178563,0.722860673178563,0.63617143322,0.0522332033286532,-0.112805446467426,-0.579215410530799,0.15480651159715,0.212892507099879,0.320278117896612,0.212892507099879,0.0536191374870017,0,1070045.16967075,0.1891490943,5654727.87225015,1e-04,"1_93_9",1,93,9,1389,3,2708.47244812729,637579.456861978,147302.828543394,0.00552437601893459,0.00552437601893459,181.015918643579,181.015918643579,1,FALSE,0.00782942360134586,0.00074135540919751,0,0.019703727690251,0.24889400870206
"141","Facebook_Impressions",16172.9860077345,117340.09228738,0.0112494271530537,1038.40789634849,0.0112494271530537,117340.09228738,0.0112494271530537,1038.40789634849,0.0112494271530537,TRUE,0.244677122195661,0.244677122195661,161373.82300885,18235242,NA,NA,0.277139326821437,0.277139326821437,0.63617143322,0.0522332033286532,-0.112805446467426,-0.579215410530799,0.15480651159715,0.212892507099879,0.320278117896612,0.212892507099879,0.0536191374870017,0,1070045.16967075,0.1891490943,5654727.87225015,1e-04,"1_93_9",1,93,9,1389,3,1038.40789634849,170408.674844475,9034.85183562551,0.00643479764553602,0.00643479764553602,155.405042253928,155.405042253928,1,FALSE,0.00891222269670811,0.000954082668229271,0,0.0241936972477182,0.000521163590775193
"142","Affiliate_Impressions",0,0,0,0,0,0,0,0,0,TRUE,0.0119589773890613,0.0119589773890613,7887.3982300885,891276,NA,NA,0,0,0.63617143322,0.0522332033286532,-0.112805446467426,-0.579215410530799,0.15480651159715,0.212892507099879,0.320278117896612,0.212892507099879,0.0536191374870017,0,1070045.16967075,0.1891490943,5654727.87225015,1e-04,"1_93_9",1,93,9,1389,3,0,10437.6279040591,2550.22967397061,0,0,Inf,Inf,1,FALSE,0,0,0,0,NA
"143","Organic_Views",0,0,0,0,0,0,0,0,0,TRUE,NA,NA,NA,NA,8051.88495575221,8051.88495575221,NA,NA,0.63617143322,0.0522332033286532,-0.112805446467426,-0.579215410530799,0.15480651159715,0.212892507099879,0.320278117896612,0.212892507099879,0.0536191374870017,0,1070045.16967075,0.1891490943,5654727.87225015,1e-04,"1_93_9",1,93,9,1389,3,0,8484.16758733389,432.282631581682,NA,NA,NA,NA,1,FALSE,NA,NA,NA,NA,NA
"144","Email_Impressions",11067.5484663725,374671.328679718,0.0359198440716895,3315.67547504175,0.0359198440716895,374671.328679718,0.0359198440716895,3315.67547504175,0.0359198440716895,TRUE,NA,NA,NA,NA,389433.016085841,389433.016085841,NA,NA,0.63617143322,0.0522332033286532,-0.112805446467426,-0.579215410530799,0.15480651159715,0.212892507099879,0.320278117896612,0.212892507099879,0.0536191374870017,0,1070045.16967075,0.1891490943,5654727.87225015,1e-04,"1_93_9",1,93,9,1389,3,3315.67547504175,486448.419633152,97015.4035473109,NA,NA,NA,NA,1,FALSE,NA,NA,NA,NA,0.167831537405643
"145","(Intercept)",66433.6962816694,7507007.67982864,0.711915183531713,66433.6962816694,0.711915183531713,7507007.67982864,0.711915183531713,66433.6962816694,0.711915183531713,TRUE,NA,NA,NA,NA,NA,NA,NA,NA,0.63676912202,0.144116405700521,-0.108648924062555,-0.392267337914179,0.147111231255947,0.212494539812721,0.300723867807442,0.212494539812721,0.0540460714904488,0,660177.330740629,0.1166595176,5654727.87225015,1e-04,"1_94_4",1,94,4,1399,1,NA,NA,NA,NA,NA,NA,NA,1,FALSE,NA,NA,NA,NA,NA
"146","trend",0.158905472978122,1902872.52667461,0.180455902250513,16839.5798820762,0.180455902250513,1902872.52667461,0.180455902250513,16839.5798820762,0.180455902250513,TRUE,NA,NA,NA,NA,NA,NA,NA,NA,0.63676912202,0.144116405700521,-0.108648924062555,-0.392267337914179,0.147111231255947,0.212494539812721,0.300723867807442,0.212494539812721,0.0540460714904488,0,660177.330740629,0.1166595176,5654727.87225015,1e-04,"1_94_4",1,94,4,1399,1,NA,NA,NA,NA,NA,NA,NA,1,FALSE,NA,NA,NA,NA,NA
"147","season",0.0556769250217091,-15898.0923138142,-0.0015076704047879,-140.691082423134,-0.0015076704047879,-15898.0923138142,-0.0015076704047879,-140.691082423134,-0.0015076704047879,FALSE,NA,NA,NA,NA,NA,NA,NA,NA,0.63676912202,0.144116405700521,-0.108648924062555,-0.392267337914179,0.147111231255947,0.212494539812721,0.300723867807442,0.212494539812721,0.0540460714904488,0,660177.330740629,0.1166595176,5654727.87225015,1e-04,"1_94_4",1,94,4,1399,1,NA,NA,NA,NA,NA,NA,NA,1,FALSE,NA,NA,NA,NA,NA
"148","holiday",0,0,0,0,0,0,0,0,0,TRUE,NA,NA,NA,NA,NA,NA,NA,NA,0.63676912202,0.144116405700521,-0.108648924062555,-0.392267337914179,0.147111231255947,0.212494539812721,0.300723867807442,0.212494539812721,0.0540460714904488,0,660177.330740629,0.1166595176,5654727.87225015,1e-04,"1_94_4",1,94,4,1399,1,NA,NA,NA,NA,NA,NA,NA,1,FALSE,NA,NA,NA,NA,NA
"149","Google_Impressions",25638.9156356946,463925.491912659,0.0439956392488438,4105.5353266607,0.0439956392488438,463925.491912659,0.0439956392488438,4105.5353266607,0.0439956392488438,TRUE,0.743363900415277,0.743363900415277,490276.628318584,55401259,NA,NA,0.722617705519775,0.722617705519775,0.63676912202,0.144116405700521,-0.108648924062555,-0.392267337914179,0.147111231255947,0.212494539812721,0.300723867807442,0.212494539812721,0.0540460714904488,0,660177.330740629,0.1166595176,5654727.87225015,1e-04,"1_94_4",1,94,4,1399,1,4105.5353266607,667780.153183385,177503.524864801,0.00837391604968145,0.00837391604968145,119.418441033695,119.418441033695,1,FALSE,0.00782942360134586,0.00074135540919751,0,0.019703727690251,0.261412948138948
"150","Facebook_Impressions",22356.3499771543,178081.323543046,0.0168880602685905,1575.94091631014,0.0168880602685905,178081.323543046,0.0168880602685905,1575.94091631014,0.0168880602685905,TRUE,0.244677122195661,0.244677122195661,161373.82300885,18235242,NA,NA,0.277382294480225,0.277382294480225,0.63676912202,0.144116405700521,-0.108648924062555,-0.392267337914179,0.147111231255947,0.212494539812721,0.300723867807442,0.212494539812721,0.0540460714904488,0,660177.330740629,0.1166595176,5654727.87225015,1e-04,"1_94_4",1,94,4,1399,1,1575.94091631014,164135.139402233,2761.31639338297,0.009765777911971,0.009765777911971,102.398396626877,102.398396626877,1,FALSE,0.00891222269670811,0.000954082668229271,0,0.0241936972477182,2.0130747946717e-05
"151","Affiliate_Impressions",0,0,0,0,0,0,0,0,0,TRUE,0.0119589773890613,0.0119589773890613,7887.3982300885,891276,NA,NA,0,0,0.63676912202,0.144116405700521,-0.108648924062555,-0.392267337914179,0.147111231255947,0.212494539812721,0.300723867807442,0.212494539812721,0.0540460714904488,0,660177.330740629,0.1166595176,5654727.87225015,1e-04,"1_94_4",1,94,4,1399,1,0,10639.4946084166,2752.09637832807,0,0,Inf,Inf,1,FALSE,0,0,0,0,NA
"152","Organic_Views",0,0,0,0,0,0,0,0,0,TRUE,NA,NA,NA,NA,8051.88495575221,8051.88495575221,NA,NA,0.63676912202,0.144116405700521,-0.108648924062555,-0.392267337914179,0.147111231255947,0.212494539812721,0.300723867807442,0.212494539812721,0.0540460714904488,0,660177.330740629,0.1166595176,5654727.87225015,1e-04,"1_94_4",1,94,4,1399,1,0,8570.32018831347,518.435232561253,NA,NA,NA,NA,1,FALSE,NA,NA,NA,NA,NA
"153","Email_Impressions",15114.0204756681,508817.324644036,0.0482528851051266,4502.80818269058,0.0482528851051266,508817.324644036,0.0482528851051266,4502.80818269058,0.0482528851051266,TRUE,NA,NA,NA,NA,389433.016085841,389433.016085841,NA,NA,0.63676912202,0.144116405700521,-0.108648924062555,-0.392267337914179,0.147111231255947,0.212494539812721,0.300723867807442,0.212494539812721,0.0540460714904488,0,660177.330740629,0.1166595176,5654727.87225015,1e-04,"1_94_4",1,94,4,1399,1,4502.80818269058,494321.964744226,104888.948658385,NA,NA,NA,NA,1,FALSE,NA,NA,NA,NA,0.136220229857046
"154","(Intercept)",63321.6397568858,7155345.2925281,0.677535682905606,63321.6397568858,0.677535682905606,7155345.2925281,0.677535682905606,63321.6397568858,0.677535682905606,TRUE,NA,NA,NA,NA,NA,NA,NA,NA,0.63596665844,0.151726307789489,-0.103749115892727,-0.371082358342245,0.146455767329435,0.212024447154515,0.298427164479152,0.212024447154515,0.064103496477878,0,627169.390808014,0.1108217051,5654727.87225015,1e-04,"1_95_11",1,95,11,1421,3,NA,NA,NA,NA,NA,NA,NA,1,FALSE,NA,NA,NA,NA,NA
"155","trend",0.164700838194869,1972271.27705316,0.186753274921438,17453.7281155146,0.186753274921438,1972271.27705316,0.186753274921438,17453.7281155146,0.186753274921438,TRUE,NA,NA,NA,NA,NA,NA,NA,NA,0.63596665844,0.151726307789489,-0.103749115892727,-0.371082358342245,0.146455767329435,0.212024447154515,0.298427164479152,0.212024447154515,0.064103496477878,0,627169.390808014,0.1108217051,5654727.87225015,1e-04,"1_95_11",1,95,11,1421,3,NA,NA,NA,NA,NA,NA,NA,1,FALSE,NA,NA,NA,NA,NA
"156","season",0.0583453153254099,-16660.0294244032,-0.00157752895937498,-147.433888711533,-0.00157752895937498,-16660.0294244032,-0.00157752895937498,-147.433888711533,-0.00157752895937498,FALSE,NA,NA,NA,NA,NA,NA,NA,NA,0.63596665844,0.151726307789489,-0.103749115892727,-0.371082358342245,0.146455767329435,0.212024447154515,0.298427164479152,0.212024447154515,0.064103496477878,0,627169.390808014,0.1108217051,5654727.87225015,1e-04,"1_95_11",1,95,11,1421,3,NA,NA,NA,NA,NA,NA,NA,1,FALSE,NA,NA,NA,NA,NA
"157","holiday",0,0,0,0,0,0,0,0,0,TRUE,NA,NA,NA,NA,NA,NA,NA,NA,0.63596665844,0.151726307789489,-0.103749115892727,-0.371082358342245,0.146455767329435,0.212024447154515,0.298427164479152,0.212024447154515,0.064103496477878,0,627169.390808014,0.1108217051,5654727.87225015,1e-04,"1_95_11",1,95,11,1421,3,NA,NA,NA,NA,NA,NA,NA,1,FALSE,NA,NA,NA,NA,NA
"158","Google_Impressions",26291.399436403,487220.202009314,0.0461346110911658,4311.68320362225,0.0461346110911658,487220.202009314,0.0461346110911658,4311.68320362225,0.0461346110911658,TRUE,0.743363900415277,0.743363900415277,490276.628318584,55401259,NA,NA,0.71696336392954,0.71696336392954,0.63596665844,0.151726307789489,-0.103749115892727,-0.371082358342245,0.146455767329435,0.212024447154515,0.298427164479152,0.212024447154515,0.064103496477878,0,627169.390808014,0.1108217051,5654727.87225015,1e-04,"1_95_11",1,95,11,1421,3,4311.68320362225,656486.135779955,166209.507461371,0.00879438862588509,0.00879438862588509,113.708870797071,113.708870797071,1,FALSE,0.00782942360134586,0.00074135540919751,0,0.019703727690251,0.264681950936965
"159","Facebook_Impressions",24411.1903973158,192340.604750676,0.0182126253398713,1702.1292455812,0.0182126253398713,192340.604750676,0.0182126253398713,1702.1292455812,0.0182126253398713,TRUE,0.244677122195661,0.244677122195661,161373.82300885,18235242,NA,NA,0.28303663607046,0.28303663607046,0.63596665844,0.151726307789489,-0.103749115892727,-0.371082358342245,0.146455767329435,0.212024447154515,0.298427164479152,0.212024447154515,0.064103496477878,0,627169.390808014,0.1108217051,5654727.87225015,1e-04,"1_95_11",1,95,11,1421,3,1702.1292455812,170217.485478177,8843.66246932695,0.0105477407292251,0.0105477407292251,94.8070326785013,94.8070326785013,1,FALSE,0.00891222269670811,0.000954082668229271,0,0.0241936972477182,0.0005780682394034
"160","Affiliate_Impressions",0,0,0,0,0,0,0,0,0,TRUE,0.0119589773890613,0.0119589773890613,7887.3982300885,891276,NA,NA,0,0,0.63596665844,0.151726307789489,-0.103749115892727,-0.371082358342245,0.146455767329435,0.212024447154515,0.298427164479152,0.212024447154515,0.064103496477878,0,627169.390808014,0.1108217051,5654727.87225015,1e-04,"1_95_11",1,95,11,1421,3,0,11034.6989025859,3147.30067249743,0,0,Inf,Inf,1,FALSE,0,0,0,0,NA
"161","Organic_Views",0,0,0,0,0,0,0,0,0,TRUE,NA,NA,NA,NA,8051.88495575221,8051.88495575221,NA,NA,0.63596665844,0.151726307789489,-0.103749115892727,-0.371082358342245,0.146455767329435,0.212024447154515,0.298427164479152,0.212024447154515,0.064103496477878,0,627169.390808014,0.1108217051,5654727.87225015,1e-04,"1_95_11",1,95,11,1421,3,0,9153.68052548075,1101.79556972853,NA,NA,NA,NA,1,FALSE,NA,NA,NA,NA,NA
"162","Email_Impressions",18509.5548980117,770321.695305213,0.0729413347012941,6817.00615314347,0.0729413347012941,770321.695305213,0.0729413347012941,6817.00615314347,0.0729413347012941,TRUE,NA,NA,NA,NA,389433.016085841,389433.016085841,NA,NA,0.63596665844,0.151726307789489,-0.103749115892727,-0.371082358342245,0.146455767329435,0.212024447154515,0.298427164479152,0.212024447154515,0.064103496477878,0,627169.390808014,0.1108217051,5654727.87225015,1e-04,"1_95_11",1,95,11,1421,3,6817.00615314347,446942.521928622,57509.5058427814,NA,NA,NA,NA,1,FALSE,NA,NA,NA,NA,0.182419217388465
"163","(Intercept)",73426.0429782047,8297142.85653713,0.793338205348499,73426.0429782047,0.793338205348499,8297142.85653713,0.793338205348499,73426.0429782047,0.793338205348499,TRUE,NA,NA,NA,NA,NA,NA,NA,NA,0.63610368812,0.0749323720361282,-0.124950321584519,-0.53405203382316,0.152941456278919,0.214051081870902,0.315665141859701,0.214051081870902,0.026778231826589,0,934683.650521184,0.1652089402,5654727.87225015,1e-04,"1_97_4",1,97,4,1444,3,NA,NA,NA,NA,NA,NA,NA,1,FALSE,NA,NA,NA,NA,NA
"164","trend",0.121664144602975,1456912.42666162,0.139303891701348,12893.0303244392,0.139303891701348,1456912.42666162,0.139303891701348,12893.0303244392,0.139303891701348,TRUE,NA,NA,NA,NA,NA,NA,NA,NA,0.63610368812,0.0749323720361282,-0.124950321584519,-0.53405203382316,0.152941456278919,0.214051081870902,0.315665141859701,0.214051081870902,0.026778231826589,0,934683.650521184,0.1652089402,5654727.87225015,1e-04,"1_97_4",1,97,4,1444,3,NA,NA,NA,NA,NA,NA,NA,1,FALSE,NA,NA,NA,NA,NA
"165","season",0.0409907300210344,-11704.5689867201,-0.00111914208479444,-103.580256519647,-0.00111914208479444,-11704.5689867201,-0.00111914208479444,-103.580256519647,-0.00111914208479444,FALSE,NA,NA,NA,NA,NA,NA,NA,NA,0.63610368812,0.0749323720361282,-0.124950321584519,-0.53405203382316,0.152941456278919,0.214051081870902,0.315665141859701,0.214051081870902,0.026778231826589,0,934683.650521184,0.1652089402,5654727.87225015,1e-04,"1_97_4",1,97,4,1444,3,NA,NA,NA,NA,NA,NA,NA,1,FALSE,NA,NA,NA,NA,NA
"166","holiday",0,0,0,0,0,0,0,0,0,TRUE,NA,NA,NA,NA,NA,NA,NA,NA,0.63610368812,0.0749323720361282,-0.124950321584519,-0.53405203382316,0.152941456278919,0.214051081870902,0.315665141859701,0.214051081870902,0.026778231826589,0,934683.650521184,0.1652089402,5654727.87225015,1e-04,"1_97_4",1,97,4,1444,3,NA,NA,NA,NA,NA,NA,NA,1,FALSE,NA,NA,NA,NA,NA
"167","Google_Impressions",16304.5438010327,348147.254085337,0.0332883888500797,3080.94915119767,0.0332883888500797,348147.254085337,0.0332883888500797,3080.94915119767,0.0332883888500797,TRUE,0.743363900415277,0.743363900415277,490276.628318584,55401259,NA,NA,0.739626696106886,0.739626696106886,0.63610368812,0.0749323720361282,-0.124950321584519,-0.53405203382316,0.152941456278919,0.214051081870902,0.315665141859701,0.214051081870902,0.026778231826589,0,934683.650521184,0.1652089402,5654727.87225015,1e-04,"1_97_4",1,97,4,1444,3,3080.94915119767,676655.892185581,186379.263866997,0.00628410365340862,0.00628410365340862,159.131684509625,159.131684509625,1,FALSE,0.00782942360134586,0.00074135540919751,0,0.019703727690251,0.307749977215258
"168","Facebook_Impressions",21663.6732802019,122559.463124645,0.0117186248573718,1084.59701880216,0.0117186248573718,122559.463124645,0.0117186248573718,1084.59701880216,0.0117186248573718,TRUE,0.244677122195661,0.244677122195661,161373.82300885,18235242,NA,NA,0.260373303893114,0.260373303893114,0.63610368812,0.0749323720361282,-0.124950321584519,-0.53405203382316,0.152941456278919,0.214051081870902,0.315665141859701,0.214051081870902,0.026778231826589,0,934683.650521184,0.1652089402,5654727.87225015,1e-04,"1_97_4",1,97,4,1444,3,1084.59701880216,166874.992888296,5501.16987944692,0.00672102202562733,0.00672102202562733,148.786895235128,148.786895235128,1,FALSE,0.00891222269670811,0.000954082668229271,0,0.0241936972477182,0.000103185211667432
"169","Affiliate_Impressions",0,0,0,0,0,0,0,0,0,TRUE,0.0119589773890613,0.0119589773890613,7887.3982300885,891276,NA,NA,0,0,0.63610368812,0.0749323720361282,-0.124950321584519,-0.53405203382316,0.152941456278919,0.214051081870902,0.315665141859701,0.214051081870902,0.026778231826589,0,934683.650521184,0.1652089402,5654727.87225015,1e-04,"1_97_4",1,97,4,1444,3,0,10988.9832591574,3101.58502906889,0,0,Inf,Inf,1,FALSE,0,0,0,0,NA
"170","Organic_Views",0,0,0,0,0,0,0,0,0,TRUE,NA,NA,NA,NA,8051.88495575221,8051.88495575221,NA,NA,0.63610368812,0.0749323720361282,-0.124950321584519,-0.53405203382316,0.152941456278919,0.214051081870902,0.315665141859701,0.214051081870902,0.026778231826589,0,934683.650521184,0.1652089402,5654727.87225015,1e-04,"1_97_4",1,97,4,1444,3,0,9209.23796057635,1157.35300482414,NA,NA,NA,NA,1,FALSE,NA,NA,NA,NA,NA
"171","Email_Impressions",11945.9276422049,245461.773375824,0.023470031327496,2172.22808297189,0.023470031327496,245461.773375824,0.023470031327496,2172.22808297189,0.023470031327496,TRUE,NA,NA,NA,NA,389433.016085841,389433.016085841,NA,NA,0.63610368812,0.0749323720361282,-0.124950321584519,-0.53405203382316,0.152941456278919,0.214051081870902,0.315665141859701,0.214051081870902,0.026778231826589,0,934683.650521184,0.1652089402,5654727.87225015,1e-04,"1_97_4",1,97,4,1444,3,2172.22808297189,431544.607010549,42111.5909247083,NA,NA,NA,NA,1,FALSE,NA,NA,NA,NA,0.00962563944372549
"172","(Intercept)",66433.6962816694,7507007.67982864,0.711915183531713,66433.6962816694,0.711915183531713,7507007.67982864,0.711915183531713,66433.6962816694,0.711915183531713,TRUE,NA,NA,NA,NA,NA,NA,NA,NA,0.63676912202,0.144116405700521,-0.108648924062555,-0.392267337914179,0.147111231255947,0.212494539812721,0.300723867807442,0.212494539812721,0.0540460714904488,0,660177.330740629,0.1166595176,5654727.87225015,1e-04,"1_98_4",1,98,4,1459,1,NA,NA,NA,NA,NA,NA,NA,1,FALSE,NA,NA,NA,NA,NA
"173","trend",0.158905472978122,1902872.52667461,0.180455902250513,16839.5798820762,0.180455902250513,1902872.52667461,0.180455902250513,16839.5798820762,0.180455902250513,TRUE,NA,NA,NA,NA,NA,NA,NA,NA,0.63676912202,0.144116405700521,-0.108648924062555,-0.392267337914179,0.147111231255947,0.212494539812721,0.300723867807442,0.212494539812721,0.0540460714904488,0,660177.330740629,0.1166595176,5654727.87225015,1e-04,"1_98_4",1,98,4,1459,1,NA,NA,NA,NA,NA,NA,NA,1,FALSE,NA,NA,NA,NA,NA
"174","season",0.0556769250217091,-15898.0923138142,-0.0015076704047879,-140.691082423134,-0.0015076704047879,-15898.0923138142,-0.0015076704047879,-140.691082423134,-0.0015076704047879,FALSE,NA,NA,NA,NA,NA,NA,NA,NA,0.63676912202,0.144116405700521,-0.108648924062555,-0.392267337914179,0.147111231255947,0.212494539812721,0.300723867807442,0.212494539812721,0.0540460714904488,0,660177.330740629,0.1166595176,5654727.87225015,1e-04,"1_98_4",1,98,4,1459,1,NA,NA,NA,NA,NA,NA,NA,1,FALSE,NA,NA,NA,NA,NA
"175","holiday",0,0,0,0,0,0,0,0,0,TRUE,NA,NA,NA,NA,NA,NA,NA,NA,0.63676912202,0.144116405700521,-0.108648924062555,-0.392267337914179,0.147111231255947,0.212494539812721,0.300723867807442,0.212494539812721,0.0540460714904488,0,660177.330740629,0.1166595176,5654727.87225015,1e-04,"1_98_4",1,98,4,1459,1,NA,NA,NA,NA,NA,NA,NA,1,FALSE,NA,NA,NA,NA,NA
"176","Google_Impressions",25638.9156356946,463925.491912659,0.0439956392488438,4105.5353266607,0.0439956392488438,463925.491912659,0.0439956392488438,4105.5353266607,0.0439956392488438,TRUE,0.743363900415277,0.743363900415277,490276.628318584,55401259,NA,NA,0.722617705519775,0.722617705519775,0.63676912202,0.144116405700521,-0.108648924062555,-0.392267337914179,0.147111231255947,0.212494539812721,0.300723867807442,0.212494539812721,0.0540460714904488,0,660177.330740629,0.1166595176,5654727.87225015,1e-04,"1_98_4",1,98,4,1459,1,4105.5353266607,667780.153183385,177503.524864801,0.00837391604968145,0.00837391604968145,119.418441033695,119.418441033695,1,FALSE,0.00782942360134586,0.00074135540919751,0,0.019703727690251,0.261412948138948
"177","Facebook_Impressions",22356.3499771543,178081.323543046,0.0168880602685905,1575.94091631014,0.0168880602685905,178081.323543046,0.0168880602685905,1575.94091631014,0.0168880602685905,TRUE,0.244677122195661,0.244677122195661,161373.82300885,18235242,NA,NA,0.277382294480225,0.277382294480225,0.63676912202,0.144116405700521,-0.108648924062555,-0.392267337914179,0.147111231255947,0.212494539812721,0.300723867807442,0.212494539812721,0.0540460714904488,0,660177.330740629,0.1166595176,5654727.87225015,1e-04,"1_98_4",1,98,4,1459,1,1575.94091631014,164135.139402233,2761.31639338297,0.009765777911971,0.009765777911971,102.398396626877,102.398396626877,1,FALSE,0.00891222269670811,0.000954082668229271,0,0.0241936972477182,2.0130747946717e-05
"178","Affiliate_Impressions",0,0,0,0,0,0,0,0,0,TRUE,0.0119589773890613,0.0119589773890613,7887.3982300885,891276,NA,NA,0,0,0.63676912202,0.144116405700521,-0.108648924062555,-0.392267337914179,0.147111231255947,0.212494539812721,0.300723867807442,0.212494539812721,0.0540460714904488,0,660177.330740629,0.1166595176,5654727.87225015,1e-04,"1_98_4",1,98,4,1459,1,0,10704.7767030109,2817.37847292239,0,0,Inf,Inf,1,FALSE,0,0,0,0,NA
"179","Organic_Views",0,0,0,0,0,0,0,0,0,TRUE,NA,NA,NA,NA,8051.88495575221,8051.88495575221,NA,NA,0.63676912202,0.144116405700521,-0.108648924062555,-0.392267337914179,0.147111231255947,0.212494539812721,0.300723867807442,0.212494539812721,0.0540460714904488,0,660177.330740629,0.1166595176,5654727.87225015,1e-04,"1_98_4",1,98,4,1459,1,0,8570.32018831347,518.435232561253,NA,NA,NA,NA,1,FALSE,NA,NA,NA,NA,NA
"180","Email_Impressions",15114.0204756681,508817.324644036,0.0482528851051266,4502.80818269058,0.0482528851051266,508817.324644036,0.0482528851051266,4502.80818269058,0.0482528851051266,TRUE,NA,NA,NA,NA,389433.016085841,389433.016085841,NA,NA,0.63676912202,0.144116405700521,-0.108648924062555,-0.392267337914179,0.147111231255947,0.212494539812721,0.300723867807442,0.212494539812721,0.0540460714904488,0,660177.330740629,0.1166595176,5654727.87225015,1e-04,"1_98_4",1,98,4,1459,1,4502.80818269058,494321.964744226,104888.948658385,NA,NA,NA,NA,1,FALSE,NA,NA,NA,NA,0.136220229857046
"181","(Intercept)",66542.4350732555,7519295.16327787,0.711153613080225,66542.4350732555,0.711153613080225,7519295.16327787,0.711153613080225,66542.4350732555,0.711153613080225,TRUE,NA,NA,NA,NA,NA,NA,NA,NA,0.63593676983,0.163291334087497,-0.103562652497261,-0.347532188629145,0.145453981268278,0.212006537075301,0.295853120990873,0.212006537075301,0.0618164394365319,0,610498.95579838,0.1078733577,5654727.87225015,1e-04,"1_98_15",1,98,15,1470,2,NA,NA,NA,NA,NA,NA,NA,1,FALSE,NA,NA,NA,NA,NA
"182","trend",0.169319342511946,2027577.27007269,0.191762508333688,17943.1616820592,0.191762508333688,2027577.27007269,0.191762508333688,17943.1616820592,0.191762508333688,TRUE,NA,NA,NA,NA,NA,NA,NA,NA,0.63593676983,0.163291334087497,-0.103562652497261,-0.347532188629145,0.145453981268278,0.212006537075301,0.295853120990873,0.212006537075301,0.0618164394365319,0,610498.95579838,0.1078733577,5654727.87225015,1e-04,"1_98_15",1,98,15,1470,2,NA,NA,NA,NA,NA,NA,NA,1,FALSE,NA,NA,NA,NA,NA
"183","season",0.0594851384530257,-16985.496631818,-0.00160644010341172,-150.314129485115,-0.00160644010341172,-16985.496631818,-0.00160644010341172,-150.314129485115,-0.00160644010341172,FALSE,NA,NA,NA,NA,NA,NA,NA,NA,0.63593676983,0.163291334087497,-0.103562652497261,-0.347532188629145,0.145453981268278,0.212006537075301,0.295853120990873,0.212006537075301,0.0618164394365319,0,610498.95579838,0.1078733577,5654727.87225015,1e-04,"1_98_15",1,98,15,1470,2,NA,NA,NA,NA,NA,NA,NA,1,FALSE,NA,NA,NA,NA,NA
"184","holiday",0,0,0,0,0,0,0,0,0,TRUE,NA,NA,NA,NA,NA,NA,NA,NA,0.63593676983,0.163291334087497,-0.103562652497261,-0.347532188629145,0.145453981268278,0.212006537075301,0.295853120990873,0.212006537075301,0.0618164394365319,0,610498.95579838,0.1078733577,5654727.87225015,1e-04,"1_98_15",1,98,15,1470,2,NA,NA,NA,NA,NA,NA,NA,1,FALSE,NA,NA,NA,NA,NA
"185","Google_Impressions",27409.8023177468,496955.994868955,0.0470006887106787,4397.84066255712,0.0470006887106787,496955.994868955,0.0470006887106787,4397.84066255712,0.0470006887106787,TRUE,0.743363900415277,0.743363900415277,490276.628318584,55401259,NA,NA,0.718239210181927,0.718239210181927,0.63593676983,0.163291334087497,-0.103562652497261,-0.347532188629145,0.145453981268278,0.212006537075301,0.295853120990873,0.212006537075301,0.0618164394365319,0,610498.95579838,0.1078733577,5654727.87225015,1e-04,"1_98_15",1,98,15,1470,2,4397.84066255712,635002.16958745,144725.541268866,0.00897012096546316,0.00897012096546316,111.481216791859,111.481216791859,1,FALSE,0.00782942360134586,0.00074135540919751,0,0.019703727690251,0.242603990677292
"186","Facebook_Impressions",25093.9644880392,194952.756176644,0.0184380788257993,1725.24562988181,0.0184380788257993,194952.756176644,0.0184380788257993,1725.24562988181,0.0184380788257993,TRUE,0.244677122195661,0.244677122195661,161373.82300885,18235242,NA,NA,0.281760789818073,0.281760789818073,0.63593676983,0.163291334087497,-0.103562652497261,-0.347532188629145,0.145453981268278,0.212006537075301,0.295853120990873,0.212006537075301,0.0618164394365319,0,610498.95579838,0.1078733577,5654727.87225015,1e-04,"1_98_15",1,98,15,1470,2,1725.24562988181,171696.504691846,10322.6816829966,0.0106909881523176,0.0106909881523176,93.5367232432317,93.5367232432317,1,FALSE,0.00891222269670811,0.000954082668229271,0,0.0241936972477182,0.000798276423147481
"187","Affiliate_Impressions",0,0,0,0,0,0,0,0,0,TRUE,0.0119589773890613,0.0119589773890613,7887.3982300885,891276,NA,NA,0,0,0.63593676983,0.163291334087497,-0.103562652497261,-0.347532188629145,0.145453981268278,0.212006537075301,0.295853120990873,0.212006537075301,0.0618164394365319,0,610498.95579838,0.1078733577,5654727.87225015,1e-04,"1_98_15",1,98,15,1470,2,0,10705.4055100062,2818.00727991767,0,0,Inf,Inf,1,FALSE,0,0,0,0,NA
"188","Organic_Views",0,0,0,0,0,0,0,0,0,TRUE,NA,NA,NA,NA,8051.88495575221,8051.88495575221,NA,NA,0.63593676983,0.163291334087497,-0.103562652497261,-0.347532188629145,0.145453981268278,0.212006537075301,0.295853120990873,0.212006537075301,0.0618164394365319,0,610498.95579838,0.1078733577,5654727.87225015,1e-04,"1_98_15",1,98,15,1470,2,0,8562.01483784028,510.12988208807,NA,NA,NA,NA,1,FALSE,NA,NA,NA,NA,NA
"189","Email_Impressions",17792.3007852681,351581.1818398,0.03325155115302,3111.33789238761,0.03325155115302,351581.1818398,0.03325155115302,3111.33789238761,0.03325155115302,TRUE,NA,NA,NA,NA,389433.016085841,389433.016085841,NA,NA,0.63593676983,0.163291334087497,-0.103562652497261,-0.347532188629145,0.145453981268278,0.212006537075301,0.295853120990873,0.212006537075301,0.0618164394365319,0,610498.95579838,0.1078733577,5654727.87225015,1e-04,"1_98_15",1,98,15,1470,2,3111.33789238761,491113.542012907,101680.525927066,NA,NA,NA,NA,1,FALSE,NA,NA,NA,NA,0.0326963596062134
"190","(Intercept)",70815.1205558859,8002108.6228151,0.762101627668492,70815.1205558859,0.762101627668492,8002108.6228151,0.762101627668492,70815.1205558859,0.762101627668492,TRUE,NA,NA,NA,NA,NA,NA,NA,NA,0.63926246951,0.107427047279136,-0.119019682154256,-0.463416716385518,0.150231270702622,0.213486106997405,0.308312112422644,0.213486106997405,0.0396967084962678,0,791412.543945992,0.1398698897,5654727.87225015,1e-04,"1_99_1",1,99,1,1471,3,NA,NA,NA,NA,NA,NA,NA,1,FALSE,NA,NA,NA,NA,NA
"191","trend",0.138813389309836,1662272.41832408,0.158310837223747,14710.3753833989,0.158310837223747,1662272.41832408,0.158310837223747,14710.3753833989,0.158310837223747,TRUE,NA,NA,NA,NA,NA,NA,NA,NA,0.63926246951,0.107427047279136,-0.119019682154256,-0.463416716385518,0.150231270702622,0.213486106997405,0.308312112422644,0.213486106997405,0.0396967084962678,0,791412.543945992,0.1398698897,5654727.87225015,1e-04,"1_99_1",1,99,1,1471,3,NA,NA,NA,NA,NA,NA,NA,1,FALSE,NA,NA,NA,NA,NA
"192","season",0.0475077411048887,-13565.4484045556,-0.00129194076167487,-120.048215969519,-0.00129194076167487,-13565.4484045556,-0.00129194076167487,-120.048215969519,-0.00129194076167487,FALSE,NA,NA,NA,NA,NA,NA,NA,NA,0.63926246951,0.107427047279136,-0.119019682154256,-0.463416716385518,0.150231270702622,0.213486106997405,0.308312112422644,0.213486106997405,0.0396967084962678,0,791412.543945992,0.1398698897,5654727.87225015,1e-04,"1_99_1",1,99,1,1471,3,NA,NA,NA,NA,NA,NA,NA,1,FALSE,NA,NA,NA,NA,NA
"193","holiday",0,0,0,0,0,0,0,0,0,TRUE,NA,NA,NA,NA,NA,NA,NA,NA,0.63926246951,0.107427047279136,-0.119019682154256,-0.463416716385518,0.150231270702622,0.213486106997405,0.308312112422644,0.213486106997405,0.0396967084962678,0,791412.543945992,0.1398698897,5654727.87225015,1e-04,"1_99_1",1,99,1,1471,3,NA,NA,NA,NA,NA,NA,NA,1,FALSE,NA,NA,NA,NA,NA
"194","Google_Impressions",22148.9703837905,399866.683962019,0.0380823436748914,3538.64322090282,0.0380823436748914,399866.683962019,0.0380823436748914,3538.64322090282,0.0380823436748914,TRUE,0.743363900415277,0.743363900415277,490276.628318584,55401259,NA,NA,0.731014751489672,0.731014751489672,0.63926246951,0.107427047279136,-0.119019682154256,-0.463416716385518,0.150231270702622,0.213486106997405,0.308312112422644,0.213486106997405,0.0396967084962678,0,791412.543945992,0.1398698897,5654727.87225015,1e-04,"1_99_1",1,99,1,1471,3,3538.64322090282,667124.58825344,176847.959934856,0.00721764615425109,0.00721764615425109,138.549324617558,138.549324617558,1,FALSE,0.00782942360134586,0.00074135540919751,0,0.019703727690251,0.27256141500634
"195","Facebook_Impressions",24238.8299551633,147135.525155055,0.0140128344282682,1302.08429340756,0.0140128344282682,147135.525155055,0.0140128344282682,1302.08429340756,0.0140128344282682,TRUE,0.244677122195661,0.244677122195661,161373.82300885,18235242,NA,NA,0.268985248510329,0.268985248510329,0.63926246951,0.107427047279136,-0.119019682154256,-0.463416716385518,0.150231270702622,0.213486106997405,0.308312112422644,0.213486106997405,0.0396967084962678,0,791412.543945992,0.1398698897,5654727.87225015,1e-04,"1_99_1",1,99,1,1471,3,1302.08429340756,170036.267100605,8662.44409175523,0.00806874540820761,0.00806874540820761,123.935004688931,123.935004688931,1,FALSE,0.00891222269670811,0.000954082668229271,0,0.0241936972477182,0.000425123531482528
"196","Affiliate_Impressions",0,0,0,0,0,0,0,0,0,TRUE,0.0119589773890613,0.0119589773890613,7887.3982300885,891276,NA,NA,0,0,0.63926246951,0.107427047279136,-0.119019682154256,-0.463416716385518,0.150231270702622,0.213486106997405,0.308312112422644,0.213486106997405,0.0396967084962678,0,791412.543945992,0.1398698897,5654727.87225015,1e-04,"1_99_1",1,99,1,1471,3,0,9797.66746223245,1910.26923214396,0,0,Inf,Inf,1,FALSE,0,0,0,0,NA
"197","Organic_Views",0,0,0,0,0,0,0,0,0,TRUE,NA,NA,NA,NA,8051.88495575221,8051.88495575221,NA,NA,0.63926246951,0.107427047279136,-0.119019682154256,-0.463416716385518,0.150231270702622,0.213486106997405,0.308312112422644,0.213486106997405,0.0396967084962678,0,791412.543945992,0.1398698897,5654727.87225015,1e-04,"1_99_1",1,99,1,1471,3,0,8902.97140873335,851.086452981132,NA,NA,NA,NA,1,FALSE,NA,NA,NA,NA,NA
"198","Email_Impressions",9733.61056275255,302236.695205422,0.0287842977662764,2674.66101951701,0.0287842977662764,302236.695205422,0.0287842977662764,2674.66101951701,0.0287842977662764,TRUE,NA,NA,NA,NA,389433.016085841,389433.016085841,NA,NA,0.63926246951,0.107427047279136,-0.119019682154256,-0.463416716385518,0.150231270702622,0.213486106997405,0.308312112422644,0.213486106997405,0.0396967084962678,0,791412.543945992,0.1398698897,5654727.87225015,1e-04,"1_99_1",1,99,1,1471,3,2674.66101951701,437770.978669009,48337.9625831686,NA,NA,NA,NA,1,FALSE,NA,NA,NA,NA,0.0145609147547715
"199","(Intercept)",74311.0293521857,8397146.31679698,0.805075633794472,74311.0293521857,0.805075633794472,8397146.31679698,0.805075633794472,74311.0293521857,0.805075633794472,TRUE,NA,NA,NA,NA,NA,NA,NA,NA,0.63485631032,0.0533364806666243,-0.133037820411299,-0.582165830125038,0.154716381699041,0.214819132511942,0.320577163194566,0.214819132511942,0.0196410646950847,0,1058017.83444113,0.1870219295,5654727.87225015,1e-04,"1_101_14",1,101,14,1514,2,NA,NA,NA,NA,NA,NA,NA,3,FALSE,NA,NA,NA,NA,NA
"200","trend",0.10975161438446,1314261.41501827,0.12600469275508,11630.6319913121,0.12600469275508,1314261.41501827,0.12600469275508,11630.6319913121,0.12600469275508,TRUE,NA,NA,NA,NA,NA,NA,NA,NA,0.63485631032,0.0533364806666243,-0.133037820411299,-0.582165830125038,0.154716381699041,0.214819132511942,0.320577163194566,0.214819132511942,0.0196410646950847,0,1058017.83444113,0.1870219295,5654727.87225015,1e-04,"1_101_14",1,101,14,1514,2,NA,NA,NA,NA,NA,NA,NA,3,FALSE,NA,NA,NA,NA,NA
"201","season",0.0366613734360276,-10468.3564871789,-0.00100365271912003,-92.6403228953885,-0.00100365271912003,-10468.3564871789,-0.00100365271912003,-92.6403228953885,-0.00100365271912003,FALSE,NA,NA,NA,NA,NA,NA,NA,NA,0.63485631032,0.0533364806666243,-0.133037820411299,-0.582165830125038,0.154716381699041,0.214819132511942,0.320577163194566,0.214819132511942,0.0196410646950847,0,1058017.83444113,0.1870219295,5654727.87225015,1e-04,"1_101_14",1,101,14,1514,2,NA,NA,NA,NA,NA,NA,NA,3,FALSE,NA,NA,NA,NA,NA
"202","holiday",0,0,0,0,0,0,0,0,0,TRUE,NA,NA,NA,NA,NA,NA,NA,NA,0.63485631032,0.0533364806666243,-0.133037820411299,-0.582165830125038,0.154716381699041,0.214819132511942,0.320577163194566,0.214819132511942,0.0196410646950847,0,1058017.83444113,0.1870219295,5654727.87225015,1e-04,"1_101_14",1,101,14,1514,2,NA,NA,NA,NA,NA,NA,NA,3,FALSE,NA,NA,NA,NA,NA
"203","Google_Impressions",17348.0113406869,311377.734590784,0.0298533117761348,2755.55517336977,0.0298533117761348,311377.734590784,0.0298533117761348,2755.55517336977,0.0298533117761348,TRUE,0.743363900415277,0.743363900415277,490276.628318584,55401259,NA,NA,0.750454855435752,0.750454855435752,0.63485631032,0.0533364806666243,-0.133037820411299,-0.582165830125038,0.154716381699041,0.214819132511942,0.320577163194566,0.214819132511942,0.0196410646950847,0,1058017.83444113,0.1870219295,5654727.87225015,1e-04,"1_101_14",1,101,14,1514,2,2755.55517336977,656626.78744641,166350.159127826,0.00562040899812013,0.00562040899812013,177.922994631613,177.922994631613,3,FALSE,0.00614836150170441,0.000208230508885948,0.00308252913534494,0.00922081584551984,0.275216331884598
"204","Facebook_Impressions",23242.0441363315,103540.940843706,0.00992697821719263,916.291511891207,0.00992697821719263,103540.940843706,0.00992697821719263,916.291511891207,0.00992697821719263,TRUE,0.244677122195661,0.244677122195661,161373.82300885,18235242,NA,NA,0.249545144564249,0.249545144564249,0.63485631032,0.0533364806666243,-0.133037820411299,-0.582165830125038,0.154716381699041,0.214819132511942,0.320577163194566,0.214819132511942,0.0196410646950847,0,1058017.83444113,0.1870219295,5654727.87225015,1e-04,"1_101_14",1,101,14,1514,2,916.291511891207,164378.85650448,3005.03349563082,0.00567806782293903,0.00567806782293903,176.116247847562,176.116247847562,3,FALSE,0.00666154589379305,0.000271917387353167,0.00265856156013475,0.0106742308008493,1.3460325861648e-05
"205","Affiliate_Impressions",0,0,0,0,0,0,0,0,0,TRUE,0.0119589773890613,0.0119589773890613,7887.3982300885,891276,NA,NA,0,0,0.63485631032,0.0533364806666243,-0.133037820411299,-0.582165830125038,0.154716381699041,0.214819132511942,0.320577163194566,0.214819132511942,0.0196410646950847,0,1058017.83444113,0.1870219295,5654727.87225015,1e-04,"1_101_14",1,101,14,1514,2,0,9913.59024146508,2026.19201137659,0,0,Inf,Inf,3,FALSE,0,0,0,0,NA
"206","Organic_Views",0,0,0,0,0,0,0,0,0,TRUE,NA,NA,NA,NA,8051.88495575221,8051.88495575221,NA,NA,0.63485631032,0.0533364806666243,-0.133037820411299,-0.582165830125038,0.154716381699041,0.214819132511942,0.320577163194566,0.214819132511942,0.0196410646950847,0,1058017.83444113,0.1870219295,5654727.87225015,1e-04,"1_101_14",1,101,14,1514,2,0,8891.06485519383,839.179899441614,NA,NA,NA,NA,3,FALSE,NA,NA,NA,NA,NA
"207","Email_Impressions",9554.17555135815,314399.634741663,0.0301430361762404,2782.29765258109,0.0301430361762404,314399.634741663,0.0301430361762404,2782.29765258109,0.0301430361762404,TRUE,NA,NA,NA,NA,389433.016085841,389433.016085841,NA,NA,0.63485631032,0.0533364806666243,-0.133037820411299,-0.582165830125038,0.154716381699041,0.214819132511942,0.320577163194566,0.214819132511942,0.0196410646950847,0,1058017.83444113,0.1870219295,5654727.87225015,1e-04,"1_101_14",1,101,14,1514,2,2782.29765258109,414701.961625591,25268.94553975,NA,NA,NA,NA,3,FALSE,NA,NA,NA,NA,0.025837284297249
"208","(Intercept)",68571.9826736263,7748634.04211977,0.73955962924619,68571.9826736263,0.73955962924619,7748634.04211977,0.73955962924619,68571.9826736263,0.73955962924619,TRUE,NA,NA,NA,NA,NA,NA,NA,NA,0.63900598706,0.0900547904774075,-0.124160429242301,-0.503428693483526,0.151686210221228,0.213975919884937,0.312498544124513,0.213975919884937,0.0247464527761976,0,847965.866402626,0.1498719587,5654727.87225015,1e-04,"1_103_14",1,103,14,1544,2,NA,NA,NA,NA,NA,NA,NA,3,FALSE,NA,NA,NA,NA,NA
"209","trend",0.131211582822177,1571241.76690998,0.149965396775169,13904.7943974334,0.149965396775169,1571241.76690998,0.149965396775169,13904.7943974334,0.149965396775169,TRUE,NA,NA,NA,NA,NA,NA,NA,NA,0.63900598706,0.0900547904774075,-0.124160429242301,-0.503428693483526,0.151686210221228,0.213975919884937,0.312498544124513,0.213975919884937,0.0247464527761976,0,847965.866402626,0.1498719587,5654727.87225015,1e-04,"1_103_14",1,103,14,1544,2,NA,NA,NA,NA,NA,NA,NA,3,FALSE,NA,NA,NA,NA,NA
"210","season",0.0447978057357292,-12791.6484390121,-0.00122088444564294,-113.200428663824,-0.00122088444564294,-12791.6484390121,-0.00122088444564294,-113.200428663824,-0.00122088444564294,FALSE,NA,NA,NA,NA,NA,NA,NA,NA,0.63900598706,0.0900547904774075,-0.124160429242301,-0.503428693483526,0.151686210221228,0.213975919884937,0.312498544124513,0.213975919884937,0.0247464527761976,0,847965.866402626,0.1498719587,5654727.87225015,1e-04,"1_103_14",1,103,14,1544,2,NA,NA,NA,NA,NA,NA,NA,3,FALSE,NA,NA,NA,NA,NA
"211","holiday",0,0,0,0,0,0,0,0,0,TRUE,NA,NA,NA,NA,NA,NA,NA,NA,0.63900598706,0.0900547904774075,-0.124160429242301,-0.503428693483526,0.151686210221228,0.213975919884937,0.312498544124513,0.213975919884937,0.0247464527761976,0,847965.866402626,0.1498719587,5654727.87225015,1e-04,"1_103_14",1,103,14,1544,2,NA,NA,NA,NA,NA,NA,NA,3,FALSE,NA,NA,NA,NA,NA
"212","Google_Impressions",21098.5760118964,378696.247809556,0.0361442358878444,3351.29422840315,0.0361442358878444,378696.247809556,0.0361442358878444,3351.29422840315,0.0361442358878444,TRUE,0.743363900415277,0.743363900415277,490276.628318584,55401259,NA,NA,0.741282932080987,0.741282932080987,0.63900598706,0.0900547904774075,-0.124160429242301,-0.503428693483526,0.151686210221228,0.213975919884937,0.312498544124513,0.213975919884937,0.0247464527761976,0,847965.866402626,0.1498719587,5654727.87225015,1e-04,"1_103_14",1,103,14,1544,2,3351.29422840315,656626.78744641,166350.159127826,0.00683551700169044,0.00683551700169044,146.294713297136,146.294713297136,3,FALSE,0.00614836150170441,0.000208230508885948,0.00308252913534494,0.00922081584551984,0.275216331884598
"213","Facebook_Impressions",22082.0430366786,132169.754118278,0.0126147929844076,1169.64384175468,0.0126147929844076,132169.754118278,0.0126147929844076,1169.64384175468,0.0126147929844076,TRUE,0.244677122195661,0.244677122195661,161373.82300885,18235242,NA,NA,0.258717067919013,0.258717067919013,0.63900598706,0.0900547904774075,-0.124160429242301,-0.503428693483526,0.151686210221228,0.213975919884937,0.312498544124513,0.213975919884937,0.0247464527761976,0,847965.866402626,0.1498719587,5654727.87225015,1e-04,"1_103_14",1,103,14,1544,2,1169.64384175468,164378.85650448,3005.03349563082,0.00724803948959264,0.00724803948959264,137.968343223831,137.968343223831,3,FALSE,0.00666154589379305,0.000271917387353167,0.00265856156013475,0.0106742308008493,1.68993344758922e-05
"214","Affiliate_Impressions",0,0,0,0,0,0,0,0,0,TRUE,0.0119589773890613,0.0119589773890613,7887.3982300885,891276,NA,NA,0,0,0.63900598706,0.0900547904774075,-0.124160429242301,-0.503428693483526,0.151686210221228,0.213975919884937,0.312498544124513,0.213975919884937,0.0247464527761976,0,847965.866402626,0.1498719587,5654727.87225015,1e-04,"1_103_14",1,103,14,1544,2,0,10319.8841996776,2432.48596958907,0,0,Inf,Inf,3,FALSE,0,0,0,0,NA
"215","Organic_Views",0,0,0,0,0,0,0,0,0,TRUE,NA,NA,NA,NA,8051.88495575221,8051.88495575221,NA,NA,0.63900598706,0.0900547904774075,-0.124160429242301,-0.503428693483526,0.151686210221228,0.213975919884937,0.312498544124513,0.213975919884937,0.0247464527761976,0,847965.866402626,0.1498719587,5654727.87225015,1e-04,"1_103_14",1,103,14,1544,2,0,8891.06485519383,839.179899441614,NA,NA,NA,NA,3,FALSE,NA,NA,NA,NA,NA
"216","Email_Impressions",17538.3847070456,659411.953660908,0.0629368295520323,5835.5040146983,0.0629368295520323,659411.953660908,0.0629368295520323,5835.5040146983,0.0629368295520323,TRUE,NA,NA,NA,NA,389433.016085841,389433.016085841,NA,NA,0.63900598706,0.0900547904774075,-0.124160429242301,-0.503428693483526,0.151686210221228,0.213975919884937,0.312498544124513,0.213975919884937,0.0247464527761976,0,847965.866402626,0.1498719587,5654727.87225015,1e-04,"1_103_14",1,103,14,1544,2,5835.5040146983,438660.729070084,49227.7129842435,NA,NA,NA,NA,3,FALSE,NA,NA,NA,NA,0.210850325647779
"217","(Intercept)",76417.4475276958,8635171.57062963,0.829419611770734,76417.4475276958,0.829419611770734,8635171.57062963,0.829419611770734,76417.4475276958,0.829419611770734,TRUE,NA,NA,NA,NA,NA,NA,NA,NA,0.64111130597,0.0389459445271099,-0.131495769349777,-0.612635610027841,0.155887893060628,0.214672899591443,0.323649323706786,0.214672899591443,0.0197483892691623,0,1164075.76812115,0.2057794264,5654727.87225015,1e-04,"1_104_6",1,104,6,1551,1,NA,NA,NA,NA,NA,NA,NA,1,FALSE,NA,NA,NA,NA,NA
"218","trend",0.101509387444876,1215561.81136075,0.116756314268421,10757.1841713341,0.116756314268421,1215561.81136075,0.116756314268421,10757.1841713341,0.116756314268421,TRUE,NA,NA,NA,NA,NA,NA,NA,NA,0.64111130597,0.0389459445271099,-0.131495769349777,-0.612635610027841,0.155887893060628,0.214672899591443,0.323649323706786,0.214672899591443,0.0197483892691623,0,1164075.76812115,0.2057794264,5654727.87225015,1e-04,"1_104_6",1,104,6,1551,1,NA,NA,NA,NA,NA,NA,NA,1,FALSE,NA,NA,NA,NA,NA
"219","season",0.0335781131047607,-9587.95662035994,-0.000920935871706569,-84.8491736315039,-0.000920935871706569,-9587.95662035994,-0.000920935871706569,-84.8491736315039,-0.000920935871706569,FALSE,NA,NA,NA,NA,NA,NA,NA,NA,0.64111130597,0.0389459445271099,-0.131495769349777,-0.612635610027841,0.155887893060628,0.214672899591443,0.323649323706786,0.214672899591443,0.0197483892691623,0,1164075.76812115,0.2057794264,5654727.87225015,1e-04,"1_104_6",1,104,6,1551,1,NA,NA,NA,NA,NA,NA,NA,1,FALSE,NA,NA,NA,NA,NA
"220","holiday",0,0,0,0,0,0,0,0,0,TRUE,NA,NA,NA,NA,NA,NA,NA,NA,0.64111130597,0.0389459445271099,-0.131495769349777,-0.612635610027841,0.155887893060628,0.214672899591443,0.323649323706786,0.214672899591443,0.0197483892691623,0,1164075.76812115,0.2057794264,5654727.87225015,1e-04,"1_104_6",1,104,6,1551,1,NA,NA,NA,NA,NA,NA,NA,1,FALSE,NA,NA,NA,NA,NA
"221","Google_Impressions",14224.1487189859,285725.48764664,0.0274443097161994,2528.54413846584,0.0274443097161994,285725.48764664,0.0274443097161994,2528.54413846584,0.0274443097161994,TRUE,0.743363900415277,0.743363900415277,490276.628318584,55401259,NA,NA,0.747786363259756,0.747786363259756,0.64111130597,0.0389459445271099,-0.131495769349777,-0.612635610027841,0.155887893060628,0.214672899591443,0.323649323706786,0.214672899591443,0.0197483892691623,0,1164075.76812115,0.2057794264,5654727.87225015,1e-04,"1_104_6",1,104,6,1551,1,2528.54413846584,630117.801621926,139841.173303342,0.00515738257223794,0.00515738257223794,193.896804433896,193.896804433896,1,FALSE,0.00782942360134586,0.00074135540919751,0,0.019703727690251,0.268324012865968
"222","Facebook_Impressions",19710.2346930409,96369.588814909,0.00925642603480304,852.828219600965,0.00925642603480304,96369.588814909,0.00925642603480304,852.828219600965,0.00925642603480304,TRUE,0.244677122195661,0.244677122195661,161373.82300885,18235242,NA,NA,0.252213636740244,0.252213636740244,0.64111130597,0.0389459445271099,-0.131495769349777,-0.612635610027841,0.155887893060628,0.214672899591443,0.323649323706786,0.214672899591443,0.0197483892691623,0,1164075.76812115,0.2057794264,5654727.87225015,1e-04,"1_104_6",1,104,6,1551,1,852.828219600965,163763.514533015,2389.69152416504,0.00528479900704959,0.00528479900704959,189.221955019682,189.221955019682,1,FALSE,0.00891222269670811,0.000954082668229271,0,0.0241936972477182,8.0089487548058e-06
"223","Affiliate_Impressions",0,0,0,0,0,0,0,0,0,TRUE,0.0119589773890613,0.0119589773890613,7887.3982300885,891276,NA,NA,0,0,0.64111130597,0.0389459445271099,-0.131495769349777,-0.612635610027841,0.155887893060628,0.214672899591443,0.323649323706786,0.214672899591443,0.0197483892691623,0,1164075.76812115,0.2057794264,5654727.87225015,1e-04,"1_104_6",1,104,6,1551,1,0,9940.0485795505,2052.65034946201,0,0,Inf,Inf,1,FALSE,0,0,0,0,NA
"224","Organic_Views",0,0,0,0,0,0,0,0,0,TRUE,NA,NA,NA,NA,8051.88495575221,8051.88495575221,NA,NA,0.64111130597,0.0389459445271099,-0.131495769349777,-0.612635610027841,0.155887893060628,0.214672899591443,0.323649323706786,0.214672899591443,0.0197483892691623,0,1164075.76812115,0.2057794264,5654727.87225015,1e-04,"1_104_6",1,104,6,1551,1,0,9520.44538774805,1468.56043199584,NA,NA,NA,NA,1,FALSE,NA,NA,NA,NA,NA
"225","Email_Impressions",7482.57539813904,187860.764744866,0.0180442740815489,1662.48464375988,0.0180442740815489,187860.764744866,0.0180442740815489,1662.48464375988,0.0180442740815489,TRUE,NA,NA,NA,NA,389433.016085841,389433.016085841,NA,NA,0.64111130597,0.0389459445271099,-0.131495769349777,-0.612635610027841,0.155887893060628,0.214672899591443,0.323649323706786,0.214672899591443,0.0197483892691623,0,1164075.76812115,0.2057794264,5654727.87225015,1e-04,"1_104_6",1,104,6,1551,1,1662.48464375988,504392.285354597,114959.269268756,NA,NA,NA,NA,1,FALSE,NA,NA,NA,NA,0.0283637452304506
"226","(Intercept)",73709.5378516678,8329177.77723846,0.796300942054997,73709.5378516678,0.796300942054997,8329177.77723846,0.796300942054997,73709.5378516678,0.796300942054997,TRUE,NA,NA,NA,NA,NA,NA,NA,NA,0.63610368812,0.078698330448028,-0.128272841568758,-0.528966211636499,0.152629825789139,0.214366946774746,0.31514144723884,0.214366946774746,0.022424204487821,0,934683.650521184,0.1652089402,5654727.87225015,1e-04,"1_105_4",1,105,4,1564,2,NA,NA,NA,NA,NA,NA,NA,3,FALSE,NA,NA,NA,NA,NA
"227","trend",0.121680884930489,1457112.88992268,0.13930551105497,12894.8043355989,0.13930551105497,1457112.88992268,0.13930551105497,12894.8043355989,0.13930551105497,TRUE,NA,NA,NA,NA,NA,NA,NA,NA,0.63610368812,0.078698330448028,-0.128272841568758,-0.528966211636499,0.152629825789139,0.214366946774746,0.31514144723884,0.214366946774746,0.022424204487821,0,934683.650521184,0.1652089402,5654727.87225015,1e-04,"1_105_4",1,105,4,1564,2,NA,NA,NA,NA,NA,NA,NA,3,FALSE,NA,NA,NA,NA,NA
"228","season",0.040906099045927,-11680.4033013066,-0.00111669079483816,-103.366400896519,-0.00111669079483816,-11680.4033013066,-0.00111669079483816,-103.366400896519,-0.00111669079483816,FALSE,NA,NA,NA,NA,NA,NA,NA,NA,0.63610368812,0.078698330448028,-0.128272841568758,-0.528966211636499,0.152629825789139,0.214366946774746,0.31514144723884,0.214366946774746,0.022424204487821,0,934683.650521184,0.1652089402,5654727.87225015,1e-04,"1_105_4",1,105,4,1564,2,NA,NA,NA,NA,NA,NA,NA,3,FALSE,NA,NA,NA,NA,NA
"229","holiday",0,0,0,0,0,0,0,0,0,TRUE,NA,NA,NA,NA,NA,NA,NA,NA,0.63610368812,0.078698330448028,-0.128272841568758,-0.528966211636499,0.152629825789139,0.214366946774746,0.31514144723884,0.214366946774746,0.022424204487821,0,934683.650521184,0.1652089402,5654727.87225015,1e-04,"1_105_4",1,105,4,1564,2,NA,NA,NA,NA,NA,NA,NA,3,FALSE,NA,NA,NA,NA,NA
"230","Google_Impressions",19575.0493781853,344343.123750702,0.0329205068214735,3047.28428097967,0.0329205068214735,344343.123750702,0.0329205068214735,3047.28428097967,0.0329205068214735,TRUE,0.743363900415277,0.743363900415277,490276.628318584,55401259,NA,NA,0.743498537856369,0.743498537856369,0.63610368812,0.078698330448028,-0.128272841568758,-0.528966211636499,0.152629825789139,0.214366946774746,0.31514144723884,0.214366946774746,0.022424204487821,0,934683.650521184,0.1652089402,5654727.87225015,1e-04,"1_105_4",1,105,4,1564,2,3047.28428097967,685278.104671917,195001.476353333,0.00621543860132678,0.00621543860132678,160.889691644052,160.889691644052,3,FALSE,0.00614836150170441,0.000208230508885948,0.00308252913534494,0.00922081584551984,0.278954418613343
"231","Facebook_Impressions",22908.2246858846,118795.814953201,0.0113573298456824,1051.29039781594,0.0113573298456824,118795.814953201,0.0113573298456824,1051.29039781594,0.0113573298456824,TRUE,0.244677122195661,0.244677122195661,161373.82300885,18235242,NA,NA,0.256501462143631,0.256501462143631,0.63610368812,0.078698330448028,-0.128272841568758,-0.528966211636499,0.152629825789139,0.214366946774746,0.31514144723884,0.214366946774746,0.022424204487821,0,934683.650521184,0.1652089402,5654727.87225015,1e-04,"1_105_4",1,105,4,1564,2,1051.29039781594,165364.157379933,3990.33437108389,0.00651462782633764,0.00651462782633764,153.500710502165,153.500710502165,3,FALSE,0.00666154589379305,0.000271917387353167,0.00265856156013475,0.0106742308008493,3.61878893944526e-05
"232","Affiliate_Impressions",0,0,0,0,0,0,0,0,0,TRUE,0.0119589773890613,0.0119589773890613,7887.3982300885,891276,NA,NA,0,0,0.63610368812,0.078698330448028,-0.128272841568758,-0.528966211636499,0.152629825789139,0.214366946774746,0.31514144723884,0.214366946774746,0.022424204487821,0,934683.650521184,0.1652089402,5654727.87225015,1e-04,"1_105_4",1,105,4,1564,2,0,9421.4136014499,1534.0153713614,0,0,Inf,Inf,3,FALSE,0,0,0,0,NA
"233","Organic_Views",0,0,0,0,0,0,0,0,0,TRUE,NA,NA,NA,NA,8051.88495575221,8051.88495575221,NA,NA,0.63610368812,0.078698330448028,-0.128272841568758,-0.528966211636499,0.152629825789139,0.214366946774746,0.31514144723884,0.214366946774746,0.022424204487821,0,934683.650521184,0.1652089402,5654727.87225015,1e-04,"1_105_4",1,105,4,1564,2,0,9209.23796057635,1157.35300482414,NA,NA,NA,NA,3,FALSE,NA,NA,NA,NA,NA
"234","Email_Impressions",7962.8735686158,222087.446308655,0.0212324010177154,1965.37563105004,0.0212324010177154,222087.446308655,0.0212324010177154,1965.37563105004,0.0212324010177154,TRUE,NA,NA,NA,NA,389433.016085841,389433.016085841,NA,NA,0.63610368812,0.078698330448028,-0.128272841568758,-0.528966211636499,0.152629825789139,0.214366946774746,0.31514144723884,0.214366946774746,0.022424204487821,0,934683.650521184,0.1652089402,5654727.87225015,1e-04,"1_105_4",1,105,4,1564,2,1965.37563105004,403332.730031595,13899.7139457547,NA,NA,NA,NA,3,FALSE,NA,NA,NA,NA,0.000566937809195224
"235","(Intercept)",72425.4998205206,8184081.47971883,0.784651440153139,72425.4998205206,0.784651440153139,8184081.47971883,0.784651440153139,72425.4998205206,0.784651440153139,TRUE,NA,NA,NA,NA,NA,NA,NA,NA,0.63540163589,0.0544168004982644,-0.126285632793853,-0.578876152584232,0.154628076358951,0.214178083052912,0.32024371387164,0.214178083052912,0.0228857731445747,0,1064430.98163404,0.1881561642,5654727.87225015,1e-04,"1_106_1",1,106,1,1576,2,NA,NA,NA,NA,NA,NA,NA,3,FALSE,NA,NA,NA,NA,NA
"236","trend",0.108954464828961,1304715.65199085,0.125090032138846,11546.1562123084,0.125090032138846,1304715.65199085,0.125090032138846,11546.1562123084,0.125090032138846,TRUE,NA,NA,NA,NA,NA,NA,NA,NA,0.63540163589,0.0544168004982644,-0.126285632793853,-0.578876152584232,0.154628076358951,0.214178083052912,0.32024371387164,0.214178083052912,0.0228857731445747,0,1064430.98163404,0.1881561642,5654727.87225015,1e-04,"1_106_1",1,106,1,1576,2,NA,NA,NA,NA,NA,NA,NA,3,FALSE,NA,NA,NA,NA,NA
"237","season",0.0364128921191636,-10397.4046716427,-0.00099685451197875,-92.012430722502,-0.00099685451197875,-10397.4046716427,-0.00099685451197875,-92.012430722502,-0.00099685451197875,FALSE,NA,NA,NA,NA,NA,NA,NA,NA,0.63540163589,0.0544168004982644,-0.126285632793853,-0.578876152584232,0.154628076358951,0.214178083052912,0.32024371387164,0.214178083052912,0.0228857731445747,0,1064430.98163404,0.1881561642,5654727.87225015,1e-04,"1_106_1",1,106,1,1576,2,NA,NA,NA,NA,NA,NA,NA,3,FALSE,NA,NA,NA,NA,NA
"238","holiday",0,0,0,0,0,0,0,0,0,TRUE,NA,NA,NA,NA,NA,NA,NA,NA,0.63540163589,0.0544168004982644,-0.126285632793853,-0.578876152584232,0.154628076358951,0.214178083052912,0.32024371387164,0.214178083052912,0.0228857731445747,0,1064430.98163404,0.1881561642,5654727.87225015,1e-04,"1_106_1",1,106,1,1576,2,NA,NA,NA,NA,NA,NA,NA,3,FALSE,NA,NA,NA,NA,NA
"239","Google_Impressions",17058.4830181961,307882.156843522,0.0295183006624983,2724.62085702232,0.0295183006624983,307882.156843522,0.0295183006624983,2724.62085702232,0.0295183006624983,TRUE,0.743363900415277,0.743363900415277,490276.628318584,55401259,NA,NA,0.743015336123268,0.743015336123268,0.63540163589,0.0544168004982644,-0.126285632793853,-0.578876152584232,0.154628076358951,0.214178083052912,0.32024371387164,0.214178083052912,0.0228857731445747,0,1064430.98163404,0.1881561642,5654727.87225015,1e-04,"1_106_1",1,106,1,1576,2,2724.62085702232,688451.756384881,198175.128066297,0.00555731336075814,0.00555731336075814,179.943065125911,179.943065125911,3,FALSE,0.00614836150170441,0.000208230508885948,0.00308252913534494,0.00922081584551984,0.288346564251212
"240","Facebook_Impressions",19204.2582857296,106486.351954584,0.0102094131913126,942.35709694322,0.0102094131913126,106486.351954584,0.0102094131913126,942.35709694322,0.0102094131913126,TRUE,0.244677122195661,0.244677122195661,161373.82300885,18235242,NA,NA,0.256984663876732,0.256984663876732,0.63540163589,0.0544168004982644,-0.126285632793853,-0.578876152584232,0.154628076358951,0.214178083052912,0.32024371387164,0.214178083052912,0.0228857731445747,0,1064430.98163404,0.1881561642,5654727.87225015,1e-04,"1_106_1",1,106,1,1576,2,942.35709694322,164800.577486796,3426.75447794657,0.00583959082937226,0.00583959082937226,171.244874721385,171.244874721385,3,FALSE,0.00666154589379305,0.000271917387353167,0.00265856156013475,0.0106742308008493,2.33296191488615e-05
"241","Affiliate_Impressions",0,0,0,0,0,0,0,0,0,TRUE,0.0119589773890613,0.0119589773890613,7887.3982300885,891276,NA,NA,0,0,0.63540163589,0.0544168004982644,-0.126285632793853,-0.578876152584232,0.154628076358951,0.214178083052912,0.32024371387164,0.214178083052912,0.0228857731445747,0,1064430.98163404,0.1881561642,5654727.87225015,1e-04,"1_106_1",1,106,1,1576,2,0,8536.53666108622,649.138430997723,0,0,Inf,Inf,3,FALSE,0,0,0,0,NA
"242","Organic_Views",0,0,0,0,0,0,0,0,0,TRUE,NA,NA,NA,NA,8051.88495575221,8051.88495575221,NA,NA,0.63540163589,0.0544168004982644,-0.126285632793853,-0.578876152584232,0.154628076358951,0.214178083052912,0.32024371387164,0.214178083052912,0.0228857731445747,0,1064430.98163404,0.1881561642,5654727.87225015,1e-04,"1_106_1",1,106,1,1576,2,0,8555.81726233808,503.932306585868,NA,NA,NA,NA,3,FALSE,NA,NA,NA,NA,NA
"243","Email_Impressions",14341.3140031837,537444.545168322,0.051527668366183,4756.14641741878,0.051527668366183,537444.545168322,0.051527668366183,4756.14641741878,0.051527668366183,TRUE,NA,NA,NA,NA,389433.016085841,389433.016085841,NA,NA,0.63540163589,0.0544168004982644,-0.126285632793853,-0.578876152584232,0.154628076358951,0.214178083052912,0.32024371387164,0.214178083052912,0.0228857731445747,0,1064430.98163404,0.1881561642,5654727.87225015,1e-04,"1_106_1",1,106,1,1576,2,4756.14641741878,433066.480016109,43633.4639302681,NA,NA,NA,NA,3,FALSE,NA,NA,NA,NA,0.19755581124124
"244","(Intercept)",67851.9998270622,7667275.98045803,0.72775256919598,67851.9998270622,0.72775256919598,7667275.98045803,0.72775256919598,67851.9998270622,0.72775256919598,TRUE,NA,NA,NA,NA,NA,NA,NA,NA,0.63584344763,0.136609461544424,-0.112711139221137,-0.406821580811562,0.147754978135994,0.212883485877186,0.302291608828513,0.212883485877186,0.0485291968928228,0,684812.884966477,0.1210165828,5654727.87225015,1e-04,"1_107_11",1,107,11,1601,2,NA,NA,NA,NA,NA,NA,NA,1,FALSE,NA,NA,NA,NA,NA
"245","trend",0.154885515447991,1854734.05416562,0.176045244299876,16413.5757005807,0.176045244299876,1854734.05416562,0.176045244299876,16413.5757005807,0.176045244299876,TRUE,NA,NA,NA,NA,NA,NA,NA,NA,0.63584344763,0.136609461544424,-0.112711139221137,-0.406821580811562,0.147754978135994,0.212883485877186,0.302291608828513,0.212883485877186,0.0485291968928228,0,684812.884966477,0.1210165828,5654727.87225015,1e-04,"1_107_11",1,107,11,1601,2,NA,NA,NA,NA,NA,NA,NA,1,FALSE,NA,NA,NA,NA,NA
"246","season",0.0539247530210934,-15397.773874809,-0.00146150595411613,-136.263485617779,-0.00146150595411613,-15397.773874809,-0.00146150595411613,-136.263485617779,-0.00146150595411613,FALSE,NA,NA,NA,NA,NA,NA,NA,NA,0.63584344763,0.136609461544424,-0.112711139221137,-0.406821580811562,0.147754978135994,0.212883485877186,0.302291608828513,0.212883485877186,0.0485291968928228,0,684812.884966477,0.1210165828,5654727.87225015,1e-04,"1_107_11",1,107,11,1601,2,NA,NA,NA,NA,NA,NA,NA,1,FALSE,NA,NA,NA,NA,NA
"247","holiday",0,0,0,0,0,0,0,0,0,TRUE,NA,NA,NA,NA,NA,NA,NA,NA,0.63584344763,0.136609461544424,-0.112711139221137,-0.406821580811562,0.147754978135994,0.212883485877186,0.302291608828513,0.212883485877186,0.0485291968928228,0,684812.884966477,0.1210165828,5654727.87225015,1e-04,"1_107_11",1,107,11,1601,2,NA,NA,NA,NA,NA,NA,NA,1,FALSE,NA,NA,NA,NA,NA
"248","Google_Impressions",22521.0891826549,451410.825307492,0.0428464279514274,3994.78606466807,0.0428464279514274,451410.825307492,0.0428464279514274,3994.78606466807,0.0428464279514274,TRUE,0.743363900415277,0.743363900415277,490276.628318584,55401259,NA,NA,0.725782739185788,0.725782739185788,0.63584344763,0.136609461544424,-0.112711139221137,-0.406821580811562,0.147754978135994,0.212883485877186,0.302291608828513,0.212883485877186,0.0485291968928228,0,684812.884966477,0.1210165828,5654727.87225015,1e-04,"1_107_11",1,107,11,1601,2,3994.78606466807,675154.950847941,184878.322529357,0.00814802467408714,0.00814802467408714,122.729132519721,122.729132519721,1,FALSE,0.00782942360134586,0.00074135540919751,0,0.019703727690251,0.276012444379085
"249","Facebook_Impressions",23384.5205914739,170553.298300494,0.0161883570305002,1509.32122389818,0.0161883570305002,170553.298300494,0.0161883570305002,1509.32122389818,0.0161883570305002,TRUE,0.244677122195661,0.244677122195661,161373.82300885,18235242,NA,NA,0.274217260814212,0.274217260814212,0.63584344763,0.136609461544424,-0.112711139221137,-0.406821580811562,0.147754978135994,0.212883485877186,0.302291608828513,0.212883485877186,0.0485291968928228,0,684812.884966477,0.1210165828,5654727.87225015,1e-04,"1_107_11",1,107,11,1601,2,1509.32122389818,165815.981422101,4442.15841325173,0.00935294954136029,0.00935294954136029,106.918143370477,106.918143370477,1,FALSE,0.00891222269670811,0.000954082668229271,0,0.0241936972477182,7.70494015370073e-05
"250","Affiliate_Impressions",0,0,0,0,0,0,0,0,0,TRUE,0.0119589773890613,0.0119589773890613,7887.3982300885,891276,NA,NA,0,0,0.63584344763,0.136609461544424,-0.112711139221137,-0.406821580811562,0.147754978135994,0.212883485877186,0.302291608828513,0.212883485877186,0.0485291968928228,0,684812.884966477,0.1210165828,5654727.87225015,1e-04,"1_107_11",1,107,11,1601,2,0,11201.0982751751,3313.70004508662,0,0,Inf,Inf,1,FALSE,0,0,0,0,NA
"251","Organic_Views",0,0,0,0,0,0,0,0,0,TRUE,NA,NA,NA,NA,8051.88495575221,8051.88495575221,NA,NA,0.63584344763,0.136609461544424,-0.112711139221137,-0.406821580811562,0.147754978135994,0.212883485877186,0.302291608828513,0.212883485877186,0.0485291968928228,0,684812.884966477,0.1210165828,5654727.87225015,1e-04,"1_107_11",1,107,11,1601,2,0,8376.90326784087,325.018312088659,NA,NA,NA,NA,1,FALSE,NA,NA,NA,NA,NA
"252","Email_Impressions",15584.0283318675,406976.913557093,0.0386289074763331,3601.56560669994,0.0386289074763331,406976.913557093,0.0386289074763331,3601.56560669994,0.0386289074763331,TRUE,NA,NA,NA,NA,389433.016085841,389433.016085841,NA,NA,0.63584344763,0.136609461544424,-0.112711139221137,-0.406821580811562,0.147754978135994,0.212883485877186,0.302291608828513,0.212883485877186,0.0485291968928228,0,684812.884966477,0.1210165828,5654727.87225015,1e-04,"1_107_11",1,107,11,1601,2,3601.56560669994,487072.405136325,97639.3890504845,NA,NA,NA,NA,1,FALSE,NA,NA,NA,NA,0.076736670432623
"253","(Intercept)",62294.2467290112,7039249.88037826,0.662800732612704,62294.2467290112,0.662800732612704,7039249.88037826,0.662800732612704,62294.2467290112,0.662800732612704,TRUE,NA,NA,NA,NA,NA,NA,NA,NA,0.64079455385,0.204513114444646,-0.114827171470336,-0.272648176107489,0.141825718218615,0.213085808989684,0.287515167820201,0.213085808989684,0.0514259880903323,0,514834.583673614,0.09095407499,5654727.87225015,1e-04,"1_108_11",1,108,11,1616,3,NA,NA,NA,NA,NA,NA,NA,1,FALSE,NA,NA,NA,NA,NA
"254","trend",0.190462729486591,2280766.59980988,0.214752111227985,20183.7752195564,0.214752111227985,2280766.59980988,0.214752111227985,20183.7752195564,0.214752111227985,TRUE,NA,NA,NA,NA,NA,NA,NA,NA,0.64079455385,0.204513114444646,-0.114827171470336,-0.272648176107489,0.141825718218615,0.213085808989684,0.287515167820201,0.213085808989684,0.0514259880903323,0,514834.583673614,0.09095407499,5654727.87225015,1e-04,"1_108_11",1,108,11,1616,3,NA,NA,NA,NA,NA,NA,NA,1,FALSE,NA,NA,NA,NA,NA
"255","season",0.068667059024031,-19607.3192414365,-0.00184618329774321,-173.516099481739,-0.00184618329774321,-19607.3192414365,-0.00184618329774321,-173.516099481739,-0.00184618329774321,FALSE,NA,NA,NA,NA,NA,NA,NA,NA,0.64079455385,0.204513114444646,-0.114827171470336,-0.272648176107489,0.141825718218615,0.213085808989684,0.287515167820201,0.213085808989684,0.0514259880903323,0,514834.583673614,0.09095407499,5654727.87225015,1e-04,"1_108_11",1,108,11,1616,3,NA,NA,NA,NA,NA,NA,NA,1,FALSE,NA,NA,NA,NA,NA
"256","holiday",0,0,0,0,0,0,0,0,0,TRUE,NA,NA,NA,NA,NA,NA,NA,NA,0.64079455385,0.204513114444646,-0.114827171470336,-0.272648176107489,0.141825718218615,0.213085808989684,0.287515167820201,0.213085808989684,0.0514259880903323,0,514834.583673614,0.09095407499,5654727.87225015,1e-04,"1_108_11",1,108,11,1616,3,NA,NA,NA,NA,NA,NA,NA,1,FALSE,NA,NA,NA,NA,NA
"257","Google_Impressions",32353.5460728427,559459.36576176,0.0526774988521941,4950.96783859965,0.0526774988521941,559459.36576176,0.0526774988521941,4950.96783859965,0.0526774988521941,TRUE,0.743363900415277,0.743363900415277,490276.628318584,55401259,NA,NA,0.724113645443482,0.724113645443482,0.64079455385,0.204513114444646,-0.114827171470336,-0.272648176107489,0.141825718218615,0.213085808989684,0.287515167820201,0.213085808989684,0.0514259880903323,0,514834.583673614,0.09095407499,5654727.87225015,1e-04,"1_108_11",1,108,11,1616,3,4950.96783859965,678554.220963137,188277.592644553,0.0100983150177464,0.0100983150177464,99.0264215606894,99.0264215606894,1,FALSE,0.00782942360134586,0.00074135540919751,0,0.019703727690251,0.243732416746885
"258","Facebook_Impressions",27993.2786238167,213153.288732716,0.0200700583629885,1886.31228967005,0.0200700583629885,213153.288732716,0.0200700583629885,1886.31228967005,0.0200700583629885,TRUE,0.244677122195661,0.244677122195661,161373.82300885,18235242,NA,NA,0.275886354556518,0.275886354556518,0.64079455385,0.204513114444646,-0.114827171470336,-0.272648176107489,0.141825718218615,0.213085808989684,0.287515167820201,0.213085808989684,0.0514259880903323,0,514834.583673614,0.09095407499,5654727.87225015,1e-04,"1_108_11",1,108,11,1616,3,1886.31228967005,163661.212563636,2287.38955478629,0.0116890847257588,0.0116890847257588,85.5498974865273,85.5498974865273,1,FALSE,0.00891222269670811,0.000954082668229271,0,0.0241936972477182,1.016792055628e-05
"259","Affiliate_Impressions",0,0,0,0,0,0,0,0,0,TRUE,0.0119589773890613,0.0119589773890613,7887.3982300885,891276,NA,NA,0,0,0.64079455385,0.204513114444646,-0.114827171470336,-0.272648176107489,0.141825718218615,0.213085808989684,0.287515167820201,0.213085808989684,0.0514259880903323,0,514834.583673614,0.09095407499,5654727.87225015,1e-04,"1_108_11",1,108,11,1616,3,0,9909.91924741216,2022.52101732366,0,0,Inf,Inf,1,FALSE,0,0,0,0,NA
"260","Organic_Views",0,0,0,0,0,0,0,0,0,TRUE,NA,NA,NA,NA,8051.88495575221,8051.88495575221,NA,NA,0.64079455385,0.204513114444646,-0.114827171470336,-0.272648176107489,0.141825718218615,0.213085808989684,0.287515167820201,0.213085808989684,0.0514259880903323,0,514834.583673614,0.09095407499,5654727.87225015,1e-04,"1_108_11",1,108,11,1616,3,0,8220.13952117598,168.254565423766,NA,NA,NA,NA,1,FALSE,NA,NA,NA,NA,NA
"261","Email_Impressions",15010.4050965235,547440.012701553,0.0515457822418714,4844.60188231463,0.0515457822418714,547440.012701553,0.0515457822418714,4844.60188231463,0.0515457822418714,TRUE,NA,NA,NA,NA,389433.016085841,389433.016085841,NA,NA,0.64079455385,0.204513114444646,-0.114827171470336,-0.272648176107489,0.141825718218615,0.213085808989684,0.287515167820201,0.213085808989684,0.0514259880903323,0,514834.583673614,0.09095407499,5654727.87225015,1e-04,"1_108_11",1,108,11,1616,3,4844.60188231463,426801.717210756,37368.7011249152,NA,NA,NA,NA,1,FALSE,NA,NA,NA,NA,0.0288619828183982
"262","(Intercept)",67156.0322780626,7588631.64742108,0.718191004260716,67156.0322780626,0.718191004260716,7588631.64742108,0.718191004260716,67156.0322780626,0.718191004260716,TRUE,NA,NA,NA,NA,NA,NA,NA,NA,0.63794629676,0.157293477963608,-0.0937130924418983,-0.361788848153864,0.14597438593151,0.211058312078572,0.297414040935426,0.211058312078572,0.0778762164787259,0,625903.439113013,0.1105978078,5654727.87225015,1e-04,"1_109_2",1,109,2,1622,3,NA,NA,NA,NA,NA,NA,NA,1,FALSE,NA,NA,NA,NA,NA
"263","trend",0.166138367694018,1989485.50724264,0.188285670038327,17606.0664357756,0.188285670038327,1989485.50724264,0.188285670038327,17606.0664357756,0.188285670038327,TRUE,NA,NA,NA,NA,NA,NA,NA,NA,0.63794629676,0.157293477963608,-0.0937130924418983,-0.361788848153864,0.14597438593151,0.211058312078572,0.297414040935426,0.211058312078572,0.0778762164787259,0,625903.439113013,0.1105978078,5654727.87225015,1e-04,"1_109_2",1,109,2,1622,3,NA,NA,NA,NA,NA,NA,NA,1,FALSE,NA,NA,NA,NA,NA
"264","season",0.0582398518572458,-16629.9151903295,-0.00157386154002772,-147.167391064863,-0.00157386154002772,-16629.9151903295,-0.00157386154002772,-147.167391064863,-0.00157386154002772,FALSE,NA,NA,NA,NA,NA,NA,NA,NA,0.63794629676,0.157293477963608,-0.0937130924418983,-0.361788848153864,0.14597438593151,0.211058312078572,0.297414040935426,0.211058312078572,0.0778762164787259,0,625903.439113013,0.1105978078,5654727.87225015,1e-04,"1_109_2",1,109,2,1622,3,NA,NA,NA,NA,NA,NA,NA,1,FALSE,NA,NA,NA,NA,NA
"265","holiday",0,0,0,0,0,0,0,0,0,TRUE,NA,NA,NA,NA,NA,NA,NA,NA,0.63794629676,0.157293477963608,-0.0937130924418983,-0.361788848153864,0.14597438593151,0.211058312078572,0.297414040935426,0.211058312078572,0.0778762164787259,0,625903.439113013,0.1105978078,5654727.87225015,1e-04,"1_109_2",1,109,2,1622,3,NA,NA,NA,NA,NA,NA,NA,1,FALSE,NA,NA,NA,NA,NA
"266","Google_Impressions",25853.7032176225,484801.713766897,0.0458818197870876,4290.2806528044,0.0458818197870876,484801.713766897,0.0458818197870876,4290.2806528044,0.0458818197870876,TRUE,0.743363900415277,0.743363900415277,490276.628318584,55401259,NA,NA,0.709362950739602,0.709362950739602,0.63794629676,0.157293477963608,-0.0937130924418983,-0.361788848153864,0.14597438593151,0.211058312078572,0.297414040935426,0.211058312078572,0.0778762164787259,0,625903.439113013,0.1105978078,5654727.87225015,1e-04,"1_109_2",1,109,2,1622,3,4290.2806528044,620286.991920327,130010.363601743,0.0087507345955242,0.00875073459552421,114.276120374109,114.276120374109,1,FALSE,0.00782942360134586,0.00074135540919751,0,0.019703727690251,0.222612254807507
"267","Facebook_Impressions",22783.5333047632,198630.812926848,0.018798496177046,1757.79480466237,0.018798496177046,198630.812926848,0.018798496177046,1757.79480466237,0.018798496177046,TRUE,0.244677122195661,0.244677122195661,161373.82300885,18235242,NA,NA,0.290637049260398,0.290637049260398,0.63794629676,0.157293477963608,-0.0937130924418983,-0.361788848153864,0.14597438593151,0.211058312078572,0.297414040935426,0.211058312078572,0.0778762164787259,0,625903.439113013,0.1105978078,5654727.87225015,1e-04,"1_109_2",1,109,2,1622,3,1757.79480466237,171817.25487666,10443.4318678104,0.010892688615092,0.010892688615092,91.8046990358726,91.8046990358726,1,FALSE,0.00891222269670811,0.000954082668229271,0,0.0241936972477182,0.000962041298599951
"268","Affiliate_Impressions",0,0,0,0,0,0,0,0,0,TRUE,0.0119589773890613,0.0119589773890613,7887.3982300885,891276,NA,NA,0,0,0.63794629676,0.157293477963608,-0.0937130924418983,-0.361788848153864,0.14597438593151,0.211058312078572,0.297414040935426,0.211058312078572,0.0778762164787259,0,625903.439113013,0.1105978078,5654727.87225015,1e-04,"1_109_2",1,109,2,1622,3,0,10539.5237095601,2652.12547947164,0,0,Inf,Inf,1,FALSE,0,0,0,0,NA
"269","Organic_Views",0,0,0,0,0,0,0,0,0,TRUE,NA,NA,NA,NA,8051.88495575221,8051.88495575221,NA,NA,0.63794629676,0.157293477963608,-0.0937130924418983,-0.361788848153864,0.14597438593151,0.211058312078572,0.297414040935426,0.211058312078572,0.0778762164787259,0,625903.439113013,0.1105978078,5654727.87225015,1e-04,"1_109_2",1,109,2,1622,3,0,8076.62201498841,24.7370592361937,NA,NA,NA,NA,1,FALSE,NA,NA,NA,NA,NA
"270","Email_Impressions",14990.3911651665,321394.212149238,0.0304168712768508,2844.19656769237,0.0304168712768508,321394.212149238,0.0304168712768508,2844.19656769237,0.0304168712768508,TRUE,NA,NA,NA,NA,389433.016085841,389433.016085841,NA,NA,0.63794629676,0.157293477963608,-0.0937130924418983,-0.361788848153864,0.14597438593151,0.211058312078572,0.297414040935426,0.211058312078572,0.0778762164787259,0,625903.439113013,0.1105978078,5654727.87225015,1e-04,"1_109_2",1,109,2,1622,3,2844.19656769237,483892.285720343,94459.2696345019,NA,NA,NA,NA,1,FALSE,NA,NA,NA,NA,0.020585502761258
"271","(Intercept)",74091.9565586745,8372391.09113022,0.80651919828776,74091.9565586745,0.80651919828776,8372391.09113022,0.80651919828776,74091.9565586745,0.80651919828776,TRUE,NA,NA,NA,NA,NA,NA,NA,NA,0.63771259553,0.0137443525221803,-0.13459280487265,-0.666557845941994,0.157918580287402,0.21496649117734,0.329015817563489,0.21496649117734,0.0195300088208164,0,1390127.05092871,0.2457590497,5654727.87225015,1e-04,"1_109_5",1,109,5,1625,2,NA,NA,NA,NA,NA,NA,NA,3,FALSE,NA,NA,NA,NA,NA
"272","trend",0.0867430814330556,1038737.20297088,0.100062394010628,9192.36462806092,0.100062394010628,1038737.20297088,0.100062394010628,9192.36462806092,0.100062394010628,TRUE,NA,NA,NA,NA,NA,NA,NA,NA,0.63771259553,0.0137443525221803,-0.13459280487265,-0.666557845941994,0.157918580287402,0.21496649117734,0.329015817563489,0.21496649117734,0.0195300088208164,0,1390127.05092871,0.2457590497,5654727.87225015,1e-04,"1_109_5",1,109,5,1625,2,NA,NA,NA,NA,NA,NA,NA,3,FALSE,NA,NA,NA,NA,NA
"273","season",0.0285074700155891,-8140.07579916477,-0.000784140078513427,-72.0360690191573,-0.000784140078513427,-8140.07579916477,-0.000784140078513427,-72.0360690191573,-0.000784140078513427,FALSE,NA,NA,NA,NA,NA,NA,NA,NA,0.63771259553,0.0137443525221803,-0.13459280487265,-0.666557845941994,0.157918580287402,0.21496649117734,0.329015817563489,0.21496649117734,0.0195300088208164,0,1390127.05092871,0.2457590497,5654727.87225015,1e-04,"1_109_5",1,109,5,1625,2,NA,NA,NA,NA,NA,NA,NA,3,FALSE,NA,NA,NA,NA,NA
"274","holiday",0,0,0,0,0,0,0,0,0,TRUE,NA,NA,NA,NA,NA,NA,NA,NA,0.63771259553,0.0137443525221803,-0.13459280487265,-0.666557845941994,0.157918580287402,0.21496649117734,0.329015817563489,0.21496649117734,0.0195300088208164,0,1390127.05092871,0.2457590497,5654727.87225015,1e-04,"1_109_5",1,109,5,1625,2,NA,NA,NA,NA,NA,NA,NA,3,FALSE,NA,NA,NA,NA,NA
"275","Google_Impressions",12043.3157140088,242342.496540716,0.0233450484925552,2144.62386319217,0.0233450484925552,242342.496540716,0.0233450484925552,2144.62386319217,0.0233450484925552,TRUE,0.743363900415277,0.743363900415277,490276.628318584,55401259,NA,NA,0.749234440116494,0.749234440116494,0.63771259553,0.0137443525221803,-0.13459280487265,-0.666557845941994,0.157918580287402,0.21496649117734,0.329015817563489,0.21496649117734,0.0195300088208164,0,1390127.05092871,0.2457590497,5654727.87225015,1e-04,"1_109_5",1,109,5,1625,2,2144.62386319217,668907.680204427,178631.051885843,0.00437431388591215,0.00437431388591215,228.6072801544,228.6072801544,3,FALSE,0.00614836150170441,0.000208230508885948,0.00308252913534494,0.00922081584551984,0.282408559620721
"276","Facebook_Impressions",19235.9842929764,81110.9962045396,0.0078134877980689,717.796426588846,0.0078134877980689,81110.9962045396,0.0078134877980689,717.796426588846,0.0078134877980689,TRUE,0.244677122195661,0.244677122195661,161373.82300885,18235242,NA,NA,0.250765559883506,0.250765559883506,0.63771259553,0.0137443525221803,-0.13459280487265,-0.666557845941994,0.157918580287402,0.21496649117734,0.329015817563489,0.21496649117734,0.0195300088208164,0,1390127.05092871,0.2457590497,5654727.87225015,1e-04,"1_109_5",1,109,5,1625,2,717.796426588846,163861.5708016,2487.74779275056,0.00444803508527825,0.00444803508527825,224.818370545169,224.818370545169,3,FALSE,0.00666154589379305,0.000271917387353167,0.00265856156013475,0.0106742308008493,8.8417654412981e-06
"277","Affiliate_Impressions",0,0,0,0,0,0,0,0,0,TRUE,0.0119589773890613,0.0119589773890613,7887.3982300885,891276,NA,NA,0,0,0.63771259553,0.0137443525221803,-0.13459280487265,-0.666557845941994,0.157918580287402,0.21496649117734,0.329015817563489,0.21496649117734,0.0195300088208164,0,1390127.05092871,0.2457590497,5654727.87225015,1e-04,"1_109_5",1,109,5,1625,2,0,8918.00916774204,1030.61093765354,0,0,Inf,Inf,3,FALSE,0,0,0,0,NA
"278","Organic_Views",0,0,0,0,0,0,0,0,0,TRUE,NA,NA,NA,NA,8051.88495575221,8051.88495575221,NA,NA,0.63771259553,0.0137443525221803,-0.13459280487265,-0.666557845941994,0.157918580287402,0.21496649117734,0.329015817563489,0.21496649117734,0.0195300088208164,0,1390127.05092871,0.2457590497,5654727.87225015,1e-04,"1_109_5",1,109,5,1625,2,0,9898.84440962238,1846.95945387016,NA,NA,NA,NA,3,FALSE,NA,NA,NA,NA,NA
"279","Email_Impressions",13666.3873008295,654453.261948868,0.0630440114895011,5791.62178715812,0.0630440114895011,654453.261948868,0.0630440114895011,5791.62178715812,0.0630440114895011,TRUE,NA,NA,NA,NA,389433.016085841,389433.016085841,NA,NA,0.63771259553,0.0137443525221803,-0.13459280487265,-0.666557845941994,0.157918580287402,0.21496649117734,0.329015817563489,0.21496649117734,0.0195300088208164,0,1390127.05092871,0.2457590497,5654727.87225015,1e-04,"1_109_5",1,109,5,1625,2,5791.62178715812,404086.897271127,14653.881185286,NA,NA,NA,NA,3,FALSE,NA,NA,NA,NA,0.228603290073592
"280","(Intercept)",76714.1300434823,8668696.6949135,0.832856815034439,76714.1300434823,0.832856815034439,8668696.6949135,0.832856815034439,76714.1300434823,0.832856815034439,TRUE,NA,NA,NA,NA,NA,NA,NA,NA,0.63962137823,0.0360997060211465,-0.134754433702752,-0.618059768735463,0.156118559638619,0.214981802196863,0.324193169932975,0.214981802196863,0.0195627678315894,0,1186931.04485808,0.2098216302,5654727.87225015,1e-04,"1_110_13",1,110,13,1648,3,NA,NA,NA,NA,NA,NA,NA,1,FALSE,NA,NA,NA,NA,NA
"281","trend",0.0996261403088279,1193010.17000465,0.114620073289308,10557.6121239349,0.114620073289308,1193010.17000465,0.114620073289308,10557.6121239349,0.114620073289308,TRUE,NA,NA,NA,NA,NA,NA,NA,NA,0.63962137823,0.0360997060211465,-0.134754433702752,-0.618059768735463,0.156118559638619,0.214981802196863,0.324193169932975,0.214981802196863,0.0195627678315894,0,1186931.04485808,0.2098216302,5654727.87225015,1e-04,"1_110_13",1,110,13,1648,3,NA,NA,NA,NA,NA,NA,NA,1,FALSE,NA,NA,NA,NA,NA
"282","season",0.0329857358357037,-9418.80811755737,-0.000904924789306822,-83.3522842261714,-0.000904924789306822,-9418.80811755737,-0.000904924789306822,-83.3522842261714,-0.000904924789306822,FALSE,NA,NA,NA,NA,NA,NA,NA,NA,0.63962137823,0.0360997060211465,-0.134754433702752,-0.618059768735463,0.156118559638619,0.214981802196863,0.324193169932975,0.214981802196863,0.0195627678315894,0,1186931.04485808,0.2098216302,5654727.87225015,1e-04,"1_110_13",1,110,13,1648,3,NA,NA,NA,NA,NA,NA,NA,1,FALSE,NA,NA,NA,NA,NA
"283","holiday",0,0,0,0,0,0,0,0,0,TRUE,NA,NA,NA,NA,NA,NA,NA,NA,0.63962137823,0.0360997060211465,-0.134754433702752,-0.618059768735463,0.156118559638619,0.214981802196863,0.324193169932975,0.214981802196863,0.0195627678315894,0,1186931.04485808,0.2098216302,5654727.87225015,1e-04,"1_110_13",1,110,13,1648,3,NA,NA,NA,NA,NA,NA,NA,1,FALSE,NA,NA,NA,NA,NA
"284","Google_Impressions",14645.5767578914,281658.563030925,0.0270607291948232,2492.55365514093,0.0270607291948232,281658.563030925,0.0270607291948232,2492.55365514093,0.0270607291948232,TRUE,0.743363900415277,0.743363900415277,490276.628318584,55401259,NA,NA,0.749953348188459,0.749953348188459,0.63962137823,0.0360997060211465,-0.134754433702752,-0.618059768735463,0.156118559638619,0.214981802196863,0.324193169932975,0.214981802196863,0.0195627678315894,0,1186931.04485808,0.2098216302,5654727.87225015,1e-04,"1_110_13",1,110,13,1648,3,2492.55365514093,669530.980701304,179254.35238272,0.0050839740488736,0.0050839740488736,196.696519373768,196.696519373768,1,FALSE,0.00782942360134586,0.00074135540919751,0,0.019703727690251,0.299328056657255
"285","Facebook_Impressions",21959.3833977367,93909.548920681,0.00902248752817619,831.057955050275,0.00902248752817619,93909.548920681,0.00902248752817619,831.057955050275,0.00902248752817619,TRUE,0.244677122195661,0.244677122195661,161373.82300885,18235242,NA,NA,0.250046651811541,0.250046651811541,0.63962137823,0.0360997060211465,-0.134754433702752,-0.618059768735463,0.156118559638619,0.214981802196863,0.324193169932975,0.214981802196863,0.0195627678315894,0,1186931.04485808,0.2098216302,5654727.87225015,1e-04,"1_110_13",1,110,13,1648,3,831.057955050275,164889.018954905,3515.19594605579,0.00514989320792568,0.00514989320792568,194.178783835945,194.178783835945,1,FALSE,0.00891222269670811,0.000954082668229271,0,0.0241936972477182,2.2712295638003e-05
"286","Affiliate_Impressions",0,0,0,0,0,0,0,0,0,TRUE,0.0119589773890613,0.0119589773890613,7887.3982300885,891276,NA,NA,0,0,0.63962137823,0.0360997060211465,-0.134754433702752,-0.618059768735463,0.156118559638619,0.214981802196863,0.324193169932975,0.214981802196863,0.0195627678315894,0,1186931.04485808,0.2098216302,5654727.87225015,1e-04,"1_110_13",1,110,13,1648,3,0,10109.6610344535,2222.26280436505,0,0,Inf,Inf,1,FALSE,0,0,0,0,NA
"287","Organic_Views",0,0,0,0,0,0,0,0,0,TRUE,NA,NA,NA,NA,8051.88495575221,8051.88495575221,NA,NA,0.63962137823,0.0360997060211465,-0.134754433702752,-0.618059768735463,0.156118559638619,0.214981802196863,0.324193169932975,0.214981802196863,0.0195627678315894,0,1186931.04485808,0.2098216302,5654727.87225015,1e-04,"1_110_13",1,110,13,1648,3,0,9068.01411953663,1016.12916378441,NA,NA,NA,NA,1,FALSE,NA,NA,NA,NA,NA
"288","Email_Impressions",4963.11109246746,180531.609830187,0.017344819742561,1597.62486575386,0.017344819742561,180531.609830187,0.017344819742561,1597.62486575386,0.017344819742561,TRUE,NA,NA,NA,NA,389433.016085841,389433.016085841,NA,NA,0.63962137823,0.0360997060211465,-0.134754433702752,-0.618059768735463,0.156118559638619,0.214981802196863,0.324193169932975,0.214981802196863,0.0195627678315894,0,1186931.04485808,0.2098216302,5654727.87225015,1e-04,"1_110_13",1,110,13,1648,3,1597.62486575386,456129.179829268,66696.163743427,NA,NA,NA,NA,1,FALSE,NA,NA,NA,NA,0.00988424766358028
"289","(Intercept)",66627.7827203051,7528939.44739447,0.712627583523411,66627.7827203051,0.712627583523411,7528939.44739447,0.712627583523411,66627.7827203051,0.712627583523411,TRUE,NA,NA,NA,NA,NA,NA,NA,NA,0.63794629676,0.155816543596649,-0.092872773903047,-0.364134100641054,0.146102247886485,0.210977216637184,0.297670031784418,0.210977216637184,0.0779635506828535,0,625903.439113013,0.1105978078,5654727.87225015,1e-04,"1_111_2",1,111,2,1652,3,NA,NA,NA,NA,NA,NA,NA,1,FALSE,NA,NA,NA,NA,NA
"290","trend",0.1658835608204,1986434.22782269,0.188019552221444,17579.0639630326,0.188019552221444,1986434.22782269,0.188019552221444,17579.0639630326,0.188019552221444,TRUE,NA,NA,NA,NA,NA,NA,NA,NA,0.63794629676,0.155816543596649,-0.092872773903047,-0.364134100641054,0.146102247886485,0.210977216637184,0.297670031784418,0.210977216637184,0.0779635506828535,0,625903.439113013,0.1105978078,5654727.87225015,1e-04,"1_111_2",1,111,2,1652,3,NA,NA,NA,NA,NA,NA,NA,1,FALSE,NA,NA,NA,NA,NA
"291","season",0.0582968805795493,-16646.1992773434,-0.00157559253182301,-147.311498029588,-0.00157559253182301,-16646.1992773434,-0.00157559253182301,-147.311498029588,-0.00157559253182301,FALSE,NA,NA,NA,NA,NA,NA,NA,NA,0.63794629676,0.155816543596649,-0.092872773903047,-0.364134100641054,0.146102247886485,0.210977216637184,0.297670031784418,0.210977216637184,0.0779635506828535,0,625903.439113013,0.1105978078,5654727.87225015,1e-04,"1_111_2",1,111,2,1652,3,NA,NA,NA,NA,NA,NA,NA,1,FALSE,NA,NA,NA,NA,NA
"292","holiday",0,0,0,0,0,0,0,0,0,TRUE,NA,NA,NA,NA,NA,NA,NA,NA,0.63794629676,0.155816543596649,-0.092872773903047,-0.364134100641054,0.146102247886485,0.210977216637184,0.297670031784418,0.210977216637184,0.0779635506828535,0,625903.439113013,0.1105978078,5654727.87225015,1e-04,"1_111_2",1,111,2,1652,3,NA,NA,NA,NA,NA,NA,NA,1,FALSE,NA,NA,NA,NA,NA
"293","Google_Impressions",25864.2132984941,484998.795986626,0.045906003416633,4292.02474324448,0.045906003416633,484998.795986626,0.045906003416633,4292.02474324448,0.045906003416633,TRUE,0.743363900415277,0.743363900415277,490276.628318584,55401259,NA,NA,0.709315107798695,0.709315107798695,0.63794629676,0.155816543596649,-0.092872773903047,-0.364134100641054,0.146102247886485,0.210977216637184,0.297670031784418,0.210977216637184,0.0779635506828535,0,625903.439113013,0.1105978078,5654727.87225015,1e-04,"1_111_2",1,111,2,1652,3,4292.02474324448,620286.991920327,130010.363601743,0.0087542919554703,0.0087542919554703,114.229683575395,114.229683575395,1,FALSE,0.00782942360134586,0.00074135540919751,0,0.019703727690251,0.222612254807507
"294","Facebook_Impressions",22798.0849259146,198757.676495375,0.0188127695404224,1758.91749110951,0.0188127695404224,198757.676495375,0.0188127695404224,1758.91749110951,0.0188127695404224,TRUE,0.244677122195661,0.244677122195661,161373.82300885,18235242,NA,NA,0.290684892201305,0.290684892201305,0.63794629676,0.155816543596649,-0.092872773903047,-0.364134100641054,0.146102247886485,0.210977216637184,0.297670031784418,0.210977216637184,0.0779635506828535,0,625903.439113013,0.1105978078,5654727.87225015,1e-04,"1_111_2",1,111,2,1652,3,1758.91749110951,171817.25487666,10443.4318678104,0.0108996456693788,0.0108996456693788,91.7461016929543,91.7461016929543,1,FALSE,0.00891222269670811,0.000954082668229271,0,0.0241936972477182,0.000962041298599951
"295","Affiliate_Impressions",0,0,0,0,0,0,0,0,0,TRUE,0.0119589773890613,0.0119589773890613,7887.3982300885,891276,NA,NA,0,0,0.63794629676,0.155816543596649,-0.092872773903047,-0.364134100641054,0.146102247886485,0.210977216637184,0.297670031784418,0.210977216637184,0.0779635506828535,0,625903.439113013,0.1105978078,5654727.87225015,1e-04,"1_111_2",1,111,2,1652,3,0,10287.0458300354,2399.6475999469,0,0,Inf,Inf,1,FALSE,0,0,0,0,NA
"296","Organic_Views",0,0,0,0,0,0,0,0,0,TRUE,NA,NA,NA,NA,8051.88495575221,8051.88495575221,NA,NA,0.63794629676,0.155816543596649,-0.092872773903047,-0.364134100641054,0.146102247886485,0.210977216637184,0.297670031784418,0.210977216637184,0.0779635506828535,0,625903.439113013,0.1105978078,5654727.87225015,1e-04,"1_111_2",1,111,2,1652,3,0,8076.62201498841,24.7370592361937,NA,NA,NA,NA,1,FALSE,NA,NA,NA,NA,NA
"297","Email_Impressions",17483.1408824471,382556.784592594,0.0362096838299121,3385.45827073092,0.0362096838299121,382556.784592594,0.0362096838299121,3385.45827073092,0.0362096838299121,TRUE,NA,NA,NA,NA,389433.016085841,389433.016085841,NA,NA,0.63794629676,0.155816543596649,-0.092872773903047,-0.364134100641054,0.146102247886485,0.210977216637184,0.297670031784418,0.210977216637184,0.0779635506828535,0,625903.439113013,0.1105978078,5654727.87225015,1e-04,"1_111_2",1,111,2,1652,3,3385.45827073092,483892.285720343,94459.2696345019,NA,NA,NA,NA,1,FALSE,NA,NA,NA,NA,0.0457133425166564
"298","(Intercept)",73030.2947437208,8252423.30604045,0.790024180162843,73030.2947437208,0.790024180162843,8252423.30604045,0.790024180162843,73030.2947437208,0.790024180162843,TRUE,NA,NA,NA,NA,NA,NA,NA,NA,0.64014928022,0.0642682923236007,-0.121002429681285,-0.555372165156939,0.153820476521009,0.213675157163825,0.317851117269737,0.213675157163825,0.0311226377582111,0,987825.11342442,0.1746075848,5654727.87225015,1e-04,"1_113_7",1,113,7,1687,2,NA,NA,NA,NA,NA,NA,NA,3,FALSE,NA,NA,NA,NA,NA
"299","trend",0.115845529505378,1387235.2619611,0.132803342712875,12276.4182474434,0.132803342712875,1387235.2619611,0.132803342712875,12276.4182474434,0.132803342712875,TRUE,NA,NA,NA,NA,NA,NA,NA,NA,0.64014928022,0.0642682923236007,-0.121002429681285,-0.555372165156939,0.153820476521009,0.213675157163825,0.317851117269737,0.213675157163825,0.0311226377582111,0,987825.11342442,0.1746075848,5654727.87225015,1e-04,"1_113_7",1,113,7,1687,2,NA,NA,NA,NA,NA,NA,NA,3,FALSE,NA,NA,NA,NA,NA
"300","season",0.0390258479936785,-11143.5129326281,-0.00106679509063594,-98.615158695824,-0.00106679509063594,-11143.5129326281,-0.00106679509063594,-98.615158695824,-0.00106679509063594,FALSE,NA,NA,NA,NA,NA,NA,NA,NA,0.64014928022,0.0642682923236007,-0.121002429681285,-0.555372165156939,0.153820476521009,0.213675157163825,0.317851117269737,0.213675157163825,0.0311226377582111,0,987825.11342442,0.1746075848,5654727.87225015,1e-04,"1_113_7",1,113,7,1687,2,NA,NA,NA,NA,NA,NA,NA,3,FALSE,NA,NA,NA,NA,NA
"301","holiday",0,0,0,0,0,0,0,0,0,TRUE,NA,NA,NA,NA,NA,NA,NA,NA,0.64014928022,0.0642682923236007,-0.121002429681285,-0.555372165156939,0.153820476521009,0.213675157163825,0.317851117269737,0.213675157163825,0.0311226377582111,0,987825.11342442,0.1746075848,5654727.87225015,1e-04,"1_113_7",1,113,7,1687,2,NA,NA,NA,NA,NA,NA,NA,3,FALSE,NA,NA,NA,NA,NA
"302","Google_Impressions",18382.8408833775,331781.070833455,0.0317621938136514,2936.11567109252,0.0317621938136513,331781.070833455,0.0317621938136514,2936.11567109252,0.0317621938136513,TRUE,0.743363900415277,0.743363900415277,490276.628318584,55401259,NA,NA,0.73649188644396,0.73649188644396,0.64014928022,0.0642682923236007,-0.121002429681285,-0.555372165156939,0.153820476521009,0.213675157163825,0.317851117269737,0.213675157163825,0.0311226377582111,0,987825.11342442,0.1746075848,5654727.87225015,1e-04,"1_113_7",1,113,7,1687,2,2936.11567109252,677464.417785121,187187.789466537,0.00598869189657684,0.00598869189657684,166.981373774063,166.981373774063,3,FALSE,0.00614836150170441,0.000208230508885948,0.00308252913534494,0.00922081584551984,0.299696660107806
"303","Facebook_Impressions",18848.9523344173,118707.355366879,0.0113641384627439,1050.5075696184,0.0113641384627439,118707.355366879,0.0113641384627439,1050.5075696184,0.0113641384627439,TRUE,0.244677122195661,0.244677122195661,161373.82300885,18235242,NA,NA,0.26350811355604,0.26350811355604,0.64014928022,0.0642682923236007,-0.121002429681285,-0.555372165156939,0.153820476521009,0.213675157163825,0.317851117269737,0.213675157163825,0.0311226377582111,0,987825.11342442,0.1746075848,5654727.87225015,1e-04,"1_113_7",1,113,7,1687,2,1050.5075696184,166860.810295775,5486.98728692521,0.00650977680290064,0.00650977680290064,153.615097764092,153.615097764092,3,FALSE,0.00666154589379305,0.000271917387353167,0.00265856156013475,0.0106742308008493,0.000105215291415468
"304","Affiliate_Impressions",0,0,0,0,0,0,0,0,0,TRUE,0.0119589773890613,0.0119589773890613,7887.3982300885,891276,NA,NA,0,0,0.64014928022,0.0642682923236007,-0.121002429681285,-0.555372165156939,0.153820476521009,0.213675157163825,0.317851117269737,0.213675157163825,0.0311226377582111,0,987825.11342442,0.1746075848,5654727.87225015,1e-04,"1_113_7",1,113,7,1687,2,0,8990.90572378518,1103.50749369668,0,0,Inf,Inf,3,FALSE,0,0,0,0,NA
"305","Organic_Views",0,0,0,0,0,0,0,0,0,TRUE,NA,NA,NA,NA,8051.88495575221,8051.88495575221,NA,NA,0.64014928022,0.0642682923236007,-0.121002429681285,-0.555372165156939,0.153820476521009,0.213675157163825,0.317851117269737,0.213675157163825,0.0311226377582111,0,987825.11342442,0.1746075848,5654727.87225015,1e-04,"1_113_7",1,113,7,1687,2,0,8680.34519989034,628.460244138125,NA,NA,NA,NA,3,FALSE,NA,NA,NA,NA,NA
"306","Email_Impressions",9239.86278122645,366782.246883303,0.0351129399385231,3245.86059188764,0.0351129399385231,366782.246883303,0.0351129399385231,3245.86059188764,0.0351129399385231,TRUE,NA,NA,NA,NA,389433.016085841,389433.016085841,NA,NA,0.64014928022,0.0642682923236007,-0.121002429681285,-0.555372165156939,0.153820476521009,0.213675157163825,0.317851117269737,0.213675157163825,0.0311226377582111,0,987825.11342442,0.1746075848,5654727.87225015,1e-04,"1_113_7",1,113,7,1687,2,3245.86059188764,400273.140797245,10840.1247114048,NA,NA,NA,NA,3,FALSE,NA,NA,NA,NA,0.0126802986180285
"307","(Intercept)",57444.7174596023,6491253.07293506,0.573080201794058,57444.7174596023,0.574193903436411,6491253.07293506,0.573080201794058,57444.7174596023,0.574193903436411,TRUE,NA,NA,NA,NA,NA,NA,NA,NA,0.63945557144,0.898292713444667,0.152659242634378,0.718971926725816,0.0507124407615219,0.185771806115343,0.135108114737461,0.185771806115343,0.0587475079465142,0,11332.4904119678,0.00190426395,5654727.87225015,1e-04,"1_114_4",1,114,4,1699,1,NA,NA,NA,NA,NA,NA,NA,2,TRUE,NA,NA,NA,NA,NA
"308","trend",0,0,0,0,0,0,0,0,0,TRUE,NA,NA,NA,NA,NA,NA,NA,NA,0.63945557144,0.898292713444667,0.152659242634378,0.718971926725816,0.0507124407615219,0.185771806115343,0.135108114737461,0.185771806115343,0.0587475079465142,0,11332.4904119678,0.00190426395,5654727.87225015,1e-04,"1_114_4",1,114,4,1699,1,NA,NA,NA,NA,NA,NA,NA,2,TRUE,NA,NA,NA,NA,NA
"309","season",0.486056566643454,-138789.492473232,-0.0122530287233881,-1228.22559710825,-0.0122768407800083,-138789.492473232,-0.0122530287233881,-1228.22559710825,-0.0122768407800083,FALSE,NA,NA,NA,NA,NA,NA,NA,NA,0.63945557144,0.898292713444667,0.152659242634378,0.718971926725816,0.0507124407615219,0.185771806115343,0.135108114737461,0.185771806115343,0.0587475079465142,0,11332.4904119678,0.00190426395,5654727.87225015,1e-04,"1_114_4",1,114,4,1699,1,NA,NA,NA,NA,NA,NA,NA,2,TRUE,NA,NA,NA,NA,NA
"310","holiday",0.3257757971401,-5311.3473919168,-0.000468912242514331,-241.424881450764,-0.00241318438313103,-5311.3473919168,-0.000468912242514331,-241.424881450764,-0.00241318438313103,FALSE,NA,NA,NA,NA,NA,NA,NA,NA,0.63945557144,0.898292713444667,0.152659242634378,0.718971926725816,0.0507124407615219,0.185771806115343,0.135108114737461,0.185771806115343,0.0587475079465142,0,11332.4904119678,0.00190426395,5654727.87225015,1e-04,"1_114_4",1,114,4,1699,1,NA,NA,NA,NA,NA,NA,NA,2,TRUE,NA,NA,NA,NA,NA
"311","Google_Impressions",121566.545532641,2421717.70544952,0.213801319365251,21431.1301367215,0.21421681248431,2421717.70544952,0.213801319365251,21431.1301367215,0.21421681248431,TRUE,0.743363900415277,0.743363900415277,490276.628318584,55401259,NA,NA,0.719959605399272,0.719959605399272,0.63945557144,0.898292713444667,0.152659242634378,0.718971926725816,0.0507124407615219,0.185771806115343,0.135108114737461,0.185771806115343,0.0587475079465142,0,11332.4904119678,0.00190426395,5654727.87225015,1e-04,"1_114_4",1,114,4,1699,1,21431.1301367215,692143.883442064,201867.25512348,0.0437123225926964,0.0437123225926964,22.8768443470236,22.8768443470236,2,TRUE,0.0256983568867457,0.00393028924683548,0,0.0574541807549012,0.270117396110177
"312","Facebook_Impressions",55726.2944126961,941967.822582981,0.0831616182243962,8335.99842993788,0.0833232312595478,941967.822582981,0.0831616182243962,8335.99842993788,0.0833232312595478,TRUE,0.244677122195661,0.244677122195661,161373.82300885,18235242,NA,NA,0.280040394600728,0.280040394600728,0.63945557144,0.898292713444667,0.152659242634378,0.718971926725816,0.0507124407615219,0.185771806115343,0.135108114737461,0.185771806115343,0.0587475079465142,0,11332.4904119678,0.00190426395,5654727.87225015,1e-04,"1_114_4",1,114,4,1699,1,8335.99842993788,186163.074108201,24789.2510993514,0.0516564475855588,0.0516564475855588,19.3586676347361,19.3586676347361,2,TRUE,0.0343703021894356,0.00552693475505328,0,0.0790484193393257,0.0181045752111383
"313","Affiliate_Impressions",0,0,0,0,0,0,0,0,0,TRUE,0.0119589773890613,0.0119589773890613,7887.3982300885,891276,NA,NA,0,0,0.63945557144,0.898292713444667,0.152659242634378,0.718971926725816,0.0507124407615219,0.185771806115343,0.135108114737461,0.185771806115343,0.0587475079465142,0,11332.4904119678,0.00190426395,5654727.87225015,1e-04,"1_114_4",1,114,4,1699,1,0,8974.08524966594,1086.68701957745,0,0,Inf,Inf,2,TRUE,0,0,0,0,NA
"314","Organic_Views",0,0,0,0,0,0,0,0,0,TRUE,NA,NA,NA,NA,8051.88495575221,8051.88495575221,NA,NA,0.63945557144,0.898292713444667,0.152659242634378,0.718971926725816,0.0507124407615219,0.185771806115343,0.135108114737461,0.185771806115343,0.0587475079465142,0,11332.4904119678,0.00190426395,5654727.87225015,1e-04,"1_114_4",1,114,4,1699,1,0,8321.44648433431,269.561528582099,NA,NA,NA,NA,2,TRUE,NA,NA,NA,NA,NA
"315","Email_Impressions",68751.5097922809,1616116.21953388,0.142678801582197,14301.9134472025,0.142956077982871,1616116.21953388,0.142678801582197,14301.9134472025,0.142956077982871,TRUE,NA,NA,NA,NA,389433.016085841,389433.016085841,NA,NA,0.63945557144,0.898292713444667,0.152659242634378,0.718971926725816,0.0507124407615219,0.185771806115343,0.135108114737461,0.185771806115343,0.0587475079465142,0,11332.4904119678,0.00190426395,5654727.87225015,1e-04,"1_114_4",1,114,4,1699,1,14301.9134472025,396930.872789537,7497.85670369634,NA,NA,NA,NA,2,TRUE,NA,NA,NA,NA,0.00099782328698562
"316","(Intercept)",74157.4654110064,8379793.59144372,0.80254764931386,74157.4654110064,0.80254764931386,8379793.59144372,0.80254764931386,74157.4654110064,0.80254764931386,TRUE,NA,NA,NA,NA,NA,NA,NA,NA,0.6414108494,0.0640545992497297,-0.130015240504748,-0.562084425427125,0.153838039511418,0.214532407039732,0.318536227441595,0.214532407039732,0.0212485650894362,0,1000537.23613598,0.1768558617,5654727.87225015,1e-04,"1_114_10",1,114,10,1705,2,NA,NA,NA,NA,NA,NA,NA,1,FALSE,NA,NA,NA,NA,NA
"317","trend",0.114910272228441,1376035.67679702,0.131785369858399,12177.3068743099,0.131785369858399,1376035.67679702,0.131785369858399,12177.3068743099,0.131785369858399,TRUE,NA,NA,NA,NA,NA,NA,NA,NA,0.6414108494,0.0640545992497297,-0.130015240504748,-0.562084425427125,0.153838039511418,0.214532407039732,0.318536227441595,0.214532407039732,0.0212485650894362,0,1000537.23613598,0.1768558617,5654727.87225015,1e-04,"1_114_10",1,114,10,1705,2,NA,NA,NA,NA,NA,NA,NA,1,FALSE,NA,NA,NA,NA,NA
"318","season",0.0385376479909775,-11004.1113994522,-0.00105388320607748,-97.3815168093117,-0.00105388320607748,-11004.1113994522,-0.00105388320607748,-97.3815168093117,-0.00105388320607748,FALSE,NA,NA,NA,NA,NA,NA,NA,NA,0.6414108494,0.0640545992497297,-0.130015240504748,-0.562084425427125,0.153838039511418,0.214532407039732,0.318536227441595,0.214532407039732,0.0212485650894362,0,1000537.23613598,0.1768558617,5654727.87225015,1e-04,"1_114_10",1,114,10,1705,2,NA,NA,NA,NA,NA,NA,NA,1,FALSE,NA,NA,NA,NA,NA
"319","holiday",0,0,0,0,0,0,0,0,0,TRUE,NA,NA,NA,NA,NA,NA,NA,NA,0.6414108494,0.0640545992497297,-0.130015240504748,-0.562084425427125,0.153838039511418,0.214532407039732,0.318536227441595,0.214532407039732,0.0212485650894362,0,1000537.23613598,0.1768558617,5654727.87225015,1e-04,"1_114_10",1,114,10,1705,2,NA,NA,NA,NA,NA,NA,NA,1,FALSE,NA,NA,NA,NA,NA
"320","Google_Impressions",19308.3908349301,321791.115012401,0.0308185040723414,2847.70898241063,0.0308185040723414,321791.115012401,0.0308185040723414,2847.70898241063,0.0308185040723414,TRUE,0.743363900415277,0.743363900415277,490276.628318584,55401259,NA,NA,0.744902449243666,0.744902449243666,0.6414108494,0.0640545992497297,-0.130015240504748,-0.562084425427125,0.153838039511418,0.214532407039732,0.318536227441595,0.214532407039732,0.0212485650894362,0,1000537.23613598,0.1768558617,5654727.87225015,1e-04,"1_114_10",1,114,10,1705,2,2847.70898241063,638107.310355507,147830.682036923,0.0058083718821697,0.0058083718821697,172.165284917407,172.165284917407,1,FALSE,0.00782942360134586,0.00074135540919751,0,0.019703727690251,0.223899046629571
"321","Facebook_Impressions",21273.7108906126,110199.832713883,0.0105540328331727,975.219758529936,0.0105540328331727,110199.832713883,0.0105540328331727,975.219758529936,0.0105540328331727,TRUE,0.244677122195661,0.244677122195661,161373.82300885,18235242,NA,NA,0.255097550756334,0.255097550756334,0.6414108494,0.0640545992497297,-0.130015240504748,-0.562084425427125,0.153838039511418,0.214532407039732,0.318536227441595,0.214532407039732,0.0212485650894362,0,1000537.23613598,0.1768558617,5654727.87225015,1e-04,"1_114_10",1,114,10,1705,2,975.219758529936,162371.13019517,997.307186320395,0.00604323390464918,0.00604323390464918,165.474316529546,165.474316529546,1,FALSE,0.00891222269670811,0.000954082668229271,0,0.0241936972477182,6.29233531267222e-07
"322","Affiliate_Impressions",0,0,0,0,0,0,0,0,0,TRUE,0.0119589773890613,0.0119589773890613,7887.3982300885,891276,NA,NA,0,0,0.6414108494,0.0640545992497297,-0.130015240504748,-0.562084425427125,0.153838039511418,0.214532407039732,0.318536227441595,0.214532407039732,0.0212485650894362,0,1000537.23613598,0.1768558617,5654727.87225015,1e-04,"1_114_10",1,114,10,1705,2,0,10077.4939558939,2190.09572580542,0,0,Inf,Inf,1,FALSE,0,0,0,0,NA
"323","Organic_Views",0,0,0,0,0,0,0,0,0,TRUE,NA,NA,NA,NA,8051.88495575221,8051.88495575221,NA,NA,0.6414108494,0.0640545992497297,-0.130015240504748,-0.562084425427125,0.153838039511418,0.214532407039732,0.318536227441595,0.214532407039732,0.0212485650894362,0,1000537.23613598,0.1768558617,5654727.87225015,1e-04,"1_114_10",1,114,10,1705,2,0,9222.53229178266,1170.64733603045,NA,NA,NA,NA,1,FALSE,NA,NA,NA,NA,NA
"324","Email_Impressions",5508.6035748146,264674.31485867,0.0253483271283041,2342.25057397053,0.0253483271283041,264674.31485867,0.0253483271283041,2342.25057397053,0.0253483271283041,TRUE,NA,NA,NA,NA,389433.016085841,389433.016085841,NA,NA,0.6414108494,0.0640545992497297,-0.130015240504748,-0.562084425427125,0.153838039511418,0.214532407039732,0.318536227441595,0.214532407039732,0.0212485650894362,0,1000537.23613598,0.1768558617,5654727.87225015,1e-04,"1_114_10",1,114,10,1705,2,2342.25057397053,429305.236196857,39872.2201110164,NA,NA,NA,NA,1,FALSE,NA,NA,NA,NA,0.0127601396433744
"325","(Intercept)",76219.1445526581,8612763.33445036,0.826519013169927,76219.1445526581,0.826519013169927,8612763.33445036,0.826519013169927,76219.1445526581,0.826519013169927,TRUE,NA,NA,NA,NA,NA,NA,NA,NA,0.63962137823,0.046067545324224,-0.126017122246197,-0.596013209448464,0.155309239008829,0.214152551118249,0.321976979420427,0.214152551118249,0.0252454906845217,0,1125684.06140501,0.1989894363,5654727.87225015,1e-04,"1_114_13",1,114,13,1708,3,NA,NA,NA,NA,NA,NA,NA,1,FALSE,NA,NA,NA,NA,NA
"326","trend",0.104202014166783,1247805.66877913,0.119744972657255,11042.5280422931,0.119744972657255,1247805.66877913,0.119744972657255,11042.5280422931,0.119744972657255,TRUE,NA,NA,NA,NA,NA,NA,NA,NA,0.63962137823,0.046067545324224,-0.126017122246197,-0.596013209448464,0.155309239008829,0.214152551118249,0.321976979420427,0.214152551118249,0.0252454906845217,0,1125684.06140501,0.1989894363,5654727.87225015,1e-04,"1_114_13",1,114,13,1708,3,NA,NA,NA,NA,NA,NA,NA,1,FALSE,NA,NA,NA,NA,NA
"327","season",0.0345892842158817,-9876.68829265319,-0.000947810864415402,-87.404321173922,-0.000947810864415403,-9876.68829265319,-0.000947810864415402,-87.404321173922,-0.000947810864415403,FALSE,NA,NA,NA,NA,NA,NA,NA,NA,0.63962137823,0.046067545324224,-0.126017122246197,-0.596013209448464,0.155309239008829,0.214152551118249,0.321976979420427,0.214152551118249,0.0252454906845217,0,1125684.06140501,0.1989894363,5654727.87225015,1e-04,"1_114_13",1,114,13,1708,3,NA,NA,NA,NA,NA,NA,NA,1,FALSE,NA,NA,NA,NA,NA
"328","holiday",0,0,0,0,0,0,0,0,0,TRUE,NA,NA,NA,NA,NA,NA,NA,NA,0.63962137823,0.046067545324224,-0.126017122246197,-0.596013209448464,0.155309239008829,0.214152551118249,0.321976979420427,0.214152551118249,0.0252454906845217,0,1125684.06140501,0.1989894363,5654727.87225015,1e-04,"1_114_13",1,114,13,1708,3,NA,NA,NA,NA,NA,NA,NA,1,FALSE,NA,NA,NA,NA,NA
"329","Google_Impressions",14721.7009144097,295888.94693893,0.0283948171957357,2618.48625609673,0.0283948171957357,295888.94693893,0.0283948171957357,2618.48625609673,0.0283948171957357,TRUE,0.743363900415277,0.743363900415277,490276.628318584,55401259,NA,NA,0.740858840958701,0.740858840958701,0.63962137823,0.046067545324224,-0.126017122246197,-0.596013209448464,0.155309239008829,0.214152551118249,0.321976979420427,0.214152551118249,0.0252454906845217,0,1125684.06140501,0.1989894363,5654727.87225015,1e-04,"1_114_13",1,114,13,1708,3,2618.48625609673,695749.007580507,205472.379261923,0.00534083434708461,0.00534083434708461,187.236662853224,187.236662853224,1,FALSE,0.00782942360134586,0.00074135540919751,0,0.019703727690251,0.329078637734671
"330","Facebook_Impressions",17721.3102480668,103497.455140092,0.00993207535911548,915.906682655683,0.00993207535911548,103497.455140092,0.00993207535911548,915.906682655683,0.00993207535911548,TRUE,0.244677122195661,0.244677122195661,161373.82300885,18235242,NA,NA,0.259141159041299,0.259141159041299,0.63962137823,0.046067545324224,-0.126017122246197,-0.596013209448464,0.155309239008829,0.214152551118249,0.321976979420427,0.214152551118249,0.0252454906845217,0,1125684.06140501,0.1989894363,5654727.87225015,1e-04,"1_114_13",1,114,13,1708,3,915.906682655683,165825.303466021,4451.48045717183,0.00567568311624777,0.00567568311624777,176.190245212475,176.190245212475,1,FALSE,0.00891222269670811,0.000954082668229271,0,0.0241936972477182,5.56386619432894e-05
"331","Affiliate_Impressions",0,0,0,0,0,0,0,0,0,TRUE,0.0119589773890613,0.0119589773890613,7887.3982300885,891276,NA,NA,0,0,0.63962137823,0.046067545324224,-0.126017122246197,-0.596013209448464,0.155309239008829,0.214152551118249,0.321976979420427,0.214152551118249,0.0252454906845217,0,1125684.06140501,0.1989894363,5654727.87225015,1e-04,"1_114_13",1,114,13,1708,3,0,9414.60980980679,1527.21157971829,0,0,Inf,Inf,1,FALSE,0,0,0,0,NA
"332","Organic_Views",0,0,0,0,0,0,0,0,0,TRUE,NA,NA,NA,NA,8051.88495575221,8051.88495575221,NA,NA,0.63962137823,0.046067545324224,-0.126017122246197,-0.596013209448464,0.155309239008829,0.214152551118249,0.321976979420427,0.214152551118249,0.0252454906845217,0,1125684.06140501,0.1989894363,5654727.87225015,1e-04,"1_114_13",1,114,13,1708,3,0,9068.01411953663,1016.12916378441,NA,NA,NA,NA,1,FALSE,NA,NA,NA,NA,NA
"333","Email_Impressions",7027.75104191428,170447.849479034,0.0163569324823829,1508.38804848703,0.0163569324823829,170447.849479034,0.0163569324823829,1508.38804848703,0.0163569324823829,TRUE,NA,NA,NA,NA,389433.016085841,389433.016085841,NA,NA,0.63962137823,0.046067545324224,-0.126017122246197,-0.596013209448464,0.155309239008829,0.214152551118249,0.321976979420427,0.214152551118249,0.0252454906845217,0,1125684.06140501,0.1989894363,5654727.87225015,1e-04,"1_114_13",1,114,13,1708,3,1508.38804848703,421449.564344446,32016.5482586052,NA,NA,NA,NA,1,FALSE,NA,NA,NA,NA,0.00132043333441466
"334","(Intercept)",76281.6097868784,8619821.90591726,0.829557435183491,76281.6097868784,0.829557435183491,8619821.90591726,0.829557435183491,76281.6097868784,0.829557435183491,TRUE,NA,NA,NA,NA,NA,NA,NA,NA,0.64217612204,0.020853390439144,-0.127237053158333,-0.64969928764657,0.157348403809107,0.214268526528399,0.327347459289143,0.214268526528399,0.0230823824525386,0,1297420.54988317,0.2293628986,5654727.87225015,1e-04,"1_115_13",1,115,13,1723,3,NA,NA,NA,NA,NA,NA,NA,3,FALSE,NA,NA,NA,NA,NA
"335","trend",0.0921880795338609,1103940.352363,0.106241397710683,9769.38364923012,0.106241397710683,1103940.352363,0.106241397710683,9769.38364923012,0.106241397710683,TRUE,NA,NA,NA,NA,NA,NA,NA,NA,0.64217612204,0.020853390439144,-0.127237053158333,-0.64969928764657,0.157348403809107,0.214268526528399,0.327347459289143,0.214268526528399,0.0230823824525386,0,1297420.54988317,0.2293628986,5654727.87225015,1e-04,"1_115_13",1,115,13,1723,3,NA,NA,NA,NA,NA,NA,NA,3,FALSE,NA,NA,NA,NA,NA
"336","season",0.0304300176498019,-8689.04361221305,-0.000836219217962824,-76.8941912585225,-0.000836219217962824,-8689.04361221305,-0.000836219217962824,-76.8941912585225,-0.000836219217962824,FALSE,NA,NA,NA,NA,NA,NA,NA,NA,0.64217612204,0.020853390439144,-0.127237053158333,-0.64969928764657,0.157348403809107,0.214268526528399,0.327347459289143,0.214268526528399,0.0230823824525386,0,1297420.54988317,0.2293628986,5654727.87225015,1e-04,"1_115_13",1,115,13,1723,3,NA,NA,NA,NA,NA,NA,NA,3,FALSE,NA,NA,NA,NA,NA
"337","holiday",0,0,0,0,0,0,0,0,0,TRUE,NA,NA,NA,NA,NA,NA,NA,NA,0.64217612204,0.020853390439144,-0.127237053158333,-0.64969928764657,0.157348403809107,0.214268526528399,0.327347459289143,0.214268526528399,0.0230823824525386,0,1297420.54988317,0.2293628986,5654727.87225015,1e-04,"1_115_13",1,115,13,1723,3,NA,NA,NA,NA,NA,NA,NA,3,FALSE,NA,NA,NA,NA,NA
"338","Google_Impressions",12462.4915697284,259280.940060024,0.0249527697875644,2294.52159345154,0.0249527697875644,259280.940060024,0.0249527697875644,2294.52159345154,0.0249527697875644,TRUE,0.743363900415277,0.743363900415277,490276.628318584,55401259,NA,NA,0.742817584435868,0.742817584435868,0.64217612204,0.020853390439144,-0.127237053158333,-0.64969928764657,0.157348403809107,0.214268526528399,0.327347459289143,0.214268526528399,0.0230823824525386,0,1297420.54988317,0.2293628986,5654727.87225015,1e-04,"1_115_13",1,115,13,1723,3,2294.52159345154,647464.711656588,157188.083338004,0.00468005501571767,0.00468005501571767,213.672701846787,213.672701846787,3,FALSE,0.00614836150170441,0.000208230508885948,0.00308252913534494,0.00922081584551984,0.291115204721961
"339","Facebook_Impressions",15405.1017357344,89769.6821824941,0.00863928606894141,794.421966216762,0.00863928606894141,89769.6821824941,0.00863928606894141,794.421966216762,0.00863928606894141,TRUE,0.244677122195661,0.244677122195661,161373.82300885,18235242,NA,NA,0.257182415564132,0.257182415564132,0.64217612204,0.020853390439144,-0.127237053158333,-0.64969928764657,0.157348403809107,0.214268526528399,0.327347459289143,0.214268526528399,0.0230823824525386,0,1297420.54988317,0.2293628986,5654727.87225015,1e-04,"1_115_13",1,115,13,1723,3,794.421966216762,164043.167205137,2669.34419628779,0.00492286760891323,0.00492286760891323,203.133636620539,203.133636620539,3,FALSE,0.00666154589379305,0.000271917387353167,0.00265856156013475,0.0106742308008493,1.16341343523532e-05
"340","Affiliate_Impressions",0,0,0,0,0,0,0,0,0,TRUE,0.0119589773890613,0.0119589773890613,7887.3982300885,891276,NA,NA,0,0,0.64217612204,0.020853390439144,-0.127237053158333,-0.64969928764657,0.157348403809107,0.214268526528399,0.327347459289143,0.214268526528399,0.0230823824525386,0,1297420.54988317,0.2293628986,5654727.87225015,1e-04,"1_115_13",1,115,13,1723,3,0,8781.98498728513,894.586757196633,0,0,Inf,Inf,3,FALSE,0,0,0,0,NA
"341","Organic_Views",0,0,0,0,0,0,0,0,0,TRUE,NA,NA,NA,NA,8051.88495575221,8051.88495575221,NA,NA,0.64217612204,0.020853390439144,-0.127237053158333,-0.64969928764657,0.157348403809107,0.214268526528399,0.327347459289143,0.214268526528399,0.0230823824525386,0,1297420.54988317,0.2293628986,5654727.87225015,1e-04,"1_115_13",1,115,13,1723,3,0,9272.04819032572,1220.16323457351,NA,NA,NA,NA,3,FALSE,NA,NA,NA,NA,NA
"342","Email_Impressions",10522.1427788809,326744.28183594,0.0314453304672831,2891.54231713221,0.0314453304672831,326744.28183594,0.0314453304672831,2891.54231713221,0.0314453304672831,TRUE,NA,NA,NA,NA,389433.016085841,389433.016085841,NA,NA,0.64217612204,0.020853390439144,-0.127237053158333,-0.64969928764657,0.157348403809107,0.214268526528399,0.327347459289143,0.214268526528399,0.0230823824525386,0,1297420.54988317,0.2293628986,5654727.87225015,1e-04,"1_115_13",1,115,13,1723,3,2891.54231713221,401567.30976292,12134.2936770793,NA,NA,NA,NA,3,FALSE,NA,NA,NA,NA,0.0323889518864466
"343","(Intercept)",78161.475397309,8832246.71989592,0.850688311391908,78161.475397309,0.850688311391908,8832246.71989592,0.850688311391908,78161.475397309,0.850688311391908,TRUE,NA,NA,NA,NA,NA,NA,NA,NA,0.6399827405,0.0161404366343124,-0.133281622628169,-0.663582276409765,0.157726633958973,0.214842243198418,0.328721964328681,0.214842243198418,0.0198368580812811,0,1381679.17593433,0.2442649513,5654727.87225015,1e-04,"1_117_5",1,117,5,1745,3,NA,NA,NA,NA,NA,NA,NA,3,FALSE,NA,NA,NA,NA,NA
"344","trend",0.0876109954236932,1049130.3609745,0.101048234216208,9284.33947765044,0.101048234216208,1049130.3609745,0.101048234216208,9284.33947765044,0.101048234216208,TRUE,NA,NA,NA,NA,NA,NA,NA,NA,0.6399827405,0.0161404366343124,-0.133281622628169,-0.663582276409765,0.157726633958973,0.214842243198418,0.328721964328681,0.214842243198418,0.0198368580812811,0,1381679.17593433,0.2442649513,5654727.87225015,1e-04,"1_117_5",1,117,5,1745,3,NA,NA,NA,NA,NA,NA,NA,3,FALSE,NA,NA,NA,NA,NA
"345","season",0.0286501228805626,-8180.80916249787,-0.000787944330924077,-72.3965412610431,-0.000787944330924077,-8180.80916249787,-0.000787944330924077,-72.3965412610431,-0.000787944330924077,FALSE,NA,NA,NA,NA,NA,NA,NA,NA,0.6399827405,0.0161404366343124,-0.133281622628169,-0.663582276409765,0.157726633958973,0.214842243198418,0.328721964328681,0.214842243198418,0.0198368580812811,0,1381679.17593433,0.2442649513,5654727.87225015,1e-04,"1_117_5",1,117,5,1745,3,NA,NA,NA,NA,NA,NA,NA,3,FALSE,NA,NA,NA,NA,NA
"346","holiday",0,0,0,0,0,0,0,0,0,TRUE,NA,NA,NA,NA,NA,NA,NA,NA,0.6399827405,0.0161404366343124,-0.133281622628169,-0.663582276409765,0.157726633958973,0.214842243198418,0.328721964328681,0.214842243198418,0.0198368580812811,0,1381679.17593433,0.2442649513,5654727.87225015,1e-04,"1_117_5",1,117,5,1745,3,NA,NA,NA,NA,NA,NA,NA,3,FALSE,NA,NA,NA,NA,NA
"347","Google_Impressions",12270.7422531715,238898.484076859,0.023009790652205,2114.14587678636,0.023009790652205,238898.484076859,0.023009790652205,2114.14587678636,0.023009790652205,TRUE,0.743363900415277,0.743363900415277,490276.628318584,55401259,NA,NA,0.747496964505487,0.747496964505487,0.6399827405,0.0161404366343124,-0.133281622628169,-0.663582276409765,0.157726633958973,0.214842243198418,0.328721964328681,0.214842243198418,0.0198368580812811,0,1381679.17593433,0.2442649513,5654727.87225015,1e-04,"1_117_5",1,117,5,1745,3,2114.14587678636,571698.638007492,81422.0096889081,0.00431214900868694,0.00431214900868695,231.902932386027,231.902932386027,3,FALSE,0.00614836150170441,0.000208230508885948,0.00308252913534494,0.00922081584551984,0.144066871512041
"348","Facebook_Impressions",19334.9497784975,80699.447982844,0.00777266298281052,714.154406927823,0.00777266298281052,80699.447982844,0.00777266298281052,714.154406927823,0.00777266298281052,TRUE,0.244677122195661,0.244677122195661,161373.82300885,18235242,NA,NA,0.252503035494513,0.252503035494513,0.6399827405,0.0161404366343124,-0.133281622628169,-0.663582276409765,0.157726633958973,0.214842243198418,0.328721964328681,0.214842243198418,0.0198368580812811,0,1381679.17593433,0.2442649513,5654727.87225015,1e-04,"1_117_5",1,117,5,1745,3,714.154406927823,163861.5708016,2487.74779275056,0.00442546624732724,0.00442546624732723,225.964891406403,225.964891406403,3,FALSE,0.00666154589379305,0.000271917387353167,0.00265856156013475,0.0106742308008493,7.75633021965378e-06
"349","Affiliate_Impressions",0,0,0,0,0,0,0,0,0,TRUE,0.0119589773890613,0.0119589773890613,7887.3982300885,891276,NA,NA,0,0,0.6399827405,0.0161404366343124,-0.133281622628169,-0.663582276409765,0.157726633958973,0.214842243198418,0.328721964328681,0.214842243198418,0.0198368580812811,0,1381679.17593433,0.2442649513,5654727.87225015,1e-04,"1_117_5",1,117,5,1745,3,0,10896.3512848392,3008.95305475069,0,0,Inf,Inf,3,FALSE,0,0,0,0,NA
"350","Organic_Views",0,0,0,0,0,0,0,0,0,TRUE,NA,NA,NA,NA,8051.88495575221,8051.88495575221,NA,NA,0.6399827405,0.0161404366343124,-0.133281622628169,-0.663582276409765,0.157726633958973,0.214842243198418,0.328721964328681,0.214842243198418,0.0198368580812811,0,1381679.17593433,0.2442649513,5654727.87225015,1e-04,"1_117_5",1,117,5,1745,3,0,9656.75431068834,1604.86935493613,NA,NA,NA,NA,3,FALSE,NA,NA,NA,NA,NA
"351","Email_Impressions",8691.16494382798,189676.792506526,0.0182689450877921,1678.55568589846,0.0182689450877921,189676.792506526,0.0182689450877921,1678.55568589846,0.0182689450877921,TRUE,NA,NA,NA,NA,389433.016085841,389433.016085841,NA,NA,0.6399827405,0.0161404366343124,-0.133281622628169,-0.663582276409765,0.157726633958973,0.214842243198418,0.328721964328681,0.214842243198418,0.0198368580812811,0,1381679.17593433,0.2442649513,5654727.87225015,1e-04,"1_117_5",1,117,5,1745,3,1678.55568589846,395895.753278142,6462.7371923011,NA,NA,NA,NA,3,FALSE,NA,NA,NA,NA,0.00104689355346903
"352","(Intercept)",70868.0589779869,8008090.66451252,0.764410696524639,70868.0589779869,0.764410696524639,8008090.66451252,0.764410696524639,70868.0589779869,0.764410696524639,TRUE,NA,NA,NA,NA,NA,NA,NA,NA,0.64025838434,0.0920099657651967,-0.118753634097997,-0.50149344386457,0.15152316050806,0.213460727220341,0.312297351532974,0.213460727220341,0.033347892768332,0,862993.609484085,0.1525297782,5654727.87225015,1e-04,"1_117_8",1,117,8,1748,1,NA,NA,NA,NA,NA,NA,NA,3,FALSE,NA,NA,NA,NA,NA
"353","trend",0.129408614026737,1549651.44831997,0.147921669797028,13713.7296311502,0.147921669797028,1549651.44831997,0.147921669797028,13713.7296311502,0.147921669797028,TRUE,NA,NA,NA,NA,NA,NA,NA,NA,0.64025838434,0.0920099657651967,-0.118753634097997,-0.50149344386457,0.15152316050806,0.213460727220341,0.312297351532974,0.213460727220341,0.033347892768332,0,862993.609484085,0.1525297782,5654727.87225015,1e-04,"1_117_8",1,117,8,1748,1,NA,NA,NA,NA,NA,NA,NA,3,FALSE,NA,NA,NA,NA,NA
"354","season",0.043956295167171,-12551.3619523433,-0.00119808775078443,-111.073999578259,-0.00119808775078443,-12551.3619523433,-0.00119808775078443,-111.073999578259,-0.00119808775078443,FALSE,NA,NA,NA,NA,NA,NA,NA,NA,0.64025838434,0.0920099657651967,-0.118753634097997,-0.50149344386457,0.15152316050806,0.213460727220341,0.312297351532974,0.213460727220341,0.033347892768332,0,862993.609484085,0.1525297782,5654727.87225015,1e-04,"1_117_8",1,117,8,1748,1,NA,NA,NA,NA,NA,NA,NA,3,FALSE,NA,NA,NA,NA,NA
"355","holiday",0,0,0,0,0,0,0,0,0,TRUE,NA,NA,NA,NA,NA,NA,NA,NA,0.64025838434,0.0920099657651967,-0.118753634097997,-0.50149344386457,0.15152316050806,0.213460727220341,0.312297351532974,0.213460727220341,0.033347892768332,0,862993.609484085,0.1525297782,5654727.87225015,1e-04,"1_117_8",1,117,8,1748,1,NA,NA,NA,NA,NA,NA,NA,3,FALSE,NA,NA,NA,NA,NA
"356","Google_Impressions",21551.5142839061,369699.157242502,0.0352895592884145,3271.67395789825,0.0352895592884145,369699.157242502,0.0352895592884145,3271.67395789825,0.0352895592884145,TRUE,0.743363900415277,0.743363900415277,490276.628318584,55401259,NA,NA,0.735007762374965,0.735007762374965,0.64025838434,0.0920099657651967,-0.118753634097997,-0.50149344386457,0.15152316050806,0.213460727220341,0.312297351532974,0.213460727220341,0.033347892768332,0,862993.609484085,0.1525297782,5654727.87225015,1e-04,"1_117_8",1,117,8,1748,1,3271.67395789825,690409.26983684,200132.641518255,0.00667311833549671,0.00667311833549671,149.854977796608,149.854977796608,3,FALSE,0.00614836150170441,0.000208230508885948,0.00308252913534494,0.00922081584551984,0.285019295876087
"357","Facebook_Impressions",19541.253015436,133287.581357273,0.0127229394835529,1179.53611820595,0.0127229394835529,133287.581357273,0.0127229394835529,1179.53611820595,0.0127229394835529,TRUE,0.244677122195661,0.244677122195661,161373.82300885,18235242,NA,NA,0.264992237625035,0.264992237625035,0.64025838434,0.0920099657651967,-0.118753634097997,-0.50149344386457,0.15152316050806,0.213460727220341,0.312297351532974,0.213460727220341,0.033347892768332,0,862993.609484085,0.1525297782,5654727.87225015,1e-04,"1_117_8",1,117,8,1748,1,1179.53611820595,162131.787677396,757.964668545961,0.00730933986822181,0.00730933986822181,136.811260391327,136.811260391327,3,FALSE,0.00666154589379305,0.000271917387353167,0.00265856156013475,0.0106742308008493,3.54978799994719e-07
"358","Affiliate_Impressions",0,0,0,0,0,0,0,0,0,TRUE,0.0119589773890613,0.0119589773890613,7887.3982300885,891276,NA,NA,0,0,0.64025838434,0.0920099657651967,-0.118753634097997,-0.50149344386457,0.15152316050806,0.213460727220341,0.312297351532974,0.213460727220341,0.033347892768332,0,862993.609484085,0.1525297782,5654727.87225015,1e-04,"1_117_8",1,117,8,1748,1,0,9699.28396514002,1811.88573505153,0,0,Inf,Inf,3,FALSE,0,0,0,0,NA
"359","Organic_Views",0,0,0,0,0,0,0,0,0,TRUE,NA,NA,NA,NA,8051.88495575221,8051.88495575221,NA,NA,0.64025838434,0.0920099657651967,-0.118753634097997,-0.50149344386457,0.15152316050806,0.213460727220341,0.312297351532974,0.213460727220341,0.033347892768332,0,862993.609484085,0.1525297782,5654727.87225015,1e-04,"1_117_8",1,117,8,1748,1,0,8566.56169589774,514.676740145527,NA,NA,NA,NA,3,FALSE,NA,NA,NA,NA,NA
"360","Email_Impressions",14956.8193423362,427984.998723038,0.04085322265715,3787.47786480565,0.04085322265715,427984.998723038,0.04085322265715,3787.47786480565,0.04085322265715,TRUE,NA,NA,NA,NA,389433.016085841,389433.016085841,NA,NA,0.64025838434,0.0920099657651967,-0.118753634097997,-0.50149344386457,0.15152316050806,0.213460727220341,0.312297351532974,0.213460727220341,0.033347892768332,0,862993.609484085,0.1525297782,5654727.87225015,1e-04,"1_117_8",1,117,8,1748,1,3787.47786480565,448541.95320798,59108.9371221396,NA,NA,NA,NA,3,FALSE,NA,NA,NA,NA,0.10059507749274
"361","(Intercept)",63317.4039090028,7154866.64171732,0.67857227245388,63317.4039090028,0.67857227245388,7154866.64171732,0.67857227245388,63317.4039090028,0.67857227245388,TRUE,NA,NA,NA,NA,NA,NA,NA,NA,0.63955531487,0.137396826204177,-0.097296811480416,-0.403974701380207,0.147687590564408,0.211403811787691,0.30198559149376,0.211403811787691,0.0699869345153724,0,649064.557409953,0.114694103,5654727.87225015,1e-04,"1_117_13",1,117,13,1753,3,NA,NA,NA,NA,NA,NA,NA,3,FALSE,NA,NA,NA,NA,NA
"362","trend",0.160387491747656,1920619.51013408,0.182152821397399,16996.632833045,0.182152821397399,1920619.51013408,0.182152821397399,16996.632833045,0.182152821397399,TRUE,NA,NA,NA,NA,NA,NA,NA,NA,0.63955531487,0.137396826204177,-0.097296811480416,-0.403974701380207,0.147687590564408,0.211403811787691,0.30198559149376,0.211403811787691,0.0699869345153724,0,649064.557409953,0.114694103,5654727.87225015,1e-04,"1_117_13",1,117,13,1753,3,NA,NA,NA,NA,NA,NA,NA,3,FALSE,NA,NA,NA,NA,NA
"363","season",0.0568610968886043,-16236.2229424001,-0.00153985409509293,-143.683388870797,-0.00153985409509293,-16236.2229424001,-0.00153985409509293,-143.683388870797,-0.00153985409509293,FALSE,NA,NA,NA,NA,NA,NA,NA,NA,0.63955531487,0.137396826204177,-0.097296811480416,-0.403974701380207,0.147687590564408,0.211403811787691,0.30198559149376,0.211403811787691,0.0699869345153724,0,649064.557409953,0.114694103,5654727.87225015,1e-04,"1_117_13",1,117,13,1753,3,NA,NA,NA,NA,NA,NA,NA,3,FALSE,NA,NA,NA,NA,NA
"364","holiday",0,0,0,0,0,0,0,0,0,TRUE,NA,NA,NA,NA,NA,NA,NA,NA,0.63955531487,0.137396826204177,-0.097296811480416,-0.403974701380207,0.147687590564408,0.211403811787691,0.30198559149376,0.211403811787691,0.0699869345153724,0,649064.557409953,0.114694103,5654727.87225015,1e-04,"1_117_13",1,117,13,1753,3,NA,NA,NA,NA,NA,NA,NA,3,FALSE,NA,NA,NA,NA,NA
"365","Google_Impressions",22902.0867544838,476475.715134079,0.045189271160198,4216.59924897415,0.045189271160198,476475.715134079,0.045189271160198,4216.59924897415,0.045189271160198,TRUE,0.743363900415277,0.743363900415277,490276.628318584,55401259,NA,NA,0.713701451179751,0.713701451179751,0.63955531487,0.137396826204177,-0.097296811480416,-0.403974701380207,0.147687590564408,0.211403811787691,0.30198559149376,0.211403811787691,0.0699869345153724,0,649064.557409953,0.114694103,5654727.87225015,1e-04,"1_117_13",1,117,13,1753,3,4216.59924897415,647464.711656588,157188.083338004,0.00860044922686828,0.00860044922686828,116.272996168147,116.272996168147,3,FALSE,0.00614836150170441,0.000208230508885948,0.00308252913534494,0.00922081584551984,0.291115204721961
"366","Facebook_Impressions",19973.0322023685,191136.371609563,0.0181274995784631,1691.47231512888,0.0181274995784631,191136.371609563,0.0181274995784631,1691.47231512888,0.0181274995784631,TRUE,0.244677122195661,0.244677122195661,161373.82300885,18235242,NA,NA,0.286298548820249,0.286298548820249,0.63955531487,0.137396826204177,-0.097296811480416,-0.403974701380207,0.147687590564408,0.211403811787691,0.30198559149376,0.211403811787691,0.0699869345153724,0,649064.557409953,0.114694103,5654727.87225015,1e-04,"1_117_13",1,117,13,1753,3,1691.47231512888,164043.167205137,2669.34419628779,0.0104817019488726,0.0104817019488726,95.4043536896755,95.4043536896755,3,FALSE,0.00666154589379305,0.000271917387353167,0.00265856156013475,0.0106742308008493,2.00698528450212e-05
"367","Affiliate_Impressions",0,0,0,0,0,0,0,0,0,TRUE,0.0119589773890613,0.0119589773890613,7887.3982300885,891276,NA,NA,0,0,0.63955531487,0.137396826204177,-0.097296811480416,-0.403974701380207,0.147687590564408,0.211403811787691,0.30198559149376,0.211403811787691,0.0699869345153724,0,649064.557409953,0.114694103,5654727.87225015,1e-04,"1_117_13",1,117,13,1753,3,0,10512.2398230086,2624.8415929201,0,0,Inf,Inf,3,FALSE,0,0,0,0,NA
"368","Organic_Views",0,0,0,0,0,0,0,0,0,TRUE,NA,NA,NA,NA,8051.88495575221,8051.88495575221,NA,NA,0.63955531487,0.137396826204177,-0.097296811480416,-0.403974701380207,0.147687590564408,0.211403811787691,0.30198559149376,0.211403811787691,0.0699869345153724,0,649064.557409953,0.114694103,5654727.87225015,1e-04,"1_117_13",1,117,13,1753,3,0,8749.83792296907,697.952967216853,NA,NA,NA,NA,3,FALSE,NA,NA,NA,NA,NA
"369","Email_Impressions",21537.2494886694,817138.869976841,0.0774979895051533,7231.31743342337,0.0774979895051533,817138.869976841,0.0774979895051533,7231.31743342337,0.0774979895051533,TRUE,NA,NA,NA,NA,389433.016085841,389433.016085841,NA,NA,0.63955531487,0.137396826204177,-0.097296811480416,-0.403974701380207,0.147687590564408,0.211403811787691,0.30198559149376,0.211403811787691,0.0699869345153724,0,649064.557409953,0.114694103,5654727.87225015,1e-04,"1_117_13",1,117,13,1753,3,7231.31743342337,485907.279203002,96474.2631171613,NA,NA,NA,NA,3,FALSE,NA,NA,NA,NA,0.294859342841412
"370","(Intercept)",69850.9809186924,7893160.84381224,0.750235931002213,69850.9809186924,0.750235931002213,7893160.84381224,0.750235931002213,69850.9809186924,0.750235931002213,TRUE,NA,NA,NA,NA,NA,NA,NA,NA,0.63557824097,0.127009248978049,-0.113614671289313,-0.431572781642095,0.148574165871434,0.212969900049935,0.304939228612323,0.212969900049935,0.0468530864368284,0,724608.939179843,0.128054947,5654727.87225015,1e-04,"1_118_11",1,118,11,1766,1,NA,NA,NA,NA,NA,NA,NA,1,FALSE,NA,NA,NA,NA,NA
"371","trend",0.14880344937845,1781902.09808351,0.169367761022947,15769.0451157833,0.169367761022947,1781902.09808351,0.169367761022947,15769.0451157833,0.169367761022947,TRUE,NA,NA,NA,NA,NA,NA,NA,NA,0.63557824097,0.127009248978049,-0.113614671289313,-0.431572781642095,0.148574165871434,0.212969900049935,0.304939228612323,0.212969900049935,0.0468530864368284,0,724608.939179843,0.128054947,5654727.87225015,1e-04,"1_118_11",1,118,11,1766,1,NA,NA,NA,NA,NA,NA,NA,1,FALSE,NA,NA,NA,NA,NA
"372","season",0.05127004280541,-14639.7430018953,-0.00139149086633275,-129.555247804383,-0.00139149086633275,-14639.7430018953,-0.00139149086633275,-129.555247804383,-0.00139149086633275,FALSE,NA,NA,NA,NA,NA,NA,NA,NA,0.63557824097,0.127009248978049,-0.113614671289313,-0.431572781642095,0.148574165871434,0.212969900049935,0.304939228612323,0.212969900049935,0.0468530864368284,0,724608.939179843,0.128054947,5654727.87225015,1e-04,"1_118_11",1,118,11,1766,1,NA,NA,NA,NA,NA,NA,NA,1,FALSE,NA,NA,NA,NA,NA
"373","holiday",0,0,0,0,0,0,0,0,0,TRUE,NA,NA,NA,NA,NA,NA,NA,NA,0.63557824097,0.127009248978049,-0.113614671289313,-0.431572781642095,0.148574165871434,0.212969900049935,0.304939228612323,0.212969900049935,0.0468530864368284,0,724608.939179843,0.128054947,5654727.87225015,1e-04,"1_118_11",1,118,11,1766,1,NA,NA,NA,NA,NA,NA,NA,1,FALSE,NA,NA,NA,NA,NA
"374","Google_Impressions",21410.1264416317,427881.513293049,0.040669649565763,3786.56206454025,0.040669649565763,427881.513293049,0.040669649565763,3786.56206454025,0.040669649565763,TRUE,0.743363900415277,0.743363900415277,490276.628318584,55401259,NA,NA,0.726757100394844,0.726757100394844,0.63557824097,0.127009248978049,-0.113614671289313,-0.431572781642095,0.148574165871434,0.212969900049935,0.304939228612323,0.212969900049935,0.0468530864368284,0,724608.939179843,0.128054947,5654727.87225015,1e-04,"1_118_11",1,118,11,1766,1,3786.56206454025,665488.709827814,175212.081509229,0.00772331750246052,0.00772331750246053,129.478038379416,129.478038379416,1,FALSE,0.00782942360134586,0.00074135540919751,0,0.019703727690251,0.258025703410714
"375","Facebook_Impressions",21042.1655466107,160872.986746349,0.0152907938116286,1423.65474996769,0.0152907938116286,160872.986746349,0.0152907938116286,1423.65474996769,0.0152907938116286,TRUE,0.244677122195661,0.244677122195661,161373.82300885,18235242,NA,NA,0.273242899605156,0.273242899605156,0.63557824097,0.127009248978049,-0.113614671289313,-0.431572781642095,0.148574165871434,0.212969900049935,0.304939228612323,0.212969900049935,0.0468530864368284,0,724608.939179843,0.128054947,5654727.87225015,1e-04,"1_118_11",1,118,11,1766,1,1423.65474996769,162000.288858588,626.465849737987,0.00882209222923111,0.00882209222923111,113.351796151779,113.351796151779,1,FALSE,0.00891222269670811,0.000954082668229271,0,0.0241936972477182,2.52698192821666e-07
"376","Affiliate_Impressions",0,0,0,0,0,0,0,0,0,TRUE,0.0119589773890613,0.0119589773890613,7887.3982300885,891276,NA,NA,0,0,0.63557824097,0.127009248978049,-0.113614671289313,-0.431572781642095,0.148574165871434,0.212969900049935,0.304939228612323,0.212969900049935,0.0468530864368284,0,724608.939179843,0.128054947,5654727.87225015,1e-04,"1_118_11",1,118,11,1766,1,0,10116.2391116761,2228.84088158763,0,0,Inf,Inf,1,FALSE,0,0,0,0,NA
"377","Organic_Views",0,0,0,0,0,0,0,0,0,TRUE,NA,NA,NA,NA,8051.88495575221,8051.88495575221,NA,NA,0.63557824097,0.127009248978049,-0.113614671289313,-0.431572781642095,0.148574165871434,0.212969900049935,0.304939228612323,0.212969900049935,0.0468530864368284,0,724608.939179843,0.128054947,5654727.87225015,1e-04,"1_118_11",1,118,11,1766,1,0,8453.54867514977,401.663719397555,NA,NA,NA,NA,1,FALSE,NA,NA,NA,NA,NA
"378","Email_Impressions",11968.7079212221,271727.149316352,0.0258273554637803,2404.66503819781,0.0258273554637803,271727.149316352,0.0258273554637803,2404.66503819781,0.0258273554637803,TRUE,NA,NA,NA,NA,389433.016085841,389433.016085841,NA,NA,0.63557824097,0.127009248978049,-0.113614671289313,-0.431572781642095,0.148574165871434,0.212969900049935,0.304939228612323,0.212969900049935,0.0468530864368284,0,724608.939179843,0.128054947,5654727.87225015,1e-04,"1_118_11",1,118,11,1766,1,2404.66503819781,436666.915273415,47233.8991875747,NA,NA,NA,NA,1,FALSE,NA,NA,NA,NA,0.0051416465839276
"379","(Intercept)",65916.4944570772,7448563.87364972,0.707431836558897,65916.4944570772,0.707431836558897,7448563.87364972,0.707431836558897,65916.4944570772,0.707431836558897,TRUE,NA,NA,NA,NA,NA,NA,NA,NA,0.64076489504,0.132016213489775,-0.123033319088485,-0.418787007331471,0.148147485922811,0.213868624294451,0.303574425926752,0.213868624294451,0.0292657380503081,0,692559.767084062,0.122386703,5654727.87225015,1e-04,"1_119_7",1,119,7,1777,2,NA,NA,NA,NA,NA,NA,NA,3,TRUE,NA,NA,NA,NA,NA
"380","trend",0.15365047595156,1839944.61562035,0.174749847175194,16282.6957134544,0.174749847175194,1839944.61562035,0.174749847175194,16282.6957134544,0.174749847175194,TRUE,NA,NA,NA,NA,NA,NA,NA,NA,0.64076489504,0.132016213489775,-0.123033319088485,-0.418787007331471,0.148147485922811,0.213868624294451,0.303574425926752,0.213868624294451,0.0292657380503081,0,692559.767084062,0.122386703,5654727.87225015,1e-04,"1_119_7",1,119,7,1777,2,NA,NA,NA,NA,NA,NA,NA,3,TRUE,NA,NA,NA,NA,NA
"381","season",0.0534967859259783,-15275.5713576484,-0.00145080658276381,-135.182047412818,-0.00145080658276381,-15275.5713576484,-0.00145080658276381,-135.182047412818,-0.00145080658276381,FALSE,NA,NA,NA,NA,NA,NA,NA,NA,0.64076489504,0.132016213489775,-0.123033319088485,-0.418787007331471,0.148147485922811,0.213868624294451,0.303574425926752,0.213868624294451,0.0292657380503081,0,692559.767084062,0.122386703,5654727.87225015,1e-04,"1_119_7",1,119,7,1777,2,NA,NA,NA,NA,NA,NA,NA,3,TRUE,NA,NA,NA,NA,NA
"382","holiday",0,0,0,0,0,0,0,0,0,TRUE,NA,NA,NA,NA,NA,NA,NA,NA,0.64076489504,0.132016213489775,-0.123033319088485,-0.418787007331471,0.148147485922811,0.213868624294451,0.303574425926752,0.213868624294451,0.0292657380503081,0,692559.767084062,0.122386703,5654727.87225015,1e-04,"1_119_7",1,119,7,1777,2,NA,NA,NA,NA,NA,NA,NA,3,TRUE,NA,NA,NA,NA,NA
"383","Google_Impressions",25830.1293866562,446316.091330841,0.0423891393739579,3949.69992328178,0.0423891393739579,446316.091330841,0.0423891393739579,3949.69992328178,0.0423891393739579,TRUE,0.743363900415277,0.743363900415277,490276.628318584,55401259,NA,NA,0.737783842935686,0.737783842935686,0.64076489504,0.132016213489775,-0.123033319088485,-0.418787007331471,0.148147485922811,0.213868624294451,0.303574425926752,0.213868624294451,0.0292657380503081,0,692559.767084062,0.122386703,5654727.87225015,1e-04,"1_119_7",1,119,7,1777,2,3949.69992328178,655179.072340755,164902.444022171,0.0080560640567905,0.0080560640567905,124.130095410189,124.130095410189,3,TRUE,0.00614836150170441,0.000208230508885948,0.00308252913534494,0.00922081584551984,0.250807170111481
"384","Facebook_Impressions",24951.2348767767,158625.444871582,0.0150655470898836,1403.76499886356,0.0150655470898836,158625.444871582,0.0150655470898836,1403.76499886356,0.0150655470898836,TRUE,0.244677122195661,0.244677122195661,161373.82300885,18235242,NA,NA,0.262216157064314,0.262216157064314,0.64076489504,0.132016213489775,-0.123033319088485,-0.418787007331471,0.148147485922811,0.213868624294451,0.303574425926752,0.213868624294451,0.0292657380503081,0,692559.767084062,0.122386703,5654727.87225015,1e-04,"1_119_7",1,119,7,1777,2,1403.76499886356,163157.975613104,1784.15260425469,0.00869883958060893,0.00869883958060893,114.957861992208,114.957861992208,3,TRUE,0.00666154589379305,0.000271917387353167,0.00265856156013475,0.0106742308008493,3.96344872679689e-06
"385","Affiliate_Impressions",0,0,0,0,0,0,0,0,0,TRUE,0.0119589773890613,0.0119589773890613,7887.3982300885,891276,NA,NA,0,0,0.64076489504,0.132016213489775,-0.123033319088485,-0.418787007331471,0.148147485922811,0.213868624294451,0.303574425926752,0.213868624294451,0.0292657380503081,0,692559.767084062,0.122386703,5654727.87225015,1e-04,"1_119_7",1,119,7,1777,2,0,9844.15819899777,1956.75996890927,0,0,Inf,Inf,3,TRUE,0,0,0,0,NA
"386","Organic_Views",0,0,0,0,0,0,0,0,0,TRUE,NA,NA,NA,NA,8051.88495575221,8051.88495575221,NA,NA,0.64076489504,0.132016213489775,-0.123033319088485,-0.418787007331471,0.148147485922811,0.213868624294451,0.303574425926752,0.213868624294451,0.0292657380503081,0,692559.767084062,0.122386703,5654727.87225015,1e-04,"1_119_7",1,119,7,1777,2,0,8497.50693070497,445.621974952762,NA,NA,NA,NA,3,TRUE,NA,NA,NA,NA,NA
"387","Email_Impressions",17045.3903329369,650845.429809465,0.0618144363848315,5759.69406911031,0.0618144363848315,650845.429809465,0.0618144363848315,5759.69406911031,0.0618144363848315,TRUE,NA,NA,NA,NA,389433.016085841,389433.016085841,NA,NA,0.64076489504,0.132016213489775,-0.123033319088485,-0.418787007331471,0.148147485922811,0.213868624294451,0.303574425926752,0.213868624294451,0.0292657380503081,0,692559.767084062,0.122386703,5654727.87225015,1e-04,"1_119_7",1,119,7,1777,2,5759.69406911031,430166.854398306,40733.8383124651,NA,NA,NA,NA,3,TRUE,NA,NA,NA,NA,0.123117102872615
"388","(Intercept)",75856.0340446455,8571731.84704494,0.823026938230721,75856.0340446455,0.823026938230721,8571731.84704494,0.823026938230721,75856.0340446455,0.823026938230721,TRUE,NA,NA,NA,NA,NA,NA,NA,NA,0.63641377262,0.041491089661132,-0.132500299255325,-0.607295341706227,0.155681338423956,0.214768170609114,0.323112994396337,0.214768170609114,0.0195755087023343,0,1135198.33404457,0.2006721387,5654727.87225015,1e-04,"1_119_9",1,119,9,1779,1,NA,NA,NA,NA,NA,NA,NA,1,FALSE,NA,NA,NA,NA,NA
"389","trend",0.103619263418996,1240827.30379849,0.119139785861409,10980.7725999866,0.119139785861409,1240827.30379849,0.119139785861409,10980.7725999866,0.119139785861409,TRUE,NA,NA,NA,NA,NA,NA,NA,NA,0.63641377262,0.041491089661132,-0.132500299255325,-0.607295341706227,0.155681338423956,0.214768170609114,0.323112994396337,0.214768170609114,0.0195755087023343,0,1135198.33404457,0.2006721387,5654727.87225015,1e-04,"1_119_9",1,119,9,1779,1,NA,NA,NA,NA,NA,NA,NA,1,FALSE,NA,NA,NA,NA,NA
"390","season",0.0343871483973694,-9818.97005657273,-0.000942782276259163,-86.8935403236525,-0.000942782276259163,-9818.97005657273,-0.000942782276259163,-86.8935403236525,-0.000942782276259163,FALSE,NA,NA,NA,NA,NA,NA,NA,NA,0.63641377262,0.041491089661132,-0.132500299255325,-0.607295341706227,0.155681338423956,0.214768170609114,0.323112994396337,0.214768170609114,0.0195755087023343,0,1135198.33404457,0.2006721387,5654727.87225015,1e-04,"1_119_9",1,119,9,1779,1,NA,NA,NA,NA,NA,NA,NA,1,FALSE,NA,NA,NA,NA,NA
"391","holiday",0,0,0,0,0,0,0,0,0,TRUE,NA,NA,NA,NA,NA,NA,NA,NA,0.63641377262,0.041491089661132,-0.132500299255325,-0.607295341706227,0.155681338423956,0.214768170609114,0.323112994396337,0.214768170609114,0.0195755087023343,0,1135198.33404457,0.2006721387,5654727.87225015,1e-04,"1_119_9",1,119,9,1779,1,NA,NA,NA,NA,NA,NA,NA,1,FALSE,NA,NA,NA,NA,NA
"392","Google_Impressions",14590.2354868509,291656.043776565,0.0280037669177279,2581.0269360758,0.0280037669177279,291656.043776565,0.0280037669177279,2581.0269360758,0.0280037669177279,TRUE,0.743363900415277,0.743363900415277,490276.628318584,55401259,NA,NA,0.748627639852329,0.748627639852329,0.63641377262,0.041491089661132,-0.132500299255325,-0.607295341706227,0.155681338423956,0.214768170609114,0.323112994396337,0.214768170609114,0.0195755087023343,0,1135198.33404457,0.2006721387,5654727.87225015,1e-04,"1_119_9",1,119,9,1779,1,2581.0269360758,618862.21496032,128585.586641736,0.00526442988915766,0.00526442988915766,189.954092096382,189.954092096382,1,FALSE,0.00782942360134586,0.00074135540919751,0,0.019703727690251,0.24795978143457
"393","Facebook_Impressions",21118.4500181283,97931.5539163224,0.00940303644749621,866.650919613472,0.00940303644749621,97931.5539163224,0.00940303644749621,866.650919613472,0.00940303644749621,TRUE,0.244677122195661,0.244677122195661,161373.82300885,18235242,NA,NA,0.251372360147671,0.251372360147671,0.63641377262,0.041491089661132,-0.132500299255325,-0.607295341706227,0.155681338423956,0.214768170609114,0.323112994396337,0.214768170609114,0.0195755087023343,0,1135198.33404457,0.2006721387,5654727.87225015,1e-04,"1_119_9",1,119,9,1779,1,866.650919613472,163642.912044466,2269.0890356162,0.00537045540258376,0.00537045540258376,186.203948275763,186.203948275763,1,FALSE,0.00891222269670811,0.000954082668229271,0,0.0241936972477182,6.69387354087442e-06
"394","Affiliate_Impressions",0,0,0,0,0,0,0,0,0,TRUE,0.0119589773890613,0.0119589773890613,7887.3982300885,891276,NA,NA,0,0,0.63641377262,0.041491089661132,-0.132500299255325,-0.607295341706227,0.155681338423956,0.214768170609114,0.323112994396337,0.214768170609114,0.0195755087023343,0,1135198.33404457,0.2006721387,5654727.87225015,1e-04,"1_119_9",1,119,9,1779,1,0,10000.3367367744,2112.93850668586,0,0,Inf,Inf,1,FALSE,0,0,0,0,NA
"395","Organic_Views",0,0,0,0,0,0,0,0,0,TRUE,NA,NA,NA,NA,8051.88495575221,8051.88495575221,NA,NA,0.63641377262,0.041491089661132,-0.132500299255325,-0.607295341706227,0.155681338423956,0.214768170609114,0.323112994396337,0.214768170609114,0.0195755087023343,0,1135198.33404457,0.2006721387,5654727.87225015,1e-04,"1_119_9",1,119,9,1779,1,0,9296.30525186361,1244.4202961114,NA,NA,NA,NA,1,FALSE,NA,NA,NA,NA,NA
"396","Email_Impressions",7447.02314866059,222558.35571141,0.0213692548189049,1969.54297089744,0.0213692548189049,222558.35571141,0.0213692548189049,1969.54297089744,0.0213692548189049,TRUE,NA,NA,NA,NA,389433.016085841,389433.016085841,NA,NA,0.63641377262,0.041491089661132,-0.132500299255325,-0.607295341706227,0.155681338423956,0.214768170609114,0.323112994396337,0.214768170609114,0.0195755087023343,0,1135198.33404457,0.2006721387,5654727.87225015,1e-04,"1_119_9",1,119,9,1779,1,1969.54297089744,506013.909405972,116580.893320131,NA,NA,NA,NA,1,FALSE,NA,NA,NA,NA,0.0532475733701501
"397","(Intercept)",69420.3268097532,7844496.92950211,0.748023932865489,69420.3268097532,0.748023932865488,7844496.92950211,0.748023932865489,69420.3268097532,0.748023932865488,TRUE,NA,NA,NA,NA,NA,NA,NA,NA,0.63738676847,0.0983779492859848,-0.118010797201249,-0.485630235082023,0.150990888851347,0.213389847971513,0.310643267565555,0.213389847971513,0.0397797675318366,0,822454.852768738,0.145360059,5654727.87225015,1e-04,"1_119_10",1,119,10,1780,2,NA,NA,NA,NA,NA,NA,NA,1,FALSE,NA,NA,NA,NA,NA
"398","trend",0.134623052471105,1612093.67558793,0.153723643746446,14266.3157131676,0.153723643746446,1612093.67558793,0.153723643746446,14266.3157131676,0.153723643746446,TRUE,NA,NA,NA,NA,NA,NA,NA,NA,0.63738676847,0.0983779492859848,-0.118010797201249,-0.485630235082023,0.150990888851347,0.213389847971513,0.310643267565555,0.213389847971513,0.0397797675318366,0,822454.852768738,0.145360059,5654727.87225015,1e-04,"1_119_10",1,119,10,1780,2,NA,NA,NA,NA,NA,NA,NA,1,FALSE,NA,NA,NA,NA,NA
"399","season",0.0459632512281045,-13124.4319039264,-0.00125150016089348,-116.145415078995,-0.00125150016089348,-13124.4319039264,-0.00125150016089348,-116.145415078995,-0.00125150016089348,FALSE,NA,NA,NA,NA,NA,NA,NA,NA,0.63738676847,0.0983779492859848,-0.118010797201249,-0.485630235082023,0.150990888851347,0.213389847971513,0.310643267565555,0.213389847971513,0.0397797675318366,0,822454.852768738,0.145360059,5654727.87225015,1e-04,"1_119_10",1,119,10,1780,2,NA,NA,NA,NA,NA,NA,NA,1,FALSE,NA,NA,NA,NA,NA
"400","holiday",0,0,0,0,0,0,0,0,0,TRUE,NA,NA,NA,NA,NA,NA,NA,NA,0.63738676847,0.0983779492859848,-0.118010797201249,-0.485630235082023,0.150990888851347,0.213389847971513,0.310643267565555,0.213389847971513,0.0397797675318366,0,822454.852768738,0.145360059,5654727.87225015,1e-04,"1_119_10",1,119,10,1780,2,NA,NA,NA,NA,NA,NA,NA,1,FALSE,NA,NA,NA,NA,NA
"401","Google_Impressions",20938.960714302,381379.437122276,0.0363670161431675,3375.03926656882,0.0363670161431675,381379.437122276,0.0363670161431675,3375.03926656882,0.0363670161431675,TRUE,0.743363900415277,0.743363900415277,490276.628318584,55401259,NA,NA,0.730964173794529,0.730964173794529,0.63738676847,0.0983779492859848,-0.118010797201249,-0.485630235082023,0.150990888851347,0.213389847971513,0.310643267565555,0.213389847971513,0.0397797675318366,0,822454.852768738,0.145360059,5654727.87225015,1e-04,"1_119_10",1,119,10,1780,2,3375.03926656882,615199.013409188,124922.385090604,0.00688394892112968,0.00688394892112968,145.265459034797,145.265459034797,1,FALSE,0.00782942360134586,0.00074135540919751,0,0.019703727690251,0.197555903216053
"402","Facebook_Impressions",21908.4661961449,140369.02989559,0.013385102287455,1242.20380438575,0.013385102287455,140369.02989559,0.013385102287455,1242.20380438575,0.013385102287455,TRUE,0.244677122195661,0.244677122195661,161373.82300885,18235242,NA,NA,0.269035826205471,0.269035826205471,0.63738676847,0.0983779492859848,-0.118010797201249,-0.485630235082023,0.150990888851347,0.213389847971513,0.310643267565555,0.213389847971513,0.0397797675318366,0,822454.852768738,0.145360059,5654727.87225015,1e-04,"1_119_10",1,119,10,1780,2,1242.20380438575,166760.192604732,5386.3695958825,0.00769767847860695,0.00769767847860696,129.90929704055,129.90929704055,1,FALSE,0.00891222269670811,0.000954082668229271,0,0.0241936972477182,0.000107259394637879
"403","Affiliate_Impressions",0,0,0,0,0,0,0,0,0,TRUE,0.0119589773890613,0.0119589773890613,7887.3982300885,891276,NA,NA,0,0,0.63738676847,0.0983779492859848,-0.118010797201249,-0.485630235082023,0.150990888851347,0.213389847971513,0.310643267565555,0.213389847971513,0.0397797675318366,0,822454.852768738,0.145360059,5654727.87225015,1e-04,"1_119_10",1,119,10,1780,2,0,10636.3757673668,2748.97753727829,0,0,Inf,Inf,1,FALSE,0,0,0,0,NA
"404","Organic_Views",0,0,0,0,0,0,0,0,0,TRUE,NA,NA,NA,NA,8051.88495575221,8051.88495575221,NA,NA,0.63738676847,0.0983779492859848,-0.118010797201249,-0.485630235082023,0.150990888851347,0.213389847971513,0.310643267565555,0.213389847971513,0.0397797675318366,0,822454.852768738,0.145360059,5654727.87225015,1e-04,"1_119_10",1,119,10,1780,2,0,8973.83288737615,921.947931623941,NA,NA,NA,NA,1,FALSE,NA,NA,NA,NA,NA
"405","Email_Impressions",13733.261814076,521745.181324516,0.049751805118337,4617.21399402227,0.049751805118337,521745.181324516,0.049751805118337,4617.21399402227,0.049751805118337,TRUE,NA,NA,NA,NA,389433.016085841,389433.016085841,NA,NA,0.63738676847,0.0983779492859848,-0.118010797201249,-0.485630235082023,0.150990888851347,0.213389847971513,0.310643267565555,0.213389847971513,0.0397797675318366,0,822454.852768738,0.145360059,5654727.87225015,1e-04,"1_119_10",1,119,10,1780,2,4617.21399402227,478378.491712938,88945.4756270973,NA,NA,NA,NA,1,FALSE,NA,NA,NA,NA,0.188266797393745
"406","(Intercept)",74213.1041929708,8386080.7738057,0.8047156267955,74213.1041929708,0.8047156267955,8386080.7738057,0.8047156267955,74213.1041929708,0.8047156267955,TRUE,NA,NA,NA,NA,NA,NA,NA,NA,0.63632027267,0.0458815840853157,-0.125626945431101,-0.597088963096685,0.155324376396672,0.214115444844143,0.322085471493883,0.214115444844143,0.0230209021056788,0,1105898.37741646,0.1954901233,5654727.87225015,1e-04,"1_119_13",1,119,13,1783,1,NA,NA,NA,NA,NA,NA,NA,3,FALSE,NA,NA,NA,NA,NA
"407","trend",0.105565556680735,1264133.91437146,0.12130437837355,11187.0257908979,0.12130437837355,1264133.91437146,0.12130437837355,11187.0257908979,0.12130437837355,TRUE,NA,NA,NA,NA,NA,NA,NA,NA,0.63632027267,0.0458815840853157,-0.125626945431101,-0.597088963096685,0.155324376396672,0.214115444844143,0.322085471493883,0.214115444844143,0.0230209021056788,0,1105898.37741646,0.1954901233,5654727.87225015,1e-04,"1_119_13",1,119,13,1783,1,NA,NA,NA,NA,NA,NA,NA,3,FALSE,NA,NA,NA,NA,NA
"408","season",0.0352174706343105,-10056.0618063049,-0.00096496448076573,-88.9916974009279,-0.000964964480765731,-10056.0618063049,-0.00096496448076573,-88.9916974009279,-0.000964964480765731,FALSE,NA,NA,NA,NA,NA,NA,NA,NA,0.63632027267,0.0458815840853157,-0.125626945431101,-0.597088963096685,0.155324376396672,0.214115444844143,0.322085471493883,0.214115444844143,0.0230209021056788,0,1105898.37741646,0.1954901233,5654727.87225015,1e-04,"1_119_13",1,119,13,1783,1,NA,NA,NA,NA,NA,NA,NA,3,FALSE,NA,NA,NA,NA,NA
"409","holiday",0,0,0,0,0,0,0,0,0,TRUE,NA,NA,NA,NA,NA,NA,NA,NA,0.63632027267,0.0458815840853157,-0.125626945431101,-0.597088963096685,0.155324376396672,0.214115444844143,0.322085471493883,0.214115444844143,0.0230209021056788,0,1105898.37741646,0.1954901233,5654727.87225015,1e-04,"1_119_13",1,119,13,1783,1,NA,NA,NA,NA,NA,NA,NA,3,FALSE,NA,NA,NA,NA,NA
"410","Google_Impressions",15288.5235043908,299472.586001168,0.0287369363892538,2650.19987611653,0.0287369363892538,299472.586001168,0.0287369363892538,2650.19987611653,0.0287369363892538,TRUE,0.743363900415277,0.743363900415277,490276.628318584,55401259,NA,NA,0.742878952651328,0.742878952651328,0.63632027267,0.0458815840853157,-0.125626945431101,-0.597088963096685,0.155324376396672,0.214115444844143,0.322085471493883,0.214115444844143,0.0230209021056788,0,1105898.37741646,0.1954901233,5654727.87225015,1e-04,"1_119_13",1,119,13,1783,1,2650.19987611653,669918.444171809,179641.815853225,0.00540551950274574,0.00540551950274574,184.996095100952,184.996095100952,3,FALSE,0.00614836150170441,0.000208230508885948,0.00308252913534494,0.00922081584551984,0.293241039258736
"411","Facebook_Impressions",17787.3614543048,103651.751998116,0.00994626534461141,917.272141576248,0.00994626534461141,103651.751998116,0.00994626534461141,917.272141576248,0.00994626534461141,TRUE,0.244677122195661,0.244677122195661,161373.82300885,18235242,NA,NA,0.257121047348672,0.257121047348672,0.63632027267,0.0458815840853157,-0.125626945431101,-0.597088963096685,0.155324376396672,0.214115444844143,0.322085471493883,0.214115444844143,0.0230209021056788,0,1105898.37741646,0.1954901233,5654727.87225015,1e-04,"1_119_13",1,119,13,1783,1,917.272141576248,164043.167205137,2669.34419628779,0.00568414458103249,0.00568414458103249,175.9279669516,175.9279669516,3,FALSE,0.00666154589379305,0.000271917387353167,0.00265856156013475,0.0106742308008493,1.16341343523532e-05
"412","Affiliate_Impressions",0,0,0,0,0,0,0,0,0,TRUE,0.0119589773890613,0.0119589773890613,7887.3982300885,891276,NA,NA,0,0,0.63632027267,0.0458815840853157,-0.125626945431101,-0.597088963096685,0.155324376396672,0.214115444844143,0.322085471493883,0.214115444844143,0.0230209021056788,0,1105898.37741646,0.1954901233,5654727.87225015,1e-04,"1_119_13",1,119,13,1783,1,0,8781.98498728513,894.586757196633,0,0,Inf,Inf,3,FALSE,0,0,0,0,NA
"413","Organic_Views",0,0,0,0,0,0,0,0,0,TRUE,NA,NA,NA,NA,8051.88495575221,8051.88495575221,NA,NA,0.63632027267,0.0458815840853157,-0.125626945431101,-0.597088963096685,0.155324376396672,0.214115444844143,0.322085471493883,0.214115444844143,0.0230209021056788,0,1105898.37741646,0.1954901233,5654727.87225015,1e-04,"1_119_13",1,119,13,1783,1,0,8964.74580079371,912.860845041502,NA,NA,NA,NA,3,FALSE,NA,NA,NA,NA,NA
"414","Email_Impressions",12169.1894140542,377890.049506016,0.0362617575778506,3344.15973014173,0.0362617575778506,377890.049506016,0.0362617575778506,3344.15973014173,0.0362617575778506,TRUE,NA,NA,NA,NA,389433.016085841,389433.016085841,NA,NA,0.63632027267,0.0458815840853157,-0.125626945431101,-0.597088963096685,0.155324376396672,0.214115444844143,0.322085471493883,0.214115444844143,0.0230209021056788,0,1105898.37741646,0.1954901233,5654727.87225015,1e-04,"1_119_13",1,119,13,1783,1,3344.15973014173,401567.30976292,12134.2936770793,NA,NA,NA,NA,3,FALSE,NA,NA,NA,NA,0.0323889518864466
"415","(Intercept)",73075.332112554,8257512.5287186,0.788548668656587,73075.332112554,0.788548668656587,8257512.5287186,0.788548668656587,73075.332112554,0.788548668656587,TRUE,NA,NA,NA,NA,NA,NA,NA,NA,0.63478853111,0.0873707343417616,-0.118513388856087,-0.510745212428789,0.151909759128886,0.213437806321605,0.313258016972032,0.213437806321605,0.0346393093713214,0,888278.444182837,0.1570016757,5654727.87225015,1e-04,"1_120_11",1,120,11,1796,1,NA,NA,NA,NA,NA,NA,NA,1,FALSE,NA,NA,NA,NA,NA
"416","trend",0.12688992134643,1519490.42859756,0.145103280236011,13446.8179521908,0.145103280236011,1519490.42859756,0.145103280236011,13446.8179521908,0.145103280236011,TRUE,NA,NA,NA,NA,NA,NA,NA,NA,0.63478853111,0.0873707343417616,-0.118513388856087,-0.510745212428789,0.151909759128886,0.213437806321605,0.313258016972032,0.213437806321605,0.0346393093713214,0,888278.444182837,0.1570016757,5654727.87225015,1e-04,"1_120_11",1,120,11,1796,1,NA,NA,NA,NA,NA,NA,NA,1,FALSE,NA,NA,NA,NA,NA
"417","season",0.0428290287566352,-12229.4802131852,-0.00116785052483181,-108.225488612259,-0.00116785052483181,-12229.4802131852,-0.00116785052483181,-108.225488612259,-0.00116785052483181,FALSE,NA,NA,NA,NA,NA,NA,NA,NA,0.63478853111,0.0873707343417616,-0.118513388856087,-0.510745212428789,0.151909759128886,0.213437806321605,0.313258016972032,0.213437806321605,0.0346393093713214,0,888278.444182837,0.1570016757,5654727.87225015,1e-04,"1_120_11",1,120,11,1796,1,NA,NA,NA,NA,NA,NA,NA,1,FALSE,NA,NA,NA,NA,NA
"418","holiday",0,0,0,0,0,0,0,0,0,TRUE,NA,NA,NA,NA,NA,NA,NA,NA,0.63478853111,0.0873707343417616,-0.118513388856087,-0.510745212428789,0.151909759128886,0.213437806321605,0.313258016972032,0.213437806321605,0.0346393093713214,0,888278.444182837,0.1570016757,5654727.87225015,1e-04,"1_120_11",1,120,11,1796,1,NA,NA,NA,NA,NA,NA,NA,1,FALSE,NA,NA,NA,NA,NA
"419","Google_Impressions",19966.1971986507,360755.567040145,0.0344502440790245,3192.52714194819,0.0344502440790245,360755.567040145,0.0344502440790245,3192.52714194819,0.0344502440790245,TRUE,0.743363900415277,0.743363900415277,490276.628318584,55401259,NA,NA,0.734170917719481,0.734170917719481,0.63478853111,0.0873707343417616,-0.118513388856087,-0.510745212428789,0.151909759128886,0.213437806321605,0.313258016972032,0.213437806321605,0.0346393093713214,0,888278.444182837,0.1570016757,5654727.87225015,1e-04,"1_120_11",1,120,11,1796,1,3192.52714194819,651003.244512917,160726.616194333,0.00651168535791118,0.00651168535791118,153.570073649993,153.570073649993,1,FALSE,0.00782942360134586,0.00074135540919751,0,0.019703727690251,0.255891943142291
"420","Facebook_Impressions",19326.9269573218,130622.609802847,0.012473766730387,1155.95229914024,0.012473766730387,130622.609802847,0.012473766730387,1155.95229914024,0.012473766730387,TRUE,0.244677122195661,0.244677122195661,161373.82300885,18235242,NA,NA,0.265829082280519,0.265829082280519,0.63478853111,0.0873707343417616,-0.118513388856087,-0.510745212428789,0.151909759128886,0.213437806321605,0.313258016972032,0.213437806321605,0.0346393093713214,0,888278.444182837,0.1570016757,5654727.87225015,1e-04,"1_120_11",1,120,11,1796,1,1155.95229914024,164859.529378928,3485.70637007804,0.00716319584916104,0.00716319584916104,139.602493224741,139.602493224741,1,FALSE,0.00891222269670811,0.000954082668229271,0,0.0241936972477182,2.88003042009213e-05
"421","Affiliate_Impressions",0,0,0,0,0,0,0,0,0,TRUE,0.0119589773890613,0.0119589773890613,7887.3982300885,891276,NA,NA,0,0,0.63478853111,0.0873707343417616,-0.118513388856087,-0.510745212428789,0.151909759128886,0.213437806321605,0.313258016972032,0.213437806321605,0.0346393093713214,0,888278.444182837,0.1570016757,5654727.87225015,1e-04,"1_120_11",1,120,11,1796,1,0,9717.98721467735,1830.58898458885,0,0,Inf,Inf,1,FALSE,0,0,0,0,NA
"422","Organic_Views",0,0,0,0,0,0,0,0,0,TRUE,NA,NA,NA,NA,8051.88495575221,8051.88495575221,NA,NA,0.63478853111,0.0873707343417616,-0.118513388856087,-0.510745212428789,0.151909759128886,0.213437806321605,0.313258016972032,0.213437806321605,0.0346393093713214,0,888278.444182837,0.1570016757,5654727.87225015,1e-04,"1_120_11",1,120,11,1796,1,0,8867.53137203334,815.64641628113,NA,NA,NA,NA,1,FALSE,NA,NA,NA,NA,NA
"423","Email_Impressions",10273.3164759632,215633.864107766,0.0205918908228215,1908.26428413952,0.0205918908228215,215633.864107766,0.0205918908228215,1908.26428413952,0.0205918908228215,TRUE,NA,NA,NA,NA,389433.016085841,389433.016085841,NA,NA,0.63478853111,0.0873707343417616,-0.118513388856087,-0.510745212428789,0.151909759128886,0.213437806321605,0.313258016972032,0.213437806321605,0.0346393093713214,0,888278.444182837,0.1570016757,5654727.87225015,1e-04,"1_120_11",1,120,11,1796,1,1908.26428413952,409550.087929185,20117.0718433445,NA,NA,NA,NA,1,FALSE,NA,NA,NA,NA,0.000688914391085692
"424","(Intercept)",73335.6753314551,8286931.31245443,0.792473006116127,73335.6753314551,0.792473006116127,8286931.31245443,0.792473006116127,73335.6753314551,0.792473006116127,TRUE,NA,NA,NA,NA,NA,NA,NA,NA,0.63874488134,0.0759237630923226,-0.120382121318507,-0.532656678025432,0.152859480954636,0.213616030250094,0.315521546537576,0.213616030250094,0.0304007029063427,0,941562.088350018,0.1664254666,5654727.87225015,1e-04,"1_120_14",1,120,14,1799,1,NA,NA,NA,NA,NA,NA,NA,1,FALSE,NA,NA,NA,NA,NA
"425","trend",0.121004623787001,1449014.75002426,0.138568190269967,12823.1393807457,0.138568190269967,1449014.75002426,0.138568190269967,12823.1393807457,0.138568190269967,TRUE,NA,NA,NA,NA,NA,NA,NA,NA,0.63874488134,0.0759237630923226,-0.120382121318507,-0.532656678025432,0.152859480954636,0.213616030250094,0.315521546537576,0.213616030250094,0.0304007029063427,0,941562.088350018,0.1664254666,5654727.87225015,1e-04,"1_120_14",1,120,14,1799,1,NA,NA,NA,NA,NA,NA,NA,1,FALSE,NA,NA,NA,NA,NA
"426","season",0.0406630484391916,-11611.0021808011,-0.00111035140214226,-102.752231688506,-0.00111035140214226,-11611.0021808011,-0.00111035140214226,-102.752231688506,-0.00111035140214226,FALSE,NA,NA,NA,NA,NA,NA,NA,NA,0.63874488134,0.0759237630923226,-0.120382121318507,-0.532656678025432,0.152859480954636,0.213616030250094,0.315521546537576,0.213616030250094,0.0304007029063427,0,941562.088350018,0.1664254666,5654727.87225015,1e-04,"1_120_14",1,120,14,1799,1,NA,NA,NA,NA,NA,NA,NA,1,FALSE,NA,NA,NA,NA,NA
"427","holiday",0,0,0,0,0,0,0,0,0,TRUE,NA,NA,NA,NA,NA,NA,NA,NA,0.63874488134,0.0759237630923226,-0.120382121318507,-0.532656678025432,0.152859480954636,0.213616030250094,0.315521546537576,0.213616030250094,0.0304007029063427,0,941562.088350018,0.1664254666,5654727.87225015,1e-04,"1_120_14",1,120,14,1799,1,NA,NA,NA,NA,NA,NA,NA,1,FALSE,NA,NA,NA,NA,NA
"428","Google_Impressions",18911.5468958709,343545.684418911,0.0328530153086356,3040.22729574258,0.0328530153086356,343545.684418911,0.0328530153086356,3040.22729574258,0.0328530153086356,TRUE,0.743363900415277,0.743363900415277,490276.628318584,55401259,NA,NA,0.736987452694734,0.736987452694734,0.63874488134,0.0759237630923226,-0.120382121318507,-0.532656678025432,0.152859480954636,0.213616030250094,0.315521546537576,0.213616030250094,0.0304007029063427,0,941562.088350018,0.1664254666,5654727.87225015,1e-04,"1_120_14",1,120,14,1799,1,3040.22729574258,639234.381239515,148957.752920931,0.00620104471667171,0.00620104471667172,161.263149306353,161.263149306353,1,FALSE,0.00782942360134586,0.00074135540919751,0,0.019703727690251,0.2503152149156
"429","Facebook_Impressions",19479.3632901981,122602.936107483,0.0117244265304503,1084.98173546445,0.0117244265304503,122602.936107483,0.0117244265304503,1084.98173546445,0.0117244265304503,TRUE,0.244677122195661,0.244677122195661,161373.82300885,18235242,NA,NA,0.263012547305266,0.263012547305266,0.63874488134,0.0759237630923226,-0.120382121318507,-0.532656678025432,0.152859480954636,0.213616030250094,0.315521546537576,0.213616030250094,0.0304007029063427,0,941562.088350018,0.1664254666,5654727.87225015,1e-04,"1_120_14",1,120,14,1799,1,1084.98173546445,166106.924676666,4733.10166781598,0.00672340603472567,0.00672340603472567,148.734137851426,148.734137851427,1,FALSE,0.00891222269670811,0.000954082668229271,0,0.0241936972477182,6.53022888398595e-05
"430","Affiliate_Impressions",0,0,0,0,0,0,0,0,0,TRUE,0.0119589773890613,0.0119589773890613,7887.3982300885,891276,NA,NA,0,0,0.63874488134,0.0759237630923226,-0.120382121318507,-0.532656678025432,0.152859480954636,0.213616030250094,0.315521546537576,0.213616030250094,0.0304007029063427,0,941562.088350018,0.1664254666,5654727.87225015,1e-04,"1_120_14",1,120,14,1799,1,0,11214.4875593828,3327.08932929432,0,0,Inf,Inf,1,FALSE,0,0,0,0,NA
"431","Organic_Views",0,0,0,0,0,0,0,0,0,TRUE,NA,NA,NA,NA,8051.88495575221,8051.88495575221,NA,NA,0.63874488134,0.0759237630923226,-0.120382121318507,-0.532656678025432,0.152859480954636,0.213616030250094,0.315521546537576,0.213616030250094,0.0304007029063427,0,941562.088350018,0.1664254666,5654727.87225015,1e-04,"1_120_14",1,120,14,1799,1,0,9218.40830921255,1166.52335346033,NA,NA,NA,NA,1,FALSE,NA,NA,NA,NA,NA
"432","Email_Impressions",12180.2867571692,266568.166365174,0.025491713176962,2359.0103218157,0.025491713176962,266568.166365174,0.025491713176962,2359.0103218157,0.025491713176962,TRUE,NA,NA,NA,NA,389433.016085841,389433.016085841,NA,NA,0.63874488134,0.0759237630923226,-0.120382121318507,-0.532656678025432,0.152859480954636,0.213616030250094,0.315521546537576,0.213616030250094,0.0304007029063427,0,941562.088350018,0.1664254666,5654727.87225015,1e-04,"1_120_14",1,120,14,1799,1,2359.0103218157,500248.907422853,110815.891337012,NA,NA,NA,NA,1,FALSE,NA,NA,NA,NA,0.0548888970746323
"433","(Intercept)",71812.7024318736,8114835.37480171,0.774710611801491,71812.7024318736,0.774710611801491,8114835.37480171,0.774710611801491,71812.7024318736,0.774710611801491,TRUE,NA,NA,NA,NA,NA,NA,NA,NA,0.63504845942,0.0905243315753873,-0.131645160364732,-0.506750983867195,0.151647069348096,0.214687070719934,0.312843634644415,0.214687070719934,0.0205603302517828,0,857445.480157516,0.1515485313,5654727.87225015,1e-04,"1_121_1",1,121,1,1801,3,NA,NA,NA,NA,NA,NA,NA,1,FALSE,NA,NA,NA,NA,NA
"434","trend",0.130450824311179,1562131.78194294,0.149134272305942,13824.1750614419,0.149134272305942,1562131.78194294,0.149134272305942,13824.1750614419,0.149134272305942,TRUE,NA,NA,NA,NA,NA,NA,NA,NA,0.63504845942,0.0905243315753873,-0.131645160364732,-0.506750983867195,0.151647069348096,0.214687070719934,0.312843634644415,0.214687070719934,0.0205603302517828,0,857445.480157516,0.1515485313,5654727.87225015,1e-04,"1_121_1",1,121,1,1801,3,NA,NA,NA,NA,NA,NA,NA,1,FALSE,NA,NA,NA,NA,NA
"435","season",0.0442788009674555,-12643.4508560078,-0.00120705043239146,-111.888945628388,-0.00120705043239146,-12643.4508560078,-0.00120705043239146,-111.888945628388,-0.00120705043239146,FALSE,NA,NA,NA,NA,NA,NA,NA,NA,0.63504845942,0.0905243315753873,-0.131645160364732,-0.506750983867195,0.151647069348096,0.214687070719934,0.312843634644415,0.214687070719934,0.0205603302517828,0,857445.480157516,0.1515485313,5654727.87225015,1e-04,"1_121_1",1,121,1,1801,3,NA,NA,NA,NA,NA,NA,NA,1,FALSE,NA,NA,NA,NA,NA
"436","holiday",0,0,0,0,0,0,0,0,0,TRUE,NA,NA,NA,NA,NA,NA,NA,NA,0.63504845942,0.0905243315753873,-0.131645160364732,-0.506750983867195,0.151647069348096,0.214687070719934,0.312843634644415,0.214687070719934,0.0205603302517828,0,857445.480157516,0.1515485313,5654727.87225015,1e-04,"1_121_1",1,121,1,1801,3,NA,NA,NA,NA,NA,NA,NA,1,FALSE,NA,NA,NA,NA,NA
"437","Google_Impressions",18608.5765274095,373328.38236225,0.0356410754062631,3303.79099435619,0.0356410754062631,373328.38236225,0.0356410754062631,3303.79099435619,0.0356410754062631,TRUE,0.743363900415277,0.743363900415277,490276.628318584,55401259,NA,NA,0.745933233065213,0.745933233065213,0.63504845942,0.0905243315753873,-0.131645160364732,-0.506750983867195,0.151647069348096,0.214687070719934,0.312843634644415,0.214687070719934,0.0205603302517828,0,857445.480157516,0.1515485313,5654727.87225015,1e-04,"1_121_1",1,121,1,1801,3,3303.79099435619,648468.728882479,158192.100563895,0.00673862632548205,0.00673862632548205,148.398197451387,148.398197451387,1,FALSE,0.00782942360134586,0.00074135540919751,0,0.019703727690251,0.260040912734323
"438","Facebook_Impressions",25149.2502120984,127156.6018342,0.0121394414367868,1125.27966224955,0.0121394414367868,127156.6018342,0.0121394414367868,1125.27966224955,0.0121394414367868,TRUE,0.244677122195661,0.244677122195661,161373.82300885,18235242,NA,NA,0.254066766934786,0.254066766934786,0.63504845942,0.0905243315753873,-0.131645160364732,-0.506750983867195,0.151647069348096,0.214687070719934,0.312843634644415,0.214687070719934,0.0205603302517828,0,857445.480157516,0.1515485313,5654727.87225015,1e-04,"1_121_1",1,121,1,1801,3,1125.27966224955,161956.452375825,582.62936697506,0.00697312390119087,0.00697312390119087,143.407748689109,143.407748689109,1,FALSE,0.00891222269670811,0.000954082668229271,0,0.0241936972477182,1.59379881280378e-07
"439","Affiliate_Impressions",0,0,0,0,0,0,0,0,0,TRUE,0.0119589773890613,0.0119589773890613,7887.3982300885,891276,NA,NA,0,0,0.63504845942,0.0905243315753873,-0.131645160364732,-0.506750983867195,0.151647069348096,0.214687070719934,0.312843634644415,0.214687070719934,0.0205603302517828,0,857445.480157516,0.1515485313,5654727.87225015,1e-04,"1_121_1",1,121,1,1801,3,0,10456.7201463794,2569.32191629094,0,0,Inf,Inf,1,FALSE,0,0,0,0,NA
"440","Organic_Views",0,0,0,0,0,0,0,0,0,TRUE,NA,NA,NA,NA,8051.88495575221,8051.88495575221,NA,NA,0.63504845942,0.0905243315753873,-0.131645160364732,-0.506750983867195,0.151647069348096,0.214687070719934,0.312843634644415,0.214687070719934,0.0205603302517828,0,857445.480157516,0.1515485313,5654727.87225015,1e-04,"1_121_1",1,121,1,1801,3,0,8168.63406779548,116.749112043266,NA,NA,NA,NA,1,FALSE,NA,NA,NA,NA,NA
"441","Email_Impressions",11626.5418780222,309857.915980489,0.0295816494819089,2742.10545115477,0.0295816494819089,309857.915980489,0.0295816494819089,2742.10545115477,0.0295816494819089,TRUE,NA,NA,NA,NA,389433.016085841,389433.016085841,NA,NA,0.63504845942,0.0905243315753873,-0.131645160364732,-0.506750983867195,0.151647069348096,0.214687070719934,0.312843634644415,0.214687070719934,0.0205603302517828,0,857445.480157516,0.1515485313,5654727.87225015,1e-04,"1_121_1",1,121,1,1801,3,2742.10545115477,519902.526279124,130469.510193283,NA,NA,NA,NA,1,FALSE,NA,NA,NA,NA,0.0824426380883204
"442","(Intercept)",63271.3174545641,7149658.87236574,0.681566266286715,63271.3174545641,0.681566266286715,7149658.87236574,0.681566266286715,63271.3174545641,0.681566266286715,TRUE,NA,NA,NA,NA,NA,NA,NA,NA,0.64099296542,0.0990430456953236,-0.12305849828123,-0.483088015663206,0.150935188114805,0.213871021823107,0.310377366447402,0.213871021823107,0.0301128764864941,0,803061.217658056,0.1419300841,5654727.87225015,1e-04,"1_121_5",1,121,5,1805,3,NA,NA,NA,NA,NA,NA,NA,3,FALSE,NA,NA,NA,NA,NA
"443","trend",0.136941236624549,1639853.63158371,0.156324789320389,14511.9790405638,0.156324789320389,1639853.63158371,0.156324789320389,14511.9790405638,0.156324789320389,TRUE,NA,NA,NA,NA,NA,NA,NA,NA,0.64099296542,0.0990430456953236,-0.12305849828123,-0.483088015663206,0.150935188114805,0.213871021823107,0.310377366447402,0.213871021823107,0.0301128764864941,0,803061.217658056,0.1419300841,5654727.87225015,1e-04,"1_121_5",1,121,5,1805,3,NA,NA,NA,NA,NA,NA,NA,3,FALSE,NA,NA,NA,NA,NA
"444","season",0.04705652777063,-13436.6081132056,-0.00128089171620087,-118.90803640005,-0.00128089171620087,-13436.6081132056,-0.00128089171620087,-118.90803640005,-0.00128089171620087,FALSE,NA,NA,NA,NA,NA,NA,NA,NA,0.64099296542,0.0990430456953236,-0.12305849828123,-0.483088015663206,0.150935188114805,0.213871021823107,0.310377366447402,0.213871021823107,0.0301128764864941,0,803061.217658056,0.1419300841,5654727.87225015,1e-04,"1_121_5",1,121,5,1805,3,NA,NA,NA,NA,NA,NA,NA,3,FALSE,NA,NA,NA,NA,NA
"445","holiday",0,0,0,0,0,0,0,0,0,TRUE,NA,NA,NA,NA,NA,NA,NA,NA,0.64099296542,0.0990430456953236,-0.12305849828123,-0.483088015663206,0.150935188114805,0.213871021823107,0.310377366447402,0.213871021823107,0.0301128764864941,0,803061.217658056,0.1419300841,5654727.87225015,1e-04,"1_121_5",1,121,5,1805,3,NA,NA,NA,NA,NA,NA,NA,3,FALSE,NA,NA,NA,NA,NA
"446","Google_Impressions",19690.9375790885,393624.98836233,0.037523680279657,3483.40697665778,0.0375236802796569,393624.98836233,0.037523680279657,3483.40697665778,0.0375236802796569,TRUE,0.743363900415277,0.743363900415277,490276.628318584,55401259,NA,NA,0.73718729931908,0.73718729931908,0.64099296542,0.0990430456953236,-0.12305849828123,-0.483088015663206,0.150935188114805,0.213871021823107,0.310377366447402,0.213871021823107,0.0301128764864941,0,803061.217658056,0.1419300841,5654727.87225015,1e-04,"1_121_5",1,121,5,1805,3,3483.40697665778,625571.699176519,135295.070857935,0.00710498272904465,0.00710498272904465,140.746295682335,140.746295682335,3,FALSE,0.00614836150170441,0.000208230508885948,0.00308252913534494,0.00922081584551984,0.229087065243614
"447","Facebook_Impressions",23325.4059359112,140330.206912888,0.0133774683352426,1241.86023816715,0.0133774683352426,140330.206912888,0.0133774683352426,1241.86023816715,0.0133774683352426,TRUE,0.244677122195661,0.244677122195661,161373.82300885,18235242,NA,NA,0.26281270068092,0.26281270068092,0.64099296542,0.0990430456953236,-0.12305849828123,-0.483088015663206,0.150935188114805,0.213871021823107,0.310377366447402,0.213871021823107,0.0301128764864941,0,803061.217658056,0.1419300841,5654727.87225015,1e-04,"1_121_5",1,121,5,1805,3,1241.86023816715,166671.458968976,5297.63596012597,0.00769554947024493,0.00769554947024492,129.94523703168,129.94523703168,3,FALSE,0.00666154589379305,0.000271917387353167,0.00265856156013475,0.0106742308008493,8.76577101730031e-05
"448","Affiliate_Impressions",0,0,0,0,0,0,0,0,0,TRUE,0.0119589773890613,0.0119589773890613,7887.3982300885,891276,NA,NA,0,0,0.64099296542,0.0990430456953236,-0.12305849828123,-0.483088015663206,0.150935188114805,0.213871021823107,0.310377366447402,0.213871021823107,0.0301128764864941,0,803061.217658056,0.1419300841,5654727.87225015,1e-04,"1_121_5",1,121,5,1805,3,0,10112.8979577431,2225.49972765457,0,0,Inf,Inf,3,FALSE,0,0,0,0,NA
"449","Organic_Views",0,0,0,0,0,0,0,0,0,TRUE,NA,NA,NA,NA,8051.88495575221,8051.88495575221,NA,NA,0.64099296542,0.0990430456953236,-0.12305849828123,-0.483088015663206,0.150935188114805,0.213871021823107,0.310377366447402,0.213871021823107,0.0301128764864941,0,803061.217658056,0.1419300841,5654727.87225015,1e-04,"1_121_5",1,121,5,1805,3,0,8359.8519786279,307.967022875692,NA,NA,NA,NA,3,FALSE,NA,NA,NA,NA,NA
"450","Email_Impressions",26380.0976265585,1180011.07502779,0.112488687494197,10442.5758852017,0.112488687494197,1180011.07502779,0.112488687494197,10442.5758852017,0.112488687494197,TRUE,NA,NA,NA,NA,389433.016085841,389433.016085841,NA,NA,0.64099296542,0.0990430456953236,-0.12305849828123,-0.483088015663206,0.150935188114805,0.213871021823107,0.310377366447402,0.213871021823107,0.0301128764864941,0,803061.217658056,0.1419300841,5654727.87225015,1e-04,"1_121_5",1,121,5,1805,3,10442.5758852017,476996.24365458,87563.227568739,NA,NA,NA,NA,3,FALSE,NA,NA,NA,NA,0.505981971325321
"451","(Intercept)",34093.6152170034,3852578.51952138,0.342397948856061,34093.6152170034,0.342397948856061,3852578.51952138,0.342397948856061,34093.6152170034,0.342397948856061,TRUE,NA,NA,NA,NA,NA,NA,NA,NA,0.63704778746,0.674108778260958,-0.61536587670701,0.483114866340886,0.0907767877504326,0.256499313669367,0.183232961851567,0.256499313669367,0.0195289611036081,0,91228.5532089299,0.01603474998,5654727.87225015,1e-04,"1_121_6",1,121,6,1806,3,NA,NA,NA,NA,NA,NA,NA,1,TRUE,NA,NA,NA,NA,NA
"452","trend",0.33617937113084,4025704.57373546,0.357784528404298,35625.7041923492,0.357784528404298,4025704.57373546,0.357784528404298,35625.7041923492,0.357784528404298,TRUE,NA,NA,NA,NA,NA,NA,NA,NA,0.63704778746,0.674108778260958,-0.61536587670701,0.483114866340886,0.0907767877504326,0.256499313669367,0.183232961851567,0.256499313669367,0.0195289611036081,0,91228.5532089299,0.01603474998,5654727.87225015,1e-04,"1_121_6",1,121,6,1806,3,NA,NA,NA,NA,NA,NA,NA,1,TRUE,NA,NA,NA,NA,NA
"453","season",0.229495344627206,-65530.5258516218,-0.00582402604524771,-579.916157978954,-0.00582402604524771,-65530.5258516218,-0.00582402604524771,-579.916157978954,-0.00582402604524771,FALSE,NA,NA,NA,NA,NA,NA,NA,NA,0.63704778746,0.674108778260958,-0.61536587670701,0.483114866340886,0.0907767877504326,0.256499313669367,0.183232961851567,0.256499313669367,0.0195289611036081,0,91228.5532089299,0.01603474998,5654727.87225015,1e-04,"1_121_6",1,121,6,1806,3,NA,NA,NA,NA,NA,NA,NA,1,TRUE,NA,NA,NA,NA,NA
"454","holiday",0,0,0,0,0,0,0,0,0,TRUE,NA,NA,NA,NA,NA,NA,NA,NA,0.63704778746,0.674108778260958,-0.61536587670701,0.483114866340886,0.0907767877504326,0.256499313669367,0.183232961851567,0.256499313669367,0.0195289611036081,0,91228.5532089299,0.01603474998,5654727.87225015,1e-04,"1_121_6",1,121,6,1806,3,NA,NA,NA,NA,NA,NA,NA,1,TRUE,NA,NA,NA,NA,NA
"455","Google_Impressions",81283.9029006119,1729366.90831411,0.153697498759834,15304.1319319833,0.153697498759834,1729366.90831411,0.153697498759834,15304.1319319833,0.153697498759834,TRUE,0.743363900415277,0.743363900415277,490276.628318584,55401259,NA,NA,0.749362372215977,0.749362372215977,0.63704778746,0.674108778260958,-0.61536587670701,0.483114866340886,0.0907767877504326,0.256499313669367,0.183232961851567,0.256499313669367,0.0195289611036081,0,91228.5532089299,0.01603474998,5654727.87225015,1e-04,"1_121_6",1,121,6,1806,3,15304.1319319833,656152.838618485,165876.210299901,0.0312152997879364,0.0312152997879364,32.0355725171175,32.0355725171175,1,TRUE,0.00782942360134586,0.00074135540919751,0,0.019703727690251,0.291503308678132
"456","Facebook_Impressions",129788.470521764,578417.646173343,0.0514068732482337,5118.74023162251,0.0514068732482337,578417.646173343,0.0514068732482337,5118.74023162251,0.0514068732482337,TRUE,0.244677122195661,0.244677122195661,161373.82300885,18235242,NA,NA,0.250637627784023,0.250637627784023,0.63704778746,0.674108778260958,-0.61536587670701,0.483114866340886,0.0907767877504326,0.256499313669367,0.183232961851567,0.256499313669367,0.0195289611036081,0,91228.5532089299,0.01603474998,5654727.87225015,1e-04,"1_121_6",1,121,6,1806,3,5118.74023162251,167419.056065198,6045.23305634863,0.0317197680279397,0.0317197680279397,31.5260817518959,31.5260817518959,1,TRUE,0.00891222269670811,0.000954082668229271,0,0.0241936972477182,0.000110898839539772
"457","Affiliate_Impressions",0,0,0,0,0,0,0,0,0,TRUE,0.0119589773890613,0.0119589773890613,7887.3982300885,891276,NA,NA,0,0,0.63704778746,0.674108778260958,-0.61536587670701,0.483114866340886,0.0907767877504326,0.256499313669367,0.183232961851567,0.256499313669367,0.0195289611036081,0,91228.5532089299,0.01603474998,5654727.87225015,1e-04,"1_121_6",1,121,6,1806,3,0,9718.87966695952,1831.48143687103,0,0,Inf,Inf,1,TRUE,0,0,0,0,NA
"458","Organic_Views",0,0,0,0,0,0,0,0,0,TRUE,NA,NA,NA,NA,8051.88495575221,8051.88495575221,NA,NA,0.63704778746,0.674108778260958,-0.61536587670701,0.483114866340886,0.0907767877504326,0.256499313669367,0.183232961851567,0.256499313669367,0.0195289611036081,0,91228.5532089299,0.01603474998,5654727.87225015,1e-04,"1_121_6",1,121,6,1806,3,0,9538.6403622413,1486.75540648909,NA,NA,NA,NA,1,TRUE,NA,NA,NA,NA,NA
"459","Email_Impressions",51928.1295087425,1131219.8830564,0.100537176776821,10010.7954252779,0.100537176776821,1131219.8830564,0.100537176776821,10010.7954252779,0.100537176776821,TRUE,NA,NA,NA,NA,389433.016085841,389433.016085841,NA,NA,0.63704778746,0.674108778260958,-0.61536587670701,0.483114866340886,0.0907767877504326,0.256499313669367,0.183232961851567,0.256499313669367,0.0195289611036081,0,91228.5532089299,0.01603474998,5654727.87225015,1e-04,"1_121_6",1,121,6,1806,3,10010.7954252779,427931.426013896,38498.409928055,NA,NA,NA,NA,1,TRUE,NA,NA,NA,NA,0.00450271183613277
"460","(Intercept)",77535.4467342466,8761505.48096987,0.844424680561706,77535.4467342466,0.844424680561706,8761505.48096987,0.844424680561706,77535.4467342466,0.844424680561706,TRUE,NA,NA,NA,NA,NA,NA,NA,NA,0.64023065678,0.0102160275898393,-0.127990898752533,-0.673323621351494,0.158200804587217,0.214340161145111,0.32968299884973,0.214340161145111,0.0230326845777995,0,1438185.95106442,0.2542587879,5654727.87225015,1e-04,"1_121_13",1,121,13,1813,3,NA,NA,NA,NA,NA,NA,NA,3,FALSE,NA,NA,NA,NA,NA
"461","trend",0.08422798752867,1008619.27812558,0.0972096648902961,8925.83431969542,0.0972096648902961,1008619.27812558,0.0972096648902961,8925.83431969542,0.0972096648902961,TRUE,NA,NA,NA,NA,NA,NA,NA,NA,0.64023065678,0.0102160275898393,-0.127990898752533,-0.673323621351494,0.158200804587217,0.214340161145111,0.32968299884973,0.214340161145111,0.0230326845777995,0,1438185.95106442,0.2542587879,5654727.87225015,1e-04,"1_121_13",1,121,13,1813,3,NA,NA,NA,NA,NA,NA,NA,3,FALSE,NA,NA,NA,NA,NA
"462","season",0.0276050722352711,-7882.40346525475,-0.000759697753161643,-69.7557828783606,-0.000759697753161643,-7882.40346525475,-0.000759697753161643,-69.7557828783606,-0.000759697753161643,FALSE,NA,NA,NA,NA,NA,NA,NA,NA,0.64023065678,0.0102160275898393,-0.127990898752533,-0.673323621351494,0.158200804587217,0.214340161145111,0.32968299884973,0.214340161145111,0.0230326845777995,0,1438185.95106442,0.2542587879,5654727.87225015,1e-04,"1_121_13",1,121,13,1813,3,NA,NA,NA,NA,NA,NA,NA,3,FALSE,NA,NA,NA,NA,NA
"463","holiday",0,0,0,0,0,0,0,0,0,TRUE,NA,NA,NA,NA,NA,NA,NA,NA,0.64023065678,0.0102160275898393,-0.127990898752533,-0.673323621351494,0.158200804587217,0.214340161145111,0.32968299884973,0.214340161145111,0.0230326845777995,0,1438185.95106442,0.2542587879,5654727.87225015,1e-04,"1_121_13",1,121,13,1813,3,NA,NA,NA,NA,NA,NA,NA,3,FALSE,NA,NA,NA,NA,NA
"464","Google_Impressions",12028.0122916861,235605.481746525,0.0227074084578868,2085.00426324359,0.0227074084578867,235605.481746525,0.0227074084578868,2085.00426324359,0.0227074084578867,TRUE,0.743363900415277,0.743363900415277,490276.628318584,55401259,NA,NA,0.742867159339685,0.742867159339685,0.64023065678,0.0102160275898393,-0.127990898752533,-0.673323621351494,0.158200804587217,0.214340161145111,0.32968299884973,0.214340161145111,0.0230326845777995,0,1438185.95106442,0.2542587879,5654727.87225015,1e-04,"1_121_13",1,121,13,1813,3,2085.00426324359,669918.444171809,179641.815853225,0.00425270988420182,0.00425270988420182,235.144185055945,235.144185055945,3,FALSE,0.00614836150170441,0.000208230508885948,0.00308252913534494,0.00922081584551984,0.293241039258736
"465","Facebook_Impressions",13994.798898019,81551.4672239323,0.00785984461340364,721.694400211791,0.00785984461340364,81551.4672239323,0.00785984461340364,721.694400211791,0.00785984461340364,TRUE,0.244677122195661,0.244677122195661,161373.82300885,18235242,NA,NA,0.257132840660315,0.257132840660315,0.64023065678,0.0102160275898393,-0.127990898752533,-0.673323621351494,0.158200804587217,0.214340161145111,0.32968299884973,0.214340161145111,0.0230326845777995,0,1438185.95106442,0.2542587879,5654727.87225015,1e-04,"1_121_13",1,121,13,1813,3,721.694400211791,164043.167205137,2669.34419628779,0.0044721900166684,0.0044721900166684,223.604094699214,223.604094699214,3,FALSE,0.00666154589379305,0.000271917387353167,0.00265856156013475,0.0106742308008493,1.16341343523532e-05
"466","Affiliate_Impressions",0,0,0,0,0,0,0,0,0,TRUE,0.0119589773890613,0.0119589773890613,7887.3982300885,891276,NA,NA,0,0,0.64023065678,0.0102160275898393,-0.127990898752533,-0.673323621351494,0.158200804587217,0.214340161145111,0.32968299884973,0.214340161145111,0.0230326845777995,0,1438185.95106442,0.2542587879,5654727.87225015,1e-04,"1_121_13",1,121,13,1813,3,0,8781.98498728513,894.586757196633,0,0,Inf,Inf,3,FALSE,0,0,0,0,NA
"467","Organic_Views",0,0,0,0,0,0,0,0,0,TRUE,NA,NA,NA,NA,8051.88495575221,8051.88495575221,NA,NA,0.64023065678,0.0102160275898393,-0.127990898752533,-0.673323621351494,0.158200804587217,0.214340161145111,0.32968299884973,0.214340161145111,0.0230326845777995,0,1438185.95106442,0.2542587879,5654727.87225015,1e-04,"1_121_13",1,121,13,1813,3,0,9811.59639500694,1759.71143925473,NA,NA,NA,NA,3,FALSE,NA,NA,NA,NA,NA
"468","Email_Impressions",9542.08567595201,296310.551655293,0.0285580992298696,2622.21727128578,0.0285580992298696,296310.551655293,0.0285580992298696,2622.21727128578,0.0285580992298696,TRUE,NA,NA,NA,NA,389433.016085841,389433.016085841,NA,NA,0.64023065678,0.0102160275898393,-0.127990898752533,-0.673323621351494,0.158200804587217,0.214340161145111,0.32968299884973,0.214340161145111,0.0230326845777995,0,1438185.95106442,0.2542587879,5654727.87225015,1e-04,"1_121_13",1,121,13,1813,3,2622.21727128578,401567.30976292,12134.2936770793,NA,NA,NA,NA,3,FALSE,NA,NA,NA,NA,0.0323889518864466
"469","(Intercept)",73484.183571006,8303712.74352368,0.795108404654749,73484.183571006,0.795108404654749,8303712.74352368,0.795108404654749,73484.183571006,0.795108404654749,TRUE,NA,NA,NA,NA,NA,NA,NA,NA,0.63729018131,0.0658631171954993,-0.132171555869613,-0.55912739340228,0.153689337789683,0.2147369967807,0.318234589451313,0.2147369967807,0.0201249041838388,0,995786.879722331,0.1760157096,5654727.87225015,1e-04,"1_122_3",1,122,3,1818,2,NA,NA,NA,NA,NA,NA,NA,3,FALSE,NA,NA,NA,NA,NA
"470","trend",0.115300572893587,1380709.47688037,0.132207573089551,12218.6679369944,0.132207573089551,1380709.47688037,0.132207573089551,12218.6679369944,0.132207573089551,TRUE,NA,NA,NA,NA,NA,NA,NA,NA,0.63729018131,0.0658631171954993,-0.132171555869613,-0.55912739340228,0.153689337789683,0.2147369967807,0.318234589451313,0.2147369967807,0.0201249041838388,0,995786.879722331,0.1760157096,5654727.87225015,1e-04,"1_122_3",1,122,3,1818,2,NA,NA,NA,NA,NA,NA,NA,3,FALSE,NA,NA,NA,NA,NA
"471","season",0.0386799175161286,-11044.7353032223,-0.00105757052754844,-97.7410203824981,-0.00105757052754844,-11044.7353032223,-0.00105757052754844,-97.7410203824981,-0.00105757052754844,FALSE,NA,NA,NA,NA,NA,NA,NA,NA,0.63729018131,0.0658631171954993,-0.132171555869613,-0.55912739340228,0.153689337789683,0.2147369967807,0.318234589451313,0.2147369967807,0.0201249041838388,0,995786.879722331,0.1760157096,5654727.87225015,1e-04,"1_122_3",1,122,3,1818,2,NA,NA,NA,NA,NA,NA,NA,3,FALSE,NA,NA,NA,NA,NA
"472","holiday",0,0,0,0,0,0,0,0,0,TRUE,NA,NA,NA,NA,NA,NA,NA,NA,0.63729018131,0.0658631171954993,-0.132171555869613,-0.55912739340228,0.153689337789683,0.2147369967807,0.318234589451313,0.2147369967807,0.0201249041838388,0,995786.879722331,0.1760157096,5654727.87225015,1e-04,"1_122_3",1,122,3,1818,2,NA,NA,NA,NA,NA,NA,NA,3,FALSE,NA,NA,NA,NA,NA
"473","Google_Impressions",18031.5003427246,323766.208017879,0.0310017026225998,2865.18768157415,0.0310017026225998,323766.208017879,0.0310017026225998,2865.18768157415,0.0310017026225998,TRUE,0.743363900415277,0.743363900415277,490276.628318584,55401259,NA,NA,0.74676526872455,0.74676526872455,0.63729018131,0.0658631171954993,-0.132171555869613,-0.55912739340228,0.153689337789683,0.2147369967807,0.318234589451313,0.2147369967807,0.0201249041838388,0,995786.879722331,0.1760157096,5654727.87225015,1e-04,"1_122_3",1,122,3,1818,2,2865.18768157415,679532.660307443,189256.031988859,0.00584402257027911,0.00584402257027911,171.115013327582,171.115013327582,3,FALSE,0.00614836150170441,0.000208230508885948,0.00308252913534494,0.00922081584551984,0.263811698335509
"474","Facebook_Impressions",23344.6948283485,109791.99504486,0.0105129525454822,971.610575618228,0.0105129525454822,109791.99504486,0.0105129525454822,971.610575618228,0.0105129525454822,TRUE,0.244677122195661,0.244677122195661,161373.82300885,18235242,NA,NA,0.253234731275451,0.253234731275451,0.63729018131,0.0658631171954993,-0.132171555869613,-0.55912739340228,0.153689337789683,0.2147369967807,0.318234589451313,0.2147369967807,0.0201249041838388,0,995786.879722331,0.1760157096,5654727.87225015,1e-04,"1_122_3",1,122,3,1818,2,971.610575618228,161917.440097718,543.617088868957,0.00602086854920049,0.00602086854920049,166.08899394304,166.08899394304,3,FALSE,0.00666154589379305,0.000271917387353167,0.00265856156013475,0.0106742308008493,1.16208941480646e-07
"475","Affiliate_Impressions",0,0,0,0,0,0,0,0,0,TRUE,0.0119589773890613,0.0119589773890613,7887.3982300885,891276,NA,NA,0,0,0.63729018131,0.0658631171954993,-0.132171555869613,-0.55912739340228,0.153689337789683,0.2147369967807,0.318234589451313,0.2147369967807,0.0201249041838388,0,995786.879722331,0.1760157096,5654727.87225015,1e-04,"1_122_3",1,122,3,1818,2,0,8720.58193936395,833.183709275453,0,0,Inf,Inf,3,FALSE,0,0,0,0,NA
"476","Organic_Views",0,0,0,0,0,0,0,0,0,TRUE,NA,NA,NA,NA,8051.88495575221,8051.88495575221,NA,NA,0.63729018131,0.0658631171954993,-0.132171555869613,-0.55912739340228,0.153689337789683,0.2147369967807,0.318234589451313,0.2147369967807,0.0201249041838388,0,995786.879722331,0.1760157096,5654727.87225015,1e-04,"1_122_3",1,122,3,1818,2,0,9524.76260017795,1472.87764442574,NA,NA,NA,NA,3,FALSE,NA,NA,NA,NA,NA
"477","Email_Impressions",8299.13299482465,336561.946764978,0.0322269376151662,2978.42430765467,0.0322269376151662,336561.946764978,0.0322269376151662,2978.42430765467,0.0322269376151662,TRUE,NA,NA,NA,NA,389433.016085841,389433.016085841,NA,NA,0.63729018131,0.0658631171954993,-0.132171555869613,-0.55912739340228,0.153689337789683,0.2147369967807,0.318234589451313,0.2147369967807,0.0201249041838388,0,995786.879722331,0.1760157096,5654727.87225015,1e-04,"1_122_3",1,122,3,1818,2,2978.42430765467,392837.036049788,3404.01996394681,NA,NA,NA,NA,3,FALSE,NA,NA,NA,NA,0.00174881832296248
"478","(Intercept)",76572.4438193343,8652686.15158478,0.831442258829153,76572.4438193343,0.831442258829153,8652686.15158478,0.831442258829153,76572.4438193343,0.831442258829153,TRUE,NA,NA,NA,NA,NA,NA,NA,NA,0.63926550623,0.0350452277295963,-0.132604469078578,-0.622150830874919,0.156203930830196,0.214778047802059,0.324602752182248,0.214778047802059,0.0195662672468306,0,1181856.04453277,0.2089240613,5654727.87225015,1e-04,"1_122_8",1,122,8,1823,1,NA,NA,NA,NA,NA,NA,NA,1,FALSE,NA,NA,NA,NA,NA
"479","trend",0.100107290173178,1198771.87752123,0.115190771999117,10608.6006860286,0.115190771999117,1198771.87752123,0.115190771999117,10608.6006860286,0.115190771999117,TRUE,NA,NA,NA,NA,NA,NA,NA,NA,0.63926550623,0.0350452277295963,-0.132604469078578,-0.622150830874919,0.156203930830196,0.214778047802059,0.324602752182248,0.214778047802059,0.0195662672468306,0,1181856.04453277,0.2089240613,5654727.87225015,1e-04,"1_122_8",1,122,8,1823,1,NA,NA,NA,NA,NA,NA,NA,1,FALSE,NA,NA,NA,NA,NA
"480","season",0.0331496888048075,-9465.62355208288,-0.000909557944145331,-83.7665801069281,-0.000909557944145331,-9465.62355208288,-0.000909557944145331,-83.7665801069281,-0.000909557944145331,FALSE,NA,NA,NA,NA,NA,NA,NA,NA,0.63926550623,0.0350452277295963,-0.132604469078578,-0.622150830874919,0.156203930830196,0.214778047802059,0.324602752182248,0.214778047802059,0.0195662672468306,0,1181856.04453277,0.2089240613,5654727.87225015,1e-04,"1_122_8",1,122,8,1823,1,NA,NA,NA,NA,NA,NA,NA,1,FALSE,NA,NA,NA,NA,NA
"481","holiday",0,0,0,0,0,0,0,0,0,TRUE,NA,NA,NA,NA,NA,NA,NA,NA,0.63926550623,0.0350452277295963,-0.132604469078578,-0.622150830874919,0.156203930830196,0.214778047802059,0.324602752182248,0.214778047802059,0.0195662672468306,0,1181856.04453277,0.2089240613,5654727.87225015,1e-04,"1_122_8",1,122,8,1823,1,NA,NA,NA,NA,NA,NA,NA,1,FALSE,NA,NA,NA,NA,NA
"482","Google_Impressions",13935.258601563,281701.463330035,0.0270688774426083,2492.93330380562,0.0270688774426083,281701.463330035,0.0270688774426083,2492.93330380562,0.0270688774426083,TRUE,0.743363900415277,0.743363900415277,490276.628318584,55401259,NA,NA,0.749984139674568,0.749984139674568,0.63926550623,0.0350452277295963,-0.132604469078578,-0.622150830874919,0.156203930830196,0.214778047802059,0.324602752182248,0.214778047802059,0.0195662672468306,0,1181856.04453277,0.2089240613,5654727.87225015,1e-04,"1_122_8",1,122,8,1823,1,2492.93330380562,630492.751883107,140216.123564523,0.00508474840490602,0.00508474840490602,196.666564472521,196.666564472521,1,FALSE,0.00782942360134586,0.00074135540919751,0,0.019703727690251,0.26453476553154
"483","Facebook_Impressions",19597.0256935384,93908.4308368876,0.00902372240137505,831.04806050343,0.00902372240137505,93908.4308368876,0.00902372240137505,831.04806050343,0.00902372240137505,TRUE,0.244677122195661,0.244677122195661,161373.82300885,18235242,NA,NA,0.250015860325432,0.250015860325432,0.63926550623,0.0350452277295963,-0.132604469078578,-0.622150830874919,0.156203930830196,0.214778047802059,0.324602752182248,0.214778047802059,0.0195662672468306,0,1181856.04453277,0.2089240613,5654727.87225015,1e-04,"1_122_8",1,122,8,1823,1,831.04806050343,162604.274778993,1230.45177014333,0.0051498318934779,0.00514983189347789,194.181095749255,194.181095749255,1,FALSE,0.00891222269670811,0.000954082668229271,0,0.0241936972477182,1.0580781192128e-06
"484","Affiliate_Impressions",0,0,0,0,0,0,0,0,0,TRUE,0.0119589773890613,0.0119589773890613,7887.3982300885,891276,NA,NA,0,0,0.63926550623,0.0350452277295963,-0.132604469078578,-0.622150830874919,0.156203930830196,0.214778047802059,0.324602752182248,0.214778047802059,0.0195662672468306,0,1181856.04453277,0.2089240613,5654727.87225015,1e-04,"1_122_8",1,122,8,1823,1,0,9682.87885667783,1795.48062658934,0,0,Inf,Inf,1,FALSE,0,0,0,0,NA
"485","Organic_Views",0,0,0,0,0,0,0,0,0,TRUE,NA,NA,NA,NA,8051.88495575221,8051.88495575221,NA,NA,0.63926550623,0.0350452277295963,-0.132604469078578,-0.622150830874919,0.156203930830196,0.214778047802059,0.324602752182248,0.214778047802059,0.0195662672468306,0,1181856.04453277,0.2089240613,5654727.87225015,1e-04,"1_122_8",1,122,8,1823,1,0,9477.86169520286,1425.97673945065,NA,NA,NA,NA,1,FALSE,NA,NA,NA,NA,NA
"486","Email_Impressions",5737.30452485617,189237.212826407,0.0181839272718916,1674.66560023369,0.0181839272718916,189237.212826407,0.0181839272718916,1674.66560023369,0.0181839272718916,TRUE,NA,NA,NA,NA,389433.016085841,389433.016085841,NA,NA,0.63926550623,0.0350452277295963,-0.132604469078578,-0.622150830874919,0.156203930830196,0.214778047802059,0.324602752182248,0.214778047802059,0.0195662672468306,0,1181856.04453277,0.2089240613,5654727.87225015,1e-04,"1_122_8",1,122,8,1823,1,1674.66560023369,443328.420825686,53895.4047398454,NA,NA,NA,NA,1,FALSE,NA,NA,NA,NA,0.00901454320018816
"487","(Intercept)",73156.1789489617,8266648.22123268,0.789334997050117,73156.1789489617,0.789334997050117,8266648.22123268,0.789334997050117,73156.1789489617,0.789334997050117,TRUE,NA,NA,NA,NA,NA,NA,NA,NA,0.63478853111,0.0914813390763413,-0.120033815150154,-0.505377667237725,0.151567262055805,0.213582823024108,0.312701032677789,0.213582823024108,0.0339557634374838,0,888278.444182837,0.1570016757,5654727.87225015,1e-04,"1_122_11",1,122,11,1826,2,NA,NA,NA,NA,NA,NA,NA,1,FALSE,NA,NA,NA,NA,NA
"488","trend",0.127021786260429,1521069.49392097,0.145238233485409,13460.7919816015,0.145238233485409,1521069.49392097,0.145238233485409,13460.7919816015,0.145238233485409,TRUE,NA,NA,NA,NA,NA,NA,NA,NA,0.63478853111,0.0914813390763413,-0.120033815150154,-0.505377667237725,0.151567262055805,0.213582823024108,0.312701032677789,0.213582823024108,0.0339557634374838,0,888278.444182837,0.1570016757,5654727.87225015,1e-04,"1_122_11",1,122,11,1826,2,NA,NA,NA,NA,NA,NA,NA,1,FALSE,NA,NA,NA,NA,NA
"489","season",0.0427222539773511,-12198.9915449051,-0.0011648119887792,-107.955677388541,-0.0011648119887792,-12198.9915449051,-0.0011648119887792,-107.955677388541,-0.0011648119887792,FALSE,NA,NA,NA,NA,NA,NA,NA,NA,0.63478853111,0.0914813390763413,-0.120033815150154,-0.505377667237725,0.151567262055805,0.213582823024108,0.312701032677789,0.213582823024108,0.0339557634374838,0,888278.444182837,0.1570016757,5654727.87225015,1e-04,"1_122_11",1,122,11,1826,2,NA,NA,NA,NA,NA,NA,NA,1,FALSE,NA,NA,NA,NA,NA
"490","holiday",0,0,0,0,0,0,0,0,0,TRUE,NA,NA,NA,NA,NA,NA,NA,NA,0.63478853111,0.0914813390763413,-0.120033815150154,-0.505377667237725,0.151567262055805,0.213582823024108,0.312701032677789,0.213582823024108,0.0339557634374838,0,888278.444182837,0.1570016757,5654727.87225015,1e-04,"1_122_11",1,122,11,1826,2,NA,NA,NA,NA,NA,NA,NA,1,FALSE,NA,NA,NA,NA,NA
"491","Google_Impressions",21021.1376934252,354592.888368569,0.0338580485105801,3137.99016255371,0.0338580485105801,354592.888368569,0.0338580485105801,3137.99016255371,0.0338580485105801,TRUE,0.743363900415277,0.743363900415277,490276.628318584,55401259,NA,NA,0.734611903408478,0.734611903408478,0.63478853111,0.0914813390763413,-0.120033815150154,-0.505377667237725,0.151567262055805,0.213582823024108,0.312701032677789,0.213582823024108,0.0339557634374838,0,888278.444182837,0.1570016757,5654727.87225015,1e-04,"1_122_11",1,122,11,1826,2,3137.99016255371,673246.323381191,182969.695062607,0.00640044819863333,0.00640044819863333,156.239058416804,156.239058416804,1,FALSE,0.00782942360134586,0.00074135540919751,0,0.019703727690251,0.247150510448798
"492","Facebook_Impressions",19182.8482547225,128101.28895597,0.0122316600191678,1133.63972527407,0.0122316600191678,128101.28895597,0.0122316600191678,1133.63972527407,0.0122316600191678,TRUE,0.244677122195661,0.244677122195661,161373.82300885,18235242,NA,NA,0.265388096591522,0.265388096591522,0.63478853111,0.0914813390763413,-0.120033815150154,-0.505377667237725,0.151567262055805,0.213582823024108,0.312701032677789,0.213582823024108,0.0339557634374838,0,888278.444182837,0.1570016757,5654727.87225015,1e-04,"1_122_11",1,122,11,1826,2,1133.63972527407,161929.469933352,555.646924502483,0.00702492947206128,0.00702492947206128,142.35018358221,142.35018358221,1,FALSE,0.00891222269670811,0.000954082668229271,0,0.0241936972477182,1.24008284359711e-07
"493","Affiliate_Impressions",0,0,0,0,0,0,0,0,0,TRUE,0.0119589773890613,0.0119589773890613,7887.3982300885,891276,NA,NA,0,0,0.63478853111,0.0914813390763413,-0.120033815150154,-0.505377667237725,0.151567262055805,0.213582823024108,0.312701032677789,0.213582823024108,0.0339557634374838,0,888278.444182837,0.1570016757,5654727.87225015,1e-04,"1_122_11",1,122,11,1826,2,0,9717.98721467735,1830.58898458885,0,0,Inf,Inf,1,FALSE,0,0,0,0,NA
"494","Organic_Views",0,0,0,0,0,0,0,0,0,TRUE,NA,NA,NA,NA,8051.88495575221,8051.88495575221,NA,NA,0.63478853111,0.0914813390763413,-0.120033815150154,-0.505377667237725,0.151567262055805,0.213582823024108,0.312701032677789,0.213582823024108,0.0339557634374838,0,888278.444182837,0.1570016757,5654727.87225015,1e-04,"1_122_11",1,122,11,1826,2,0,8867.53137203334,815.64641628113,NA,NA,NA,NA,1,FALSE,NA,NA,NA,NA,NA
"495","Email_Impressions",10229.5219194567,214714.629363222,0.0205018729235056,1900.12946339135,0.0205018729235056,214714.629363222,0.0205018729235056,1900.12946339135,0.0205018729235056,TRUE,NA,NA,NA,NA,389433.016085841,389433.016085841,NA,NA,0.63478853111,0.0914813390763413,-0.120033815150154,-0.505377667237725,0.151567262055805,0.213582823024108,0.312701032677789,0.213582823024108,0.0339557634374838,0,888278.444182837,0.1570016757,5654727.87225015,1e-04,"1_122_11",1,122,11,1826,2,1900.12946339135,409550.087929185,20117.0718433445,NA,NA,NA,NA,1,FALSE,NA,NA,NA,NA,0.000688914391085692
"496","(Intercept)",69405.9455609164,7842871.84838355,0.746971590769489,69405.9455609164,0.746971590769489,7842871.84838355,0.746971590769489,69405.9455609164,0.746971590769489,TRUE,NA,NA,NA,NA,NA,NA,NA,NA,0.63962137823,0.108749731886212,-0.123063637771786,-0.465403959109628,0.15011991719435,0.213871511195139,0.308521377198664,0.213871511195139,0.0267955018731766,0,779184.626174418,0.1377072497,5654727.87225015,1e-04,"1_122_13",1,122,13,1828,1,NA,NA,NA,NA,NA,NA,NA,3,FALSE,NA,NA,NA,NA,NA
"497","trend",0.140224666415459,1679172.27948987,0.159927895423294,14859.9316769015,0.159927895423294,1679172.27948987,0.159927895423294,14859.9316769015,0.159927895423294,TRUE,NA,NA,NA,NA,NA,NA,NA,NA,0.63962137823,0.108749731886212,-0.123063637771786,-0.465403959109628,0.15011991719435,0.213871511195139,0.308521377198664,0.213871511195139,0.0267955018731766,0,779184.626174418,0.1377072497,5654727.87225015,1e-04,"1_122_13",1,122,13,1828,1,NA,NA,NA,NA,NA,NA,NA,3,FALSE,NA,NA,NA,NA,NA
"498","season",0.0482130505384266,-13766.8437668141,-0.00131118312107722,-121.830475812515,-0.00131118312107722,-13766.8437668141,-0.00131118312107722,-121.830475812515,-0.00131118312107722,FALSE,NA,NA,NA,NA,NA,NA,NA,NA,0.63962137823,0.108749731886212,-0.123063637771786,-0.465403959109628,0.15011991719435,0.213871511195139,0.308521377198664,0.213871511195139,0.0267955018731766,0,779184.626174418,0.1377072497,5654727.87225015,1e-04,"1_122_13",1,122,13,1828,1,NA,NA,NA,NA,NA,NA,NA,3,FALSE,NA,NA,NA,NA,NA
"499","holiday",0,0,0,0,0,0,0,0,0,TRUE,NA,NA,NA,NA,NA,NA,NA,NA,0.63962137823,0.108749731886212,-0.123063637771786,-0.465403959109628,0.15011991719435,0.213871511195139,0.308521377198664,0.213871511195139,0.0267955018731766,0,779184.626174418,0.1377072497,5654727.87225015,1e-04,"1_122_13",1,122,13,1828,1,NA,NA,NA,NA,NA,NA,NA,3,FALSE,NA,NA,NA,NA,NA
"500","Google_Impressions",22573.7766172736,407271.755972836,0.0387894176158461,3604.17483161802,0.0387894176158461,407271.755972836,0.0387894176158461,3604.17483161802,0.0387894176158461,TRUE,0.743363900415277,0.743363900415277,490276.628318584,55401259,NA,NA,0.73961331504613,0.73961331504613,0.63962137823,0.108749731886212,-0.123063637771786,-0.465403959109628,0.15011991719435,0.213871511195139,0.308521377198664,0.213871511195139,0.0267955018731766,0,779184.626174418,0.1377072497,5654727.87225015,1e-04,"1_122_13",1,122,13,1828,1,3604.17483161802,695749.007580507,205472.379261923,0.00735130867644788,0.00735130867644788,136.030201425741,136.030201425741,3,FALSE,0.00614836150170441,0.000208230508885948,0.00308252913534494,0.00922081584551984,0.304186753998804
"501","Facebook_Impressions",22946.9833707049,143383.225066052,0.0136561195679008,1268.87809792966,0.0136561195679007,143383.225066052,0.0136561195679008,1268.87809792966,0.0136561195679007,TRUE,0.244677122195661,0.244677122195661,161373.82300885,18235242,NA,NA,0.26038668495387,0.26038668495387,0.63962137823,0.108749731886212,-0.123063637771786,-0.465403959109628,0.15011991719435,0.213871511195139,0.308521377198664,0.213871511195139,0.0267955018731766,0,779184.626174418,0.1377072497,5654727.87225015,1e-04,"1_122_13",1,122,13,1828,1,1268.87809792966,163684.606893294,2310.7838844448,0.00786297352489493,0.00786297352489493,127.178350128473,127.178350128473,3,FALSE,0.00666154589379305,0.000271917387353167,0.00265856156013475,0.0106742308008493,8.43930944294072e-06
"502","Affiliate_Impressions",0,0,0,0,0,0,0,0,0,TRUE,0.0119589773890613,0.0119589773890613,7887.3982300885,891276,NA,NA,0,0,0.63962137823,0.108749731886212,-0.123063637771786,-0.465403959109628,0.15011991719435,0.213871511195139,0.308521377198664,0.213871511195139,0.0267955018731766,0,779184.626174418,0.1377072497,5654727.87225015,1e-04,"1_122_13",1,122,13,1828,1,0,9755.1395356086,1867.74130552011,0,0,Inf,Inf,3,FALSE,0,0,0,0,NA
"503","Organic_Views",0,0,0,0,0,0,0,0,0,TRUE,NA,NA,NA,NA,8051.88495575221,8051.88495575221,NA,NA,0.63962137823,0.108749731886212,-0.123063637771786,-0.465403959109628,0.15011991719435,0.213871511195139,0.308521377198664,0.213871511195139,0.0267955018731766,0,779184.626174418,0.1377072497,5654727.87225015,1e-04,"1_122_13",1,122,13,1828,1,0,9068.01411953663,1016.12916378441,NA,NA,NA,NA,3,FALSE,NA,NA,NA,NA,NA
"504","Email_Impressions",12970.7729551531,440626.145508729,0.0419661597445481,3899.34642043123,0.0419661597445481,440626.145508729,0.0419661597445481,3899.34642043123,0.0419661597445481,TRUE,NA,NA,NA,NA,389433.016085841,389433.016085841,NA,NA,0.63962137823,0.108749731886212,-0.123063637771786,-0.465403959109628,0.15011991719435,0.213871511195139,0.308521377198664,0.213871511195139,0.0267955018731766,0,779184.626174418,0.1377072497,5654727.87225015,1e-04,"1_122_13",1,122,13,1828,1,3899.34642043123,428394.722085193,38961.7059993527,NA,NA,NA,NA,3,FALSE,NA,NA,NA,NA,0.0523991962963721
"505","(Intercept)",74703.901943781,8441540.91964725,0.808926257896276,74703.901943781,0.808926257896276,8441540.91964725,0.808926257896276,74703.901943781,0.808926257896276,TRUE,NA,NA,NA,NA,NA,NA,NA,NA,0.63668423219,0.0563757033313184,-0.127841846788531,-0.572816537294433,0.154467826888067,0.21432599929439,0.319628586709677,0.21432599929439,0.0227320855296737,0,1033239.73765036,0.1826396541,5654727.87225015,1e-04,"1_123_1",1,123,1,1831,2,NA,NA,NA,NA,NA,NA,NA,1,FALSE,NA,NA,NA,NA,NA
"506","trend",0.112265204889289,1344361.33684795,0.128825909372277,11897.0029809553,0.128825909372277,1344361.33684795,0.128825909372277,11897.0029809553,0.128825909372277,TRUE,NA,NA,NA,NA,NA,NA,NA,NA,0.63668423219,0.0563757033313184,-0.127841846788531,-0.572816537294433,0.154467826888067,0.21432599929439,0.319628586709677,0.21432599929439,0.0227320855296737,0,1033239.73765036,0.1826396541,5654727.87225015,1e-04,"1_123_1",1,123,1,1831,2,NA,NA,NA,NA,NA,NA,NA,1,FALSE,NA,NA,NA,NA,NA
"507","season",0.0374703069185156,-10699.3408523412,-0.00102528410867465,-94.6844323216037,-0.00102528410867465,-10699.3408523412,-0.00102528410867465,-94.6844323216037,-0.00102528410867465,FALSE,NA,NA,NA,NA,NA,NA,NA,NA,0.63668423219,0.0563757033313184,-0.127841846788531,-0.572816537294433,0.154467826888067,0.21432599929439,0.319628586709677,0.21432599929439,0.0227320855296737,0,1033239.73765036,0.1826396541,5654727.87225015,1e-04,"1_123_1",1,123,1,1831,2,NA,NA,NA,NA,NA,NA,NA,1,FALSE,NA,NA,NA,NA,NA
"508","holiday",0,0,0,0,0,0,0,0,0,TRUE,NA,NA,NA,NA,NA,NA,NA,NA,0.63668423219,0.0563757033313184,-0.127841846788531,-0.572816537294433,0.154467826888067,0.21432599929439,0.319628586709677,0.21432599929439,0.0227320855296737,0,1033239.73765036,0.1826396541,5654727.87225015,1e-04,"1_123_1",1,123,1,1831,2,NA,NA,NA,NA,NA,NA,NA,1,FALSE,NA,NA,NA,NA,NA
"509","Google_Impressions",15116.3167036222,318143.020033009,0.030486642796713,2815.42495604433,0.030486642796713,318143.020033009,0.030486642796713,2815.42495604433,0.030486642796713,TRUE,0.743363900415277,0.743363900415277,490276.628318584,55401259,NA,NA,0.74317310232518,0.74317310232518,0.63668423219,0.0563757033313184,-0.127841846788531,-0.572816537294433,0.154467826888067,0.21432599929439,0.319628586709677,0.21432599929439,0.0227320855296737,0,1033239.73765036,0.1826396541,5654727.87225015,1e-04,"1_123_1",1,123,1,1831,2,2815.42495604433,634467.052503297,144190.424184713,0.00574252328873986,0.00574252328873986,174.139476623601,174.139476623601,1,FALSE,0.00782942360134586,0.00074135540919751,0,0.019703727690251,0.282262514691111
"510","Facebook_Impressions",20881.3525689638,109944.351586912,0.0105356206589057,972.958863600992,0.0105356206589057,109944.351586912,0.0105356206589057,972.958863600992,0.0105356206589057,TRUE,0.244677122195661,0.244677122195661,161373.82300885,18235242,NA,NA,0.25682689767482,0.25682689767482,0.63668423219,0.0563757033313184,-0.127841846788531,-0.572816537294433,0.154467826888067,0.21432599929439,0.319628586709677,0.21432599929439,0.0227320855296737,0,1033239.73765036,0.1826396541,5654727.87225015,1e-04,"1_123_1",1,123,1,1831,2,972.958863600992,166480.589141145,5106.76613229554,0.00602922360925685,0.00602922360925685,165.858834372086,165.858834372086,1,FALSE,0.00891222269670811,0.000954082668229271,0,0.0241936972477182,7.41825229971601e-05
"511","Affiliate_Impressions",0,0,0,0,0,0,0,0,0,TRUE,0.0119589773890613,0.0119589773890613,7887.3982300885,891276,NA,NA,0,0,0.63668423219,0.0563757033313184,-0.127841846788531,-0.572816537294433,0.154467826888067,0.21432599929439,0.319628586709677,0.21432599929439,0.0227320855296737,0,1033239.73765036,0.1826396541,5654727.87225015,1e-04,"1_123_1",1,123,1,1831,2,0,10545.3389419148,2657.94071182626,0,0,Inf,Inf,1,FALSE,0,0,0,0,NA
"512","Organic_Views",0,0,0,0,0,0,0,0,0,TRUE,NA,NA,NA,NA,8051.88495575221,8051.88495575221,NA,NA,0.63668423219,0.0563757033313184,-0.127841846788531,-0.572816537294433,0.154467826888067,0.21432599929439,0.319628586709677,0.21432599929439,0.0227320855296737,0,1033239.73765036,0.1826396541,5654727.87225015,1e-04,"1_123_1",1,123,1,1831,2,0,9001.36078645813,949.475830705918,NA,NA,NA,NA,1,FALSE,NA,NA,NA,NA,NA
"513","Email_Impressions",13202.8648338285,232198.531706499,0.0222508533845023,2054.85426288937,0.0222508533845023,232198.531706499,0.0222508533845023,2054.85426288937,0.0222508533845023,TRUE,NA,NA,NA,NA,389433.016085841,389433.016085841,NA,NA,0.63668423219,0.0563757033313184,-0.127841846788531,-0.572816537294433,0.154467826888067,0.21432599929439,0.319628586709677,0.21432599929439,0.0227320855296737,0,1033239.73765036,0.1826396541,5654727.87225015,1e-04,"1_123_1",1,123,1,1831,2,2054.85426288937,468581.622170769,79148.6060849287,NA,NA,NA,NA,1,FALSE,NA,NA,NA,NA,0.0289515381128273
"514","(Intercept)",63271.3174545641,7149658.87236574,0.681566266286715,63271.3174545641,0.681566266286715,7149658.87236574,0.681566266286715,63271.3174545641,0.681566266286715,TRUE,NA,NA,NA,NA,NA,NA,NA,NA,0.64099296542,0.0990430456953236,-0.12305849828123,-0.483088015663206,0.150935188114805,0.213871021823107,0.310377366447402,0.213871021823107,0.0301128764864941,0,803061.217658056,0.1419300841,5654727.87225015,1e-04,"1_123_5",1,123,5,1835,3,NA,NA,NA,NA,NA,NA,NA,3,FALSE,NA,NA,NA,NA,NA
"515","trend",0.136941236624549,1639853.63158371,0.156324789320389,14511.9790405638,0.156324789320389,1639853.63158371,0.156324789320389,14511.9790405638,0.156324789320389,TRUE,NA,NA,NA,NA,NA,NA,NA,NA,0.64099296542,0.0990430456953236,-0.12305849828123,-0.483088015663206,0.150935188114805,0.213871021823107,0.310377366447402,0.213871021823107,0.0301128764864941,0,803061.217658056,0.1419300841,5654727.87225015,1e-04,"1_123_5",1,123,5,1835,3,NA,NA,NA,NA,NA,NA,NA,3,FALSE,NA,NA,NA,NA,NA
"516","season",0.04705652777063,-13436.6081132056,-0.00128089171620087,-118.90803640005,-0.00128089171620087,-13436.6081132056,-0.00128089171620087,-118.90803640005,-0.00128089171620087,FALSE,NA,NA,NA,NA,NA,NA,NA,NA,0.64099296542,0.0990430456953236,-0.12305849828123,-0.483088015663206,0.150935188114805,0.213871021823107,0.310377366447402,0.213871021823107,0.0301128764864941,0,803061.217658056,0.1419300841,5654727.87225015,1e-04,"1_123_5",1,123,5,1835,3,NA,NA,NA,NA,NA,NA,NA,3,FALSE,NA,NA,NA,NA,NA
"517","holiday",0,0,0,0,0,0,0,0,0,TRUE,NA,NA,NA,NA,NA,NA,NA,NA,0.64099296542,0.0990430456953236,-0.12305849828123,-0.483088015663206,0.150935188114805,0.213871021823107,0.310377366447402,0.213871021823107,0.0301128764864941,0,803061.217658056,0.1419300841,5654727.87225015,1e-04,"1_123_5",1,123,5,1835,3,NA,NA,NA,NA,NA,NA,NA,3,FALSE,NA,NA,NA,NA,NA
"518","Google_Impressions",19690.9375790885,393624.98836233,0.037523680279657,3483.40697665778,0.0375236802796569,393624.98836233,0.037523680279657,3483.40697665778,0.0375236802796569,TRUE,0.743363900415277,0.743363900415277,490276.628318584,55401259,NA,NA,0.73718729931908,0.73718729931908,0.64099296542,0.0990430456953236,-0.12305849828123,-0.483088015663206,0.150935188114805,0.213871021823107,0.310377366447402,0.213871021823107,0.0301128764864941,0,803061.217658056,0.1419300841,5654727.87225015,1e-04,"1_123_5",1,123,5,1835,3,3483.40697665778,625571.699176519,135295.070857935,0.00710498272904465,0.00710498272904465,140.746295682335,140.746295682335,3,FALSE,0.00614836150170441,0.000208230508885948,0.00308252913534494,0.00922081584551984,0.229087065243614
"519","Facebook_Impressions",23325.4059359112,140330.206912888,0.0133774683352426,1241.86023816715,0.0133774683352426,140330.206912888,0.0133774683352426,1241.86023816715,0.0133774683352426,TRUE,0.244677122195661,0.244677122195661,161373.82300885,18235242,NA,NA,0.26281270068092,0.26281270068092,0.64099296542,0.0990430456953236,-0.12305849828123,-0.483088015663206,0.150935188114805,0.213871021823107,0.310377366447402,0.213871021823107,0.0301128764864941,0,803061.217658056,0.1419300841,5654727.87225015,1e-04,"1_123_5",1,123,5,1835,3,1241.86023816715,166671.458968976,5297.63596012597,0.00769554947024493,0.00769554947024492,129.94523703168,129.94523703168,3,FALSE,0.00666154589379305,0.000271917387353167,0.00265856156013475,0.0106742308008493,8.76577101730031e-05
"520","Affiliate_Impressions",0,0,0,0,0,0,0,0,0,TRUE,0.0119589773890613,0.0119589773890613,7887.3982300885,891276,NA,NA,0,0,0.64099296542,0.0990430456953236,-0.12305849828123,-0.483088015663206,0.150935188114805,0.213871021823107,0.310377366447402,0.213871021823107,0.0301128764864941,0,803061.217658056,0.1419300841,5654727.87225015,1e-04,"1_123_5",1,123,5,1835,3,0,9271.34098408489,1383.9427539964,0,0,Inf,Inf,3,FALSE,0,0,0,0,NA
"521","Organic_Views",0,0,0,0,0,0,0,0,0,TRUE,NA,NA,NA,NA,8051.88495575221,8051.88495575221,NA,NA,0.64099296542,0.0990430456953236,-0.12305849828123,-0.483088015663206,0.150935188114805,0.213871021823107,0.310377366447402,0.213871021823107,0.0301128764864941,0,803061.217658056,0.1419300841,5654727.87225015,1e-04,"1_123_5",1,123,5,1835,3,0,8359.8519786279,307.967022875692,NA,NA,NA,NA,3,FALSE,NA,NA,NA,NA,NA
"522","Email_Impressions",26380.0976265585,1180011.07502779,0.112488687494197,10442.5758852017,0.112488687494197,1180011.07502779,0.112488687494197,10442.5758852017,0.112488687494197,TRUE,NA,NA,NA,NA,389433.016085841,389433.016085841,NA,NA,0.64099296542,0.0990430456953236,-0.12305849828123,-0.483088015663206,0.150935188114805,0.213871021823107,0.310377366447402,0.213871021823107,0.0301128764864941,0,803061.217658056,0.1419300841,5654727.87225015,1e-04,"1_123_5",1,123,5,1835,3,10442.5758852017,476996.24365458,87563.227568739,NA,NA,NA,NA,3,FALSE,NA,NA,NA,NA,0.505981971325321
"523","(Intercept)",72007.823029792,8136884.0023665,0.775722941322899,72007.823029792,0.775722941322899,8136884.0023665,0.775722941322899,72007.823029792,0.775722941322899,TRUE,NA,NA,NA,NA,NA,NA,NA,NA,0.63738676847,0.0985575662074667,-0.116950974301483,-0.483091771199167,0.150975848253434,0.213288682101878,0.310377759422267,0.213288682101878,0.0426575991231256,0,822454.852768738,0.145360059,5654727.87225015,1e-04,"1_123_10",1,123,10,1840,3,NA,NA,NA,NA,NA,NA,NA,1,FALSE,NA,NA,NA,NA,NA
"524","trend",0.135097329093964,1617773.0769249,0.154229025418108,14316.5759019902,0.154229025418108,1617773.0769249,0.154229025418108,14316.5759019902,0.154229025418108,TRUE,NA,NA,NA,NA,NA,NA,NA,NA,0.63738676847,0.0985575662074667,-0.116950974301483,-0.483091771199167,0.150975848253434,0.213288682101878,0.310377759422267,0.213288682101878,0.0426575991231256,0,822454.852768738,0.145360059,5654727.87225015,1e-04,"1_123_10",1,123,10,1840,3,NA,NA,NA,NA,NA,NA,NA,1,FALSE,NA,NA,NA,NA,NA
"525","season",0.0459605400503637,-13123.6577492118,-0.00125113279077996,-116.138564152317,-0.00125113279077996,-13123.6577492118,-0.00125113279077996,-116.138564152317,-0.00125113279077996,FALSE,NA,NA,NA,NA,NA,NA,NA,NA,0.63738676847,0.0985575662074667,-0.116950974301483,-0.483091771199167,0.150975848253434,0.213288682101878,0.310377759422267,0.213288682101878,0.0426575991231256,0,822454.852768738,0.145360059,5654727.87225015,1e-04,"1_123_10",1,123,10,1840,3,NA,NA,NA,NA,NA,NA,NA,1,FALSE,NA,NA,NA,NA,NA
"526","holiday",0,0,0,0,0,0,0,0,0,TRUE,NA,NA,NA,NA,NA,NA,NA,NA,0.63738676847,0.0985575662074667,-0.116950974301483,-0.483091771199167,0.150975848253434,0.213288682101878,0.310377759422267,0.213288682101878,0.0426575991231256,0,822454.852768738,0.145360059,5654727.87225015,1e-04,"1_123_10",1,123,10,1840,3,NA,NA,NA,NA,NA,NA,NA,1,FALSE,NA,NA,NA,NA,NA
"527","Google_Impressions",20354.0362128248,386305.747322563,0.0368281310727602,3418.63493205808,0.0368281310727602,386305.747322563,0.0368281310727602,3418.63493205808,0.0368281310727602,TRUE,0.743363900415277,0.743363900415277,490276.628318584,55401259,NA,NA,0.729230717806984,0.729230717806984,0.63738676847,0.0985575662074667,-0.116950974301483,-0.483091771199167,0.150975848253434,0.213288682101878,0.310377759422267,0.213288682101878,0.0426575991231256,0,822454.852768738,0.145360059,5654727.87225015,1e-04,"1_123_10",1,123,10,1840,3,3418.63493205808,615199.013409188,124922.385090604,0.00697286946714628,0.00697286946714628,143.412981515236,143.412981515236,1,FALSE,0.00782942360134586,0.00074135540919751,0,0.019703727690251,0.228531073637992
"528","Facebook_Impressions",21955.2930860805,143438.458303196,0.0136745838752791,1269.3668876389,0.0136745838752791,143438.458303196,0.0136745838752791,1269.3668876389,0.0136745838752791,TRUE,0.244677122195661,0.244677122195661,161373.82300885,18235242,NA,NA,0.270769282193016,0.270769282193016,0.63738676847,0.0985575662074667,-0.116950974301483,-0.483091771199167,0.150975848253434,0.213288682101878,0.310377759422267,0.213288682101878,0.0426575991231256,0,822454.852768738,0.145360059,5654727.87225015,1e-04,"1_123_10",1,123,10,1840,3,1269.3668876389,169709.19859188,8335.37558303066,0.00786600245300809,0.00786600245300809,127.129378102035,127.129378102035,1,FALSE,0.00891222269670811,0.000954082668229271,0,0.0241936972477182,0.000377841383742891
"529","Affiliate_Impressions",0,0,0,0,0,0,0,0,0,TRUE,0.0119589773890613,0.0119589773890613,7887.3982300885,891276,NA,NA,0,0,0.63738676847,0.0985575662074667,-0.116950974301483,-0.483091771199167,0.150975848253434,0.213288682101878,0.310377759422267,0.213288682101878,0.0426575991231256,0,822454.852768738,0.145360059,5654727.87225015,1e-04,"1_123_10",1,123,10,1840,3,0,10220.5045639167,2333.10633382823,0,0,Inf,Inf,1,FALSE,0,0,0,0,NA
"530","Organic_Views",0,0,0,0,0,0,0,0,0,TRUE,NA,NA,NA,NA,8051.88495575221,8051.88495575221,NA,NA,0.63738676847,0.0985575662074667,-0.116950974301483,-0.483091771199167,0.150975848253434,0.213288682101878,0.310377759422267,0.213288682101878,0.0426575991231256,0,822454.852768738,0.145360059,5654727.87225015,1e-04,"1_123_10",1,123,10,1840,3,0,8973.83288737615,921.947931623941,NA,NA,NA,NA,1,FALSE,NA,NA,NA,NA,NA
"531","Email_Impressions",8308.11060617743,218142.717278823,0.0207964511017342,1930.46652459136,0.0207964511017342,218142.717278823,0.0207964511017342,1930.46652459136,0.0207964511017342,TRUE,NA,NA,NA,NA,389433.016085841,389433.016085841,NA,NA,0.63738676847,0.0985575662074667,-0.116950974301483,-0.483091771199167,0.150975848253434,0.213288682101878,0.310377759422267,0.213288682101878,0.0426575991231256,0,822454.852768738,0.145360059,5654727.87225015,1e-04,"1_123_10",1,123,10,1840,3,1930.46652459136,431319.958105407,41886.9420195663,NA,NA,NA,NA,1,FALSE,NA,NA,NA,NA,0.00164802200084335
"532","(Intercept)",72033.3682163707,8139770.60844989,0.77671599534206,72033.3682163707,0.77671599534206,8139770.60844989,0.77671599534206,72033.3682163707,0.77671599534206,TRUE,NA,NA,NA,NA,NA,NA,NA,NA,0.63514245029,0.0928940384428055,-0.116394816919968,-0.497327744561293,0.151449376598386,0.213235574647941,0.311863836342106,0.213235574647941,0.0420309038057792,0,854666.128569679,0.1510569728,5654727.87225015,1e-04,"1_124_7",1,124,7,1852,2,NA,NA,NA,NA,NA,NA,NA,1,FALSE,NA,NA,NA,NA,NA
"533","trend",0.130703427731638,1565156.67529574,0.149350919503383,13850.9440291659,0.149350919503383,1565156.67529574,0.149350919503383,13850.9440291659,0.149350919503383,TRUE,NA,NA,NA,NA,NA,NA,NA,NA,0.63514245029,0.0928940384428055,-0.116394816919968,-0.497327744561293,0.151449376598386,0.213235574647941,0.311863836342106,0.213235574647941,0.0420309038057792,0,854666.128569679,0.1510569728,5654727.87225015,1e-04,"1_124_7",1,124,7,1852,2,NA,NA,NA,NA,NA,NA,NA,1,FALSE,NA,NA,NA,NA,NA
"534","season",0.0443616347179353,-12667.1033585718,-0.00120872470079688,-112.09825981037,-0.00120872470079688,-12667.1033585718,-0.00120872470079688,-112.09825981037,-0.00120872470079688,FALSE,NA,NA,NA,NA,NA,NA,NA,NA,0.63514245029,0.0928940384428055,-0.116394816919968,-0.497327744561293,0.151449376598386,0.213235574647941,0.311863836342106,0.213235574647941,0.0420309038057792,0,854666.128569679,0.1510569728,5654727.87225015,1e-04,"1_124_7",1,124,7,1852,2,NA,NA,NA,NA,NA,NA,NA,1,FALSE,NA,NA,NA,NA,NA
"535","holiday",0,0,0,0,0,0,0,0,0,TRUE,NA,NA,NA,NA,NA,NA,NA,NA,0.63514245029,0.0928940384428055,-0.116394816919968,-0.497327744561293,0.151449376598386,0.213235574647941,0.311863836342106,0.213235574647941,0.0420309038057792,0,854666.128569679,0.1510569728,5654727.87225015,1e-04,"1_124_7",1,124,7,1852,2,NA,NA,NA,NA,NA,NA,NA,1,FALSE,NA,NA,NA,NA,NA
"536","Google_Impressions",18362.5453851587,373383.037209906,0.035629084815888,3304.27466557439,0.035629084815888,373383.037209906,0.035629084815888,3304.27466557439,0.035629084815888,TRUE,0.743363900415277,0.743363900415277,490276.628318584,55401259,NA,NA,0.729605291028333,0.729605291028333,0.63514245029,0.0928940384428055,-0.116394816919968,-0.497327744561293,0.151449376598386,0.213235574647941,0.311863836342106,0.213235574647941,0.0420309038057792,0,854666.128569679,0.1510569728,5654727.87225015,1e-04,"1_124_7",1,124,7,1852,2,3304.27466557439,654726.065668105,164449.437349521,0.00673961285265929,0.00673961285265929,148.376475305317,148.376475305317,1,FALSE,0.00782942360134586,0.00074135540919751,0,0.019703727690251,0.262555820372644
"537","Facebook_Impressions",20511.3982754664,138377.282789482,0.0132042847525687,1224.57772380072,0.0132042847525687,138377.282789482,0.0132042847525687,1224.57772380072,0.0132042847525687,TRUE,0.244677122195661,0.244677122195661,161373.82300885,18235242,NA,NA,0.270394708971667,0.270394708971667,0.63514245029,0.0928940384428055,-0.116394816919968,-0.497327744561293,0.151449376598386,0.213235574647941,0.311863836342106,0.213235574647941,0.0420309038057792,0,854666.128569679,0.1510569728,5654727.87225015,1e-04,"1_124_7",1,124,7,1852,2,1224.57772380072,166570.863220551,5197.04021170172,0.00758845332513173,0.00758845332513173,131.77915935625,131.77915935625,1,FALSE,0.00891222269670811,0.000954082668229271,0,0.0241936972477182,0.000109621358764484
"538","Affiliate_Impressions",0,0,0,0,0,0,0,0,0,TRUE,0.0119589773890613,0.0119589773890613,7887.3982300885,891276,NA,NA,0,0,0.63514245029,0.0928940384428055,-0.116394816919968,-0.497327744561293,0.151449376598386,0.213235574647941,0.311863836342106,0.213235574647941,0.0420309038057792,0,854666.128569679,0.1510569728,5654727.87225015,1e-04,"1_124_7",1,124,7,1852,2,0,9741.67811329425,1854.27988320575,0,0,Inf,Inf,1,FALSE,0,0,0,0,NA
"539","Organic_Views",0,0,0,0,0,0,0,0,0,TRUE,NA,NA,NA,NA,8051.88495575221,8051.88495575221,NA,NA,0.63514245029,0.0928940384428055,-0.116394816919968,-0.497327744561293,0.151449376598386,0.213235574647941,0.311863836342106,0.213235574647941,0.0420309038057792,0,854666.128569679,0.1510569728,5654727.87225015,1e-04,"1_124_7",1,124,7,1852,2,0,8769.14200511928,717.257049367064,NA,NA,NA,NA,1,FALSE,NA,NA,NA,NA,NA
"540","Email_Impressions",11562.8146799989,275705.238833323,0.0263084402868972,2439.8693702064,0.0263084402868972,275705.238833323,0.0263084402868972,2439.8693702064,0.0263084402868972,TRUE,NA,NA,NA,NA,389433.016085841,389433.016085841,NA,NA,0.63514245029,0.0928940384428055,-0.116394816919968,-0.497327744561293,0.151449376598386,0.213235574647941,0.311863836342106,0.213235574647941,0.0420309038057792,0,854666.128569679,0.1510569728,5654727.87225015,1e-04,"1_124_7",1,124,7,1852,2,2439.8693702064,469528.329288574,80095.3132027335,NA,NA,NA,NA,1,FALSE,NA,NA,NA,NA,0.0283754393026406
"541","(Intercept)",76216.6272590774,8612478.88027574,0.826524044629981,76216.6272590774,0.826524044629981,8612478.88027574,0.826524044629981,76216.6272590774,0.826524044629981,TRUE,NA,NA,NA,NA,NA,NA,NA,NA,0.64007993168,0.0455858774029988,-0.125914548139761,-0.597185250333715,0.155348444110409,0.214142796823035,0.322095180487382,0.214142796823035,0.025733654041446,0,1125684.06140501,0.1989894363,5654727.87225015,1e-04,"1_124_13",1,124,13,1858,3,NA,NA,NA,NA,NA,NA,NA,1,FALSE,NA,NA,NA,NA,NA
"542","trend",0.104232705498736,1248173.19351749,0.119784927271922,11045.7804736061,0.119784927271922,1248173.19351749,0.119784927271922,11045.7804736061,0.119784927271922,TRUE,NA,NA,NA,NA,NA,NA,NA,NA,0.64007993168,0.0455858774029988,-0.125914548139761,-0.597185250333715,0.155348444110409,0.214142796823035,0.322095180487382,0.214142796823035,0.025733654041446,0,1125684.06140501,0.1989894363,5654727.87225015,1e-04,"1_124_13",1,124,13,1858,3,NA,NA,NA,NA,NA,NA,NA,1,FALSE,NA,NA,NA,NA,NA
"543","season",0.034599452748469,-9879.59183428567,-0.000948126586512533,-87.4300162326166,-0.000948126586512533,-9879.59183428567,-0.000948126586512533,-87.4300162326166,-0.000948126586512533,FALSE,NA,NA,NA,NA,NA,NA,NA,NA,0.64007993168,0.0455858774029988,-0.125914548139761,-0.597185250333715,0.155348444110409,0.214142796823035,0.322095180487382,0.214142796823035,0.025733654041446,0,1125684.06140501,0.1989894363,5654727.87225015,1e-04,"1_124_13",1,124,13,1858,3,NA,NA,NA,NA,NA,NA,NA,1,FALSE,NA,NA,NA,NA,NA
"544","holiday",0,0,0,0,0,0,0,0,0,TRUE,NA,NA,NA,NA,NA,NA,NA,NA,0.64007993168,0.0455858774029988,-0.125914548139761,-0.597185250333715,0.155348444110409,0.214142796823035,0.322095180487382,0.214142796823035,0.025733654041446,0,1125684.06140501,0.1989894363,5654727.87225015,1e-04,"1_124_13",1,124,13,1858,3,NA,NA,NA,NA,NA,NA,NA,1,FALSE,NA,NA,NA,NA,NA
"545","Google_Impressions",14247.2734800738,295330.903349393,0.0283423734483226,2613.54781725126,0.0283423734483226,295330.903349393,0.0283423734483226,2613.54781725126,0.0283423734483226,TRUE,0.743363900415277,0.743363900415277,490276.628318584,55401259,NA,NA,0.740455938005313,0.740455938005313,0.64007993168,0.0455858774029988,-0.125914548139761,-0.597185250333715,0.155348444110409,0.214142796823035,0.322095180487382,0.214142796823035,0.025733654041446,0,1125684.06140501,0.1989894363,5654727.87225015,1e-04,"1_124_13",1,124,13,1858,3,2613.54781725126,682835.424042178,192558.795723594,0.00533076158701363,0.00533076158701363,187.590456574933,187.590456574933,1,FALSE,0.00782942360134586,0.00074135540919751,0,0.019703727690251,0.316549943674759
"546","Facebook_Impressions",17725.0279416806,103519.16752042,0.00993454755885183,916.098827614339,0.00993454755885183,103519.16752042,0.00993454755885183,916.098827614339,0.00993454755885183,TRUE,0.244677122195661,0.244677122195661,161373.82300885,18235242,NA,NA,0.259544061994688,0.259544061994688,0.64007993168,0.0455858774029988,-0.125914548139761,-0.597185250333715,0.155348444110409,0.214142796823035,0.322095180487382,0.214142796823035,0.025733654041446,0,1125684.06140501,0.1989894363,5654727.87225015,1e-04,"1_124_13",1,124,13,1858,3,916.098827614339,165825.303466021,4451.48045717183,0.00567687379857204,0.00567687379857203,176.153290610677,176.153290610677,1,FALSE,0.00891222269670811,0.000954082668229271,0,0.0241936972477182,5.56386619432894e-05
"547","Affiliate_Impressions",0,0,0,0,0,0,0,0,0,TRUE,0.0119589773890613,0.0119589773890613,7887.3982300885,891276,NA,NA,0,0,0.64007993168,0.0455858774029988,-0.125914548139761,-0.597185250333715,0.155348444110409,0.214142796823035,0.322095180487382,0.214142796823035,0.025733654041446,0,1125684.06140501,0.1989894363,5654727.87225015,1e-04,"1_124_13",1,124,13,1858,3,0,9414.60980980679,1527.21157971829,0,0,Inf,Inf,1,FALSE,0,0,0,0,NA
"548","Organic_Views",0,0,0,0,0,0,0,0,0,TRUE,NA,NA,NA,NA,8051.88495575221,8051.88495575221,NA,NA,0.64007993168,0.0455858774029988,-0.125914548139761,-0.597185250333715,0.155348444110409,0.214142796823035,0.322095180487382,0.214142796823035,0.025733654041446,0,1125684.06140501,0.1989894363,5654727.87225015,1e-04,"1_124_13",1,124,13,1858,3,0,8147.38469213215,95.4997363799354,NA,NA,NA,NA,1,FALSE,NA,NA,NA,NA,NA
"549","Email_Impressions",7029.75372378802,170496.421606381,0.0163622336774349,1508.81789032196,0.0163622336774349,170496.421606381,0.0163622336774349,1508.81789032196,0.0163622336774349,TRUE,NA,NA,NA,NA,389433.016085841,389433.016085841,NA,NA,0.64007993168,0.0455858774029988,-0.125914548139761,-0.597185250333715,0.155348444110409,0.214142796823035,0.322095180487382,0.214142796823035,0.025733654041446,0,1125684.06140501,0.1989894363,5654727.87225015,1e-04,"1_124_13",1,124,13,1858,3,1508.81789032196,421449.564344446,32016.5482586052,NA,NA,NA,NA,1,FALSE,NA,NA,NA,NA,0.00132043333441466
"550","(Intercept)",72365.3158651395,8177280.69276076,0.780726494578558,72365.3158651395,0.780726494578558,8177280.69276076,0.780726494578558,72365.3158651395,0.780726494578558,TRUE,NA,NA,NA,NA,NA,NA,NA,NA,0.63818325905,0.0879719188606177,-0.139535832652437,-0.50908209446376,0.151859716442436,0.21543424953003,0.313085542985944,0.21543424953003,0.0195299711586505,0,875349.461726607,0.1547150448,5654727.87225015,1e-04,"1_124_15",1,124,15,1860,2,NA,NA,NA,NA,NA,NA,NA,1,FALSE,NA,NA,NA,NA,NA
"551","trend",0.128750010187344,1541764.7523588,0.147200106710227,13643.9358615823,0.147200106710227,1541764.7523588,0.147200106710227,13643.9358615823,0.147200106710227,TRUE,NA,NA,NA,NA,NA,NA,NA,NA,0.63818325905,0.0879719188606177,-0.139535832652437,-0.50908209446376,0.151859716442436,0.21543424953003,0.313085542985944,0.21543424953003,0.0195299711586505,0,875349.461726607,0.1547150448,5654727.87225015,1e-04,"1_124_15",1,124,15,1860,2,NA,NA,NA,NA,NA,NA,NA,1,FALSE,NA,NA,NA,NA,NA
"552","season",0.043443454426134,-12404.9244570953,-0.00118436110374365,-109.778092540666,-0.00118436110374365,-12404.9244570953,-0.00118436110374365,-109.778092540666,-0.00118436110374365,FALSE,NA,NA,NA,NA,NA,NA,NA,NA,0.63818325905,0.0879719188606177,-0.139535832652437,-0.50908209446376,0.151859716442436,0.21543424953003,0.313085542985944,0.21543424953003,0.0195299711586505,0,875349.461726607,0.1547150448,5654727.87225015,1e-04,"1_124_15",1,124,15,1860,2,NA,NA,NA,NA,NA,NA,NA,1,FALSE,NA,NA,NA,NA,NA
"553","holiday",0,0,0,0,0,0,0,0,0,TRUE,NA,NA,NA,NA,NA,NA,NA,NA,0.63818325905,0.0879719188606177,-0.139535832652437,-0.50908209446376,0.151859716442436,0.21543424953003,0.313085542985944,0.21543424953003,0.0195299711586505,0,875349.461726607,0.1547150448,5654727.87225015,1e-04,"1_124_15",1,124,15,1860,2,NA,NA,NA,NA,NA,NA,NA,1,FALSE,NA,NA,NA,NA,NA
"554","Google_Impressions",20002.3778300145,365768.341785571,0.0349217601840264,3236.88798040328,0.0349217601840264,365768.341785571,0.0349217601840264,3236.88798040328,0.0349217601840264,TRUE,0.743363900415277,0.743363900415277,490276.628318584,55401259,NA,NA,0.749236355746205,0.749236355746205,0.63818325905,0.0879719188606177,-0.139535832652437,-0.50908209446376,0.151859716442436,0.21543424953003,0.313085542985944,0.21543424953003,0.0195299711586505,0,875349.461726607,0.1547150448,5654727.87225015,1e-04,"1_124_15",1,124,15,1860,2,3236.88798040328,625392.539974291,135115.911655706,0.00660216660032167,0.00660216660032167,151.465429538127,151.465429538127,1,FALSE,0.00782942360134586,0.00074135540919751,0,0.019703727690251,0.230700483647237
"555","Facebook_Impressions",32847.4587054005,122419.850071833,0.0116880444740056,1083.36150506047,0.0116880444740056,122419.850071833,0.0116880444740056,1083.36150506047,0.0116880444740056,TRUE,0.244677122195661,0.244677122195661,161373.82300885,18235242,NA,NA,0.250763644253795,0.250763644253795,0.63818325905,0.0879719188606177,-0.139535832652437,-0.50908209446376,0.151859716442436,0.21543424953003,0.313085542985944,0.21543424953003,0.0195299711586505,0,875349.461726607,0.1547150448,5654727.87225015,1e-04,"1_124_15",1,124,15,1860,2,1083.36150506047,166085.136484165,4711.31347531565,0.00671336580407507,0.00671336580407506,148.956578441323,148.956578441323,1,FALSE,0.00891222269670811,0.000954082668229271,0,0.0241936972477182,4.68529958803115e-05
"556","Affiliate_Impressions",0,0,0,0,0,0,0,0,0,TRUE,0.0119589773890613,0.0119589773890613,7887.3982300885,891276,NA,NA,0,0,0.63818325905,0.0879719188606177,-0.139535832652437,-0.50908209446376,0.151859716442436,0.21543424953003,0.313085542985944,0.21543424953003,0.0195299711586505,0,875349.461726607,0.1547150448,5654727.87225015,1e-04,"1_124_15",1,124,15,1860,2,0,10494.7757202812,2607.37749019273,0,0,Inf,Inf,1,FALSE,0,0,0,0,NA
"557","Organic_Views",0,0,0,0,0,0,0,0,0,TRUE,NA,NA,NA,NA,8051.88495575221,8051.88495575221,NA,NA,0.63818325905,0.0879719188606177,-0.139535832652437,-0.50908209446376,0.151859716442436,0.21543424953003,0.313085542985944,0.21543424953003,0.0195299711586505,0,875349.461726607,0.1547150448,5654727.87225015,1e-04,"1_124_15",1,124,15,1860,2,0,9031.38143898895,979.496483236742,NA,NA,NA,NA,1,FALSE,NA,NA,NA,NA,NA
"558","Email_Impressions",13408.6600063895,279109.023095112,0.0266479551569269,2469.991354824,0.0266479551569269,279109.023095112,0.0266479551569269,2469.991354824,0.0266479551569269,TRUE,NA,NA,NA,NA,389433.016085841,389433.016085841,NA,NA,0.63818325905,0.0879719188606177,-0.139535832652437,-0.50908209446376,0.151859716442436,0.21543424953003,0.313085542985944,0.21543424953003,0.0195299711586505,0,875349.461726607,0.1547150448,5654727.87225015,1e-04,"1_124_15",1,124,15,1860,2,2469.991354824,488559.74529517,99126.7292093291,NA,NA,NA,NA,1,FALSE,NA,NA,NA,NA,0.0447795710746966
"559","(Intercept)",72656.3084808721,8210162.85833855,0.789217399338692,72656.3084808721,0.789217399338692,8210162.85833855,0.789217399338692,72656.3084808721,0.789217399338692,TRUE,NA,NA,NA,NA,NA,NA,NA,NA,0.63684957092,0.0309241627826442,-0.13277958832996,-0.628519348159603,0.156537128162314,0.214794651267008,0.325239318521314,0.214794651267008,0.0195291263566584,0,1223929.59931856,0.2163652262,5654727.87225015,1e-04,"1_125_4",1,125,4,1864,1,NA,NA,NA,NA,NA,NA,NA,3,FALSE,NA,NA,NA,NA,NA
"560","trend",0.0968372640397604,1159613.73668335,0.111470058912797,10262.0684662243,0.111470058912797,1159613.73668335,0.111470058912797,10262.0684662243,0.111470058912797,TRUE,NA,NA,NA,NA,NA,NA,NA,NA,0.63684957092,0.0309241627826442,-0.13277958832996,-0.628519348159603,0.156537128162314,0.214794651267008,0.325239318521314,0.214794651267008,0.0195291263566584,0,1223929.59931856,0.2163652262,5654727.87225015,1e-04,"1_125_4",1,125,4,1864,1,NA,NA,NA,NA,NA,NA,NA,3,FALSE,NA,NA,NA,NA,NA
"561","season",0.0320832243024047,-9161.10330241043,-0.000880628344181784,-81.0717106408002,-0.000880628344181784,-9161.10330241043,-0.000880628344181784,-81.0717106408002,-0.000880628344181784,FALSE,NA,NA,NA,NA,NA,NA,NA,NA,0.63684957092,0.0309241627826442,-0.13277958832996,-0.628519348159603,0.156537128162314,0.214794651267008,0.325239318521314,0.214794651267008,0.0195291263566584,0,1223929.59931856,0.2163652262,5654727.87225015,1e-04,"1_125_4",1,125,4,1864,1,NA,NA,NA,NA,NA,NA,NA,3,FALSE,NA,NA,NA,NA,NA
"562","holiday",0,0,0,0,0,0,0,0,0,TRUE,NA,NA,NA,NA,NA,NA,NA,NA,0.63684957092,0.0309241627826442,-0.13277958832996,-0.628519348159603,0.156537128162314,0.214794651267008,0.325239318521314,0.214794651267008,0.0195291263566584,0,1223929.59931856,0.2163652262,5654727.87225015,1e-04,"1_125_4",1,125,4,1864,1,NA,NA,NA,NA,NA,NA,NA,3,FALSE,NA,NA,NA,NA,NA
"563","Google_Impressions",15190.8131133103,273490.316304576,0.0262897727977461,2420.26828588121,0.0262897727977461,273490.316304576,0.0262897727977461,2420.26828588121,0.0262897727977461,TRUE,0.743363900415277,0.743363900415277,490276.628318584,55401259,NA,NA,0.749390033267762,0.749390033267762,0.63684957092,0.0309241627826442,-0.13277958832996,-0.628519348159603,0.156537128162314,0.214794651267008,0.325239318521314,0.214794651267008,0.0195291263566584,0,1223929.59931856,0.2163652262,5654727.87225015,1e-04,"1_125_4",1,125,4,1864,1,2420.26828588121,672859.721766475,182583.093447891,0.00493653612284473,0.00493653612284473,202.571190631487,202.571190631487,3,FALSE,0.00614836150170441,0.000208230508885948,0.00308252913534494,0.00922081584551984,0.2932509074474
"564","Facebook_Impressions",20333.2605746256,91460.2490398874,0.00879178904676881,809.38273486626,0.00879178904676881,91460.2490398874,0.00879178904676881,809.38273486626,0.00879178904676881,TRUE,0.244677122195661,0.244677122195661,161373.82300885,18235242,NA,NA,0.250609966732238,0.250609966732238,0.63684957092,0.0309241627826442,-0.13277958832996,-0.628519348159603,0.156537128162314,0.214794651267008,0.325239318521314,0.214794651267008,0.0195291263566584,0,1223929.59931856,0.2163652262,5654727.87225015,1e-04,"1_125_4",1,125,4,1864,1,809.38273486626,164953.919220903,3580.09621205379,0.00501557637896373,0.00501557637896373,199.378879802167,199.378879802167,3,FALSE,0.00666154589379305,0.000271917387353167,0.00265856156013475,0.0106742308008493,2.34574399441582e-05
"565","Affiliate_Impressions",0,0,0,0,0,0,0,0,0,TRUE,0.0119589773890613,0.0119589773890613,7887.3982300885,891276,NA,NA,0,0,0.63684957092,0.0309241627826442,-0.13277958832996,-0.628519348159603,0.156537128162314,0.214794651267008,0.325239318521314,0.214794651267008,0.0195291263566584,0,1223929.59931856,0.2163652262,5654727.87225015,1e-04,"1_125_4",1,125,4,1864,1,0,8412.45179809681,525.053568008318,0,0,Inf,Inf,3,FALSE,0,0,0,0,NA
"566","Organic_Views",0,0,0,0,0,0,0,0,0,TRUE,NA,NA,NA,NA,8051.88495575221,8051.88495575221,NA,NA,0.63684957092,0.0309241627826442,-0.13277958832996,-0.628519348159603,0.156537128162314,0.214794651267008,0.325239318521314,0.214794651267008,0.0195291263566584,0,1223929.59931856,0.2163652262,5654727.87225015,1e-04,"1_125_4",1,125,4,1864,1,0,9519.37535646656,1467.49040071435,NA,NA,NA,NA,3,FALSE,NA,NA,NA,NA,NA
"567","Email_Impressions",16289.8702780041,677350.636382088,0.0651116082481778,5994.25341931051,0.0651116082481778,677350.636382088,0.0651116082481778,5994.25341931051,0.0651116082481778,TRUE,NA,NA,NA,NA,389433.016085841,389433.016085841,NA,NA,0.63684957092,0.0309241627826442,-0.13277958832996,-0.628519348159603,0.156537128162314,0.214794651267008,0.325239318521314,0.214794651267008,0.0195291263566584,0,1223929.59931856,0.2163652262,5654727.87225015,1e-04,"1_125_4",1,125,4,1864,1,5994.25341931051,394759.087786437,5326.0717005961,NA,NA,NA,NA,3,FALSE,NA,NA,NA,NA,0.127715226347775
"568","(Intercept)",66203.3173544867,7480974.861057,0.710154283968037,66203.3173544867,0.710154283968037,7480974.861057,0.710154283968037,66203.3173544867,0.710154283968037,TRUE,NA,NA,NA,NA,NA,NA,NA,NA,0.64076489504,0.137985949221037,-0.114697965245668,-0.404972244672991,0.147637149630474,0.213073460523757,0.302092854897641,0.213073460523757,0.0447706186608144,0,692559.767084062,0.122386703,5654727.87225015,1e-04,"1_125_7",1,125,7,1867,2,NA,NA,NA,NA,NA,NA,NA,3,FALSE,NA,NA,NA,NA,NA
"569","trend",0.153861049496719,1842466.20664185,0.174901706530822,16305.0106782465,0.174901706530822,1842466.20664185,0.174901706530822,16305.0106782465,0.174901706530822,TRUE,NA,NA,NA,NA,NA,NA,NA,NA,0.64076489504,0.137985949221037,-0.114697965245668,-0.404972244672991,0.147637149630474,0.213073460523757,0.302092854897641,0.213073460523757,0.0447706186608144,0,692559.767084062,0.122386703,5654727.87225015,1e-04,"1_125_7",1,125,7,1867,2,NA,NA,NA,NA,NA,NA,NA,3,FALSE,NA,NA,NA,NA,NA
"570","season",0.0532919325760113,-15217.0771526021,-0.0014445273149689,-134.664399580549,-0.0014445273149689,-15217.0771526021,-0.0014445273149689,-134.664399580549,-0.0014445273149689,FALSE,NA,NA,NA,NA,NA,NA,NA,NA,0.64076489504,0.137985949221037,-0.114697965245668,-0.404972244672991,0.147637149630474,0.213073460523757,0.302092854897641,0.213073460523757,0.0447706186608144,0,692559.767084062,0.122386703,5654727.87225015,1e-04,"1_125_7",1,125,7,1867,2,NA,NA,NA,NA,NA,NA,NA,3,FALSE,NA,NA,NA,NA,NA
"571","holiday",0,0,0,0,0,0,0,0,0,TRUE,NA,NA,NA,NA,NA,NA,NA,NA,0.64076489504,0.137985949221037,-0.114697965245668,-0.404972244672991,0.147637149630474,0.213073460523757,0.302092854897641,0.213073460523757,0.0447706186608144,0,692559.767084062,0.122386703,5654727.87225015,1e-04,"1_125_7",1,125,7,1867,2,NA,NA,NA,NA,NA,NA,NA,3,FALSE,NA,NA,NA,NA,NA
"572","Google_Impressions",28256.4716852234,435920.54994297,0.0413810835835321,3857.70398179619,0.0413810835835321,435920.54994297,0.0413810835835321,3857.70398179619,0.0413810835835321,TRUE,0.743363900415277,0.743363900415277,490276.628318584,55401259,NA,NA,0.727978067256365,0.727978067256365,0.64076489504,0.137985949221037,-0.114697965245668,-0.404972244672991,0.147637149630474,0.213073460523757,0.302092854897641,0.213073460523757,0.0447706186608144,0,692559.767084062,0.122386703,5654727.87225015,1e-04,"1_125_7",1,125,7,1867,2,3857.70398179619,682973.423545273,192696.795226689,0.00786842316964258,0.00786842316964258,127.090266809509,127.090266809509,3,FALSE,0.00614836150170441,0.000208230508885948,0.00308252913534494,0.00922081584551984,0.244833137433932
"573","Facebook_Impressions",23217.8707757699,162889.454850012,0.0154627767534845,1441.49960044259,0.0154627767534845,162889.454850012,0.0154627767534845,1441.49960044259,0.0154627767534845,TRUE,0.244677122195661,0.244677122195661,161373.82300885,18235242,NA,NA,0.272021932743635,0.272021932743635,0.64076489504,0.137985949221037,-0.114697965245668,-0.404972244672991,0.147637149630474,0.213073460523757,0.302092854897641,0.213073460523757,0.0447706186608144,0,692559.767084062,0.122386703,5654727.87225015,1e-04,"1_125_7",1,125,7,1867,2,1441.49960044259,164524.000543196,3150.17753434605,0.00893267305418882,0.00893267305418882,111.948572832974,111.948572832974,3,FALSE,0.00666154589379305,0.000271917387353167,0.00265856156013475,0.0106742308008493,2.23747055130755e-05
"574","Affiliate_Impressions",0,0,0,0,0,0,0,0,0,TRUE,0.0119589773890613,0.0119589773890613,7887.3982300885,891276,NA,NA,0,0,0.64076489504,0.137985949221037,-0.114697965245668,-0.404972244672991,0.147637149630474,0.213073460523757,0.302092854897641,0.213073460523757,0.0447706186608144,0,692559.767084062,0.122386703,5654727.87225015,1e-04,"1_125_7",1,125,7,1867,2,0,9844.15819899777,1956.75996890927,0,0,Inf,Inf,3,FALSE,0,0,0,0,NA
"575","Organic_Views",0,0,0,0,0,0,0,0,0,TRUE,NA,NA,NA,NA,8051.88495575221,8051.88495575221,NA,NA,0.64076489504,0.137985949221037,-0.114697965245668,-0.404972244672991,0.147637149630474,0.213073460523757,0.302092854897641,0.213073460523757,0.0447706186608144,0,692559.767084062,0.122386703,5654727.87225015,1e-04,"1_125_7",1,125,7,1867,2,0,8497.50693070497,445.621974952762,NA,NA,NA,NA,3,FALSE,NA,NA,NA,NA,NA
"576","Email_Impressions",16698.7940394372,627261.199300061,0.059544676479093,5550.98406460231,0.059544676479093,627261.199300061,0.059544676479093,5550.98406460231,0.059544676479093,TRUE,NA,NA,NA,NA,389433.016085841,389433.016085841,NA,NA,0.64076489504,0.137985949221037,-0.114697965245668,-0.404972244672991,0.147637149630474,0.213073460523757,0.302092854897641,0.213073460523757,0.0447706186608144,0,692559.767084062,0.122386703,5654727.87225015,1e-04,"1_125_7",1,125,7,1867,2,5550.98406460231,415223.551983512,25790.5358976712,NA,NA,NA,NA,3,FALSE,NA,NA,NA,NA,0.0796293648163235
"577","(Intercept)",75285.9414364772,8507311.38232192,0.81759837442852,75285.9414364772,0.81759837442852,8507311.38232192,0.81759837442852,75285.9414364772,0.81759837442852,TRUE,NA,NA,NA,NA,NA,NA,NA,NA,0.63926550623,0.0309383200866488,-0.130516210037929,-0.626985581331085,0.15653598472662,0.214579956084632,0.325086124520808,0.214579956084632,0.0201579228253899,0,1181856.04453277,0.2089240613,5654727.87225015,1e-04,"1_126_8",1,126,8,1883,1,NA,NA,NA,NA,NA,NA,NA,3,FALSE,NA,NA,NA,NA,NA
"578","trend",0.100068817640075,1198311.17390354,0.115164148085486,10604.5236628632,0.115164148085486,1198311.17390354,0.115164148085486,10604.5236628632,0.115164148085486,TRUE,NA,NA,NA,NA,NA,NA,NA,NA,0.63926550623,0.0309383200866488,-0.130516210037929,-0.626985581331085,0.15653598472662,0.214579956084632,0.325086124520808,0.214579956084632,0.0201579228253899,0,1181856.04453277,0.2089240613,5654727.87225015,1e-04,"1_126_8",1,126,8,1883,1,NA,NA,NA,NA,NA,NA,NA,3,FALSE,NA,NA,NA,NA,NA
"579","season",0.0332248331795413,-9487.08041605149,-0.000911759447568182,-83.9564638588627,-0.000911759447568182,-9487.08041605149,-0.000911759447568182,-83.9564638588627,-0.000911759447568182,FALSE,NA,NA,NA,NA,NA,NA,NA,NA,0.63926550623,0.0309383200866488,-0.130516210037929,-0.626985581331085,0.15653598472662,0.214579956084632,0.325086124520808,0.214579956084632,0.0201579228253899,0,1181856.04453277,0.2089240613,5654727.87225015,1e-04,"1_126_8",1,126,8,1883,1,NA,NA,NA,NA,NA,NA,NA,3,FALSE,NA,NA,NA,NA,NA
"580","holiday",0,0,0,0,0,0,0,0,0,TRUE,NA,NA,NA,NA,NA,NA,NA,NA,0.63926550623,0.0309383200866488,-0.130516210037929,-0.626985581331085,0.15653598472662,0.214579956084632,0.325086124520808,0.214579956084632,0.0201579228253899,0,1181856.04453277,0.2089240613,5654727.87225015,1e-04,"1_126_8",1,126,8,1883,1,NA,NA,NA,NA,NA,NA,NA,3,FALSE,NA,NA,NA,NA,NA
"581","Google_Impressions",12697.7694031972,281853.748696318,0.0270876610017534,2494.28096191432,0.0270876610017534,281853.748696318,0.0270876610017534,2494.28096191432,0.0270876610017534,TRUE,0.743363900415277,0.743363900415277,490276.628318584,55401259,NA,NA,0.746693711599363,0.746693711599363,0.63926550623,0.0309383200866488,-0.130516210037929,-0.626985581331085,0.15653598472662,0.214579956084632,0.325086124520808,0.214579956084632,0.0201579228253899,0,1181856.04453277,0.2089240613,5654727.87225015,1e-04,"1_126_8",1,126,8,1883,1,2494.28096191432,639625.026311198,149348.397992614,0.00508749717576487,0.00508749717576487,196.560305677154,196.560305677154,3,FALSE,0.00614836150170441,0.000208230508885948,0.00308252913534494,0.00922081584551984,0.311527932653488
"582","Facebook_Impressions",18700.8114748412,95615.278185679,0.00918914243312973,846.152904298045,0.00918914243312973,95615.278185679,0.00918914243312973,846.152904298045,0.00918914243312973,TRUE,0.244677122195661,0.244677122195661,161373.82300885,18235242,NA,NA,0.253306288400637,0.253306288400637,0.63926550623,0.0309383200866488,-0.130516210037929,-0.626985581331085,0.15653598472662,0.214579956084632,0.325086124520808,0.214579956084632,0.0201579228253899,0,1181856.04453277,0.2089240613,5654727.87225015,1e-04,"1_126_8",1,126,8,1883,1,846.152904298045,164174.811938489,2800.98892963944,0.00524343346722128,0.00524343346722128,190.714730386375,190.714730386375,3,FALSE,0.00666154589379305,0.000271917387353167,0.00265856156013475,0.0106742308008493,1.20658693781822e-05
"583","Affiliate_Impressions",0,0,0,0,0,0,0,0,0,TRUE,0.0119589773890613,0.0119589773890613,7887.3982300885,891276,NA,NA,0,0,0.63926550623,0.0309383200866488,-0.130516210037929,-0.626985581331085,0.15653598472662,0.214579956084632,0.325086124520808,0.214579956084632,0.0201579228253899,0,1181856.04453277,0.2089240613,5654727.87225015,1e-04,"1_126_8",1,126,8,1883,1,0,9258.84763947309,1371.44940938459,0,0,Inf,Inf,3,FALSE,0,0,0,0,NA
"584","Organic_Views",0,0,0,0,0,0,0,0,0,TRUE,NA,NA,NA,NA,8051.88495575221,8051.88495575221,NA,NA,0.63926550623,0.0309383200866488,-0.130516210037929,-0.626985581331085,0.15653598472662,0.214579956084632,0.325086124520808,0.214579956084632,0.0201579228253899,0,1181856.04453277,0.2089240613,5654727.87225015,1e-04,"1_126_8",1,126,8,1883,1,0,9477.86169520286,1425.97673945065,NA,NA,NA,NA,3,FALSE,NA,NA,NA,NA,NA
"585","Email_Impressions",11483.6915076237,331640.478707086,0.0318724334986789,2934.87149298306,0.0318724334986789,331640.478707086,0.0318724334986789,2934.87149298306,0.0318724334986789,TRUE,NA,NA,NA,NA,389433.016085841,389433.016085841,NA,NA,0.63926550623,0.0309383200866488,-0.130516210037929,-0.626985581331085,0.15653598472662,0.214579956084632,0.325086124520808,0.214579956084632,0.0201579228253899,0,1181856.04453277,0.2089240613,5654727.87225015,1e-04,"1_126_8",1,126,8,1883,1,2934.87149298306,427010.82795618,37577.811870339,NA,NA,NA,NA,3,FALSE,NA,NA,NA,NA,0.0722371053370296
"586","(Intercept)",67228.9236395324,7596868.37126716,0.719265051254258,67228.9236395324,0.719265051254258,7596868.37126716,0.719265051254258,67228.9236395324,0.719265051254258,TRUE,NA,NA,NA,NA,NA,NA,NA,NA,0.63794629676,0.157662493091697,-0.115681418004208,-0.364753879694001,0.145942421864797,0.213167432833109,0.297737645628196,0.213167432833109,0.0430752790055323,0,625903.439113013,0.1105978078,5654727.87225015,1e-04,"1_127_2",1,127,2,1892,3,NA,NA,NA,NA,NA,NA,NA,1,FALSE,NA,NA,NA,NA,NA
"587","trend",0.166717773859371,1996423.82128037,0.189019713382099,17667.4674449591,0.189019713382099,1996423.82128037,0.189019713382099,17667.4674449591,0.189019713382099,TRUE,NA,NA,NA,NA,NA,NA,NA,NA,0.63794629676,0.157662493091697,-0.115681418004208,-0.364753879694001,0.145942421864797,0.213167432833109,0.297737645628196,0.213167432833109,0.0430752790055323,0,625903.439113013,0.1105978078,5654727.87225015,1e-04,"1_127_2",1,127,2,1892,3,NA,NA,NA,NA,NA,NA,NA,1,FALSE,NA,NA,NA,NA,NA
"588","season",0.0582392666854358,-16629.7480992868,-0.00157449043927344,-147.165912383069,-0.00157449043927344,-16629.7480992868,-0.00157449043927344,-147.165912383069,-0.00157449043927344,FALSE,NA,NA,NA,NA,NA,NA,NA,NA,0.63794629676,0.157662493091697,-0.115681418004208,-0.364753879694001,0.145942421864797,0.213167432833109,0.297737645628196,0.213167432833109,0.0430752790055323,0,625903.439113013,0.1105978078,5654727.87225015,1e-04,"1_127_2",1,127,2,1892,3,NA,NA,NA,NA,NA,NA,NA,1,FALSE,NA,NA,NA,NA,NA
"589","holiday",0,0,0,0,0,0,0,0,0,TRUE,NA,NA,NA,NA,NA,NA,NA,NA,0.63794629676,0.157662493091697,-0.115681418004208,-0.364753879694001,0.145942421864797,0.213167432833109,0.297737645628196,0.213167432833109,0.0430752790055323,0,625903.439113013,0.1105978078,5654727.87225015,1e-04,"1_127_2",1,127,2,1892,3,NA,NA,NA,NA,NA,NA,NA,1,FALSE,NA,NA,NA,NA,NA
"590","Google_Impressions",26851.3039514275,484509.822031059,0.0458729788309117,4287.69754009787,0.0458729788309117,484509.822031059,0.0458729788309117,4287.69754009787,0.0458729788309117,TRUE,0.743363900415277,0.743363900415277,490276.628318584,55401259,NA,NA,0.728981886227507,0.728981886227507,0.63794629676,0.157662493091697,-0.115681418004208,-0.364753879694001,0.145942421864797,0.213167432833109,0.297737645628196,0.213167432833109,0.0430752790055323,0,625903.439113013,0.1105978078,5654727.87225015,1e-04,"1_127_2",1,127,2,1892,3,4287.69754009787,620286.991920327,130010.363601743,0.0087454659113624,0.0087454659113624,114.344965738277,114.344965738277,1,FALSE,0.00782942360134586,0.00074135540919751,0,0.019703727690251,0.216445465008253
"591","Facebook_Impressions",25371.2318878041,180129.219328947,0.0170544816418102,1594.06388786678,0.0170544816418102,180129.219328947,0.0170544816418102,1594.06388786678,0.0170544816418102,TRUE,0.244677122195661,0.244677122195661,161373.82300885,18235242,NA,NA,0.271018113772493,0.271018113772493,0.63794629676,0.157662493091697,-0.115681418004208,-0.364753879694001,0.145942421864797,0.213167432833109,0.297737645628196,0.213167432833109,0.0430752790055323,0,625903.439113013,0.1105978078,5654727.87225015,1e-04,"1_127_2",1,127,2,1892,3,1594.06388786678,166205.961701477,4832.13869262699,0.00987808219539651,0.00987808219539651,101.234225451782,101.234225451782,1,FALSE,0.00891222269670811,0.000954082668229271,0,0.0241936972477182,8.078559093757e-05
"592","Affiliate_Impressions",0,0,0,0,0,0,0,0,0,TRUE,0.0119589773890613,0.0119589773890613,7887.3982300885,891276,NA,NA,0,0,0.63794629676,0.157662493091697,-0.115681418004208,-0.364753879694001,0.145942421864797,0.213167432833109,0.297737645628196,0.213167432833109,0.0430752790055323,0,625903.439113013,0.1105978078,5654727.87225015,1e-04,"1_127_2",1,127,2,1892,3,0,10539.5237095601,2652.12547947164,0,0,Inf,Inf,1,FALSE,0,0,0,0,NA
"593","Organic_Views",0,0,0,0,0,0,0,0,0,TRUE,NA,NA,NA,NA,8051.88495575221,8051.88495575221,NA,NA,0.63794629676,0.157662493091697,-0.115681418004208,-0.364753879694001,0.145942421864797,0.213167432833109,0.297737645628196,0.213167432833109,0.0430752790055323,0,625903.439113013,0.1105978078,5654727.87225015,1e-04,"1_127_2",1,127,2,1892,3,0,8076.62201498841,24.7370592361937,NA,NA,NA,NA,1,FALSE,NA,NA,NA,NA,NA
"594","Email_Impressions",14957.3524816135,320685.862276713,0.0303622653301945,2837.92798474967,0.0303622653301945,320685.862276713,0.0303622653301945,2837.92798474967,0.0303622653301945,TRUE,NA,NA,NA,NA,389433.016085841,389433.016085841,NA,NA,0.63794629676,0.157662493091697,-0.115681418004208,-0.364753879694001,0.145942421864797,0.213167432833109,0.297737645628196,0.213167432833109,0.0430752790055323,0,625903.439113013,0.1105978078,5654727.87225015,1e-04,"1_127_2",1,127,2,1892,3,2837.92798474967,483892.285720343,94459.2696345019,NA,NA,NA,NA,1,FALSE,NA,NA,NA,NA,0.020585502761258
"595","(Intercept)",64572.3124051228,7296671.30177888,0.688497080266086,64572.3124051228,0.688497080266086,7296671.30177888,0.688497080266086,64572.3124051228,0.688497080266086,TRUE,NA,NA,NA,NA,NA,NA,NA,NA,0.63407899775,0.178375037953712,-0.0984534700683328,-0.316161158713351,0.144136938079535,0.211515202629369,0.292389058027065,0.211515202629369,0.0656413794040608,0,555072.539853976,0.09807059435,5654727.87225015,1e-04,"1_127_12",1,127,12,1902,2,NA,NA,NA,NA,NA,NA,NA,3,FALSE,NA,NA,NA,NA,NA
"596","trend",0.180838155492357,2165513.56861255,0.204332867358688,19163.8368903765,0.204332867358688,2165513.56861255,0.204332867358688,19163.8368903765,0.204332867358688,TRUE,NA,NA,NA,NA,NA,NA,NA,NA,0.63407899775,0.178375037953712,-0.0984534700683328,-0.316161158713351,0.144136938079535,0.211515202629369,0.292389058027065,0.211515202629369,0.0656413794040608,0,555072.539853976,0.09807059435,5654727.87225015,1e-04,"1_127_12",1,127,12,1902,2,NA,NA,NA,NA,NA,NA,NA,3,FALSE,NA,NA,NA,NA,NA
"597","season",0.0648006722280837,-18503.3039931282,-0.00174592910214262,-163.746053036533,-0.00174592910214261,-18503.3039931282,-0.00174592910214262,-163.746053036533,-0.00174592910214261,FALSE,NA,NA,NA,NA,NA,NA,NA,NA,0.63407899775,0.178375037953712,-0.0984534700683328,-0.316161158713351,0.144136938079535,0.211515202629369,0.292389058027065,0.211515202629369,0.0656413794040608,0,555072.539853976,0.09807059435,5654727.87225015,1e-04,"1_127_12",1,127,12,1902,2,NA,NA,NA,NA,NA,NA,NA,3,FALSE,NA,NA,NA,NA,NA
"598","holiday",0,0,0,0,0,0,0,0,0,TRUE,NA,NA,NA,NA,NA,NA,NA,NA,0.63407899775,0.178375037953712,-0.0984534700683328,-0.316161158713351,0.144136938079535,0.211515202629369,0.292389058027065,0.211515202629369,0.0656413794040608,0,555072.539853976,0.09807059435,5654727.87225015,1e-04,"1_127_12",1,127,12,1902,2,NA,NA,NA,NA,NA,NA,NA,3,FALSE,NA,NA,NA,NA,NA
"599","Google_Impressions",28320.3632379913,542815.329314425,0.0512188029170978,4803.67548065863,0.0512188029170978,542815.329314425,0.0512188029170978,4803.67548065863,0.0512188029170978,TRUE,0.743363900415277,0.743363900415277,490276.628318584,55401259,NA,NA,0.716108098732898,0.716108098732898,0.63407899775,0.178375037953712,-0.0984534700683328,-0.316161158713351,0.144136938079535,0.211515202629369,0.292389058027065,0.211515202629369,0.0656413794040608,0,555072.539853976,0.09807059435,5654727.87225015,1e-04,"1_127_12",1,127,12,1902,2,4803.67548065863,645300.566923928,155023.938605343,0.00979788797425028,0.00979788797425028,102.062812172183,102.062812172183,3,FALSE,0.00614836150170441,0.000208230508885948,0.00308252913534494,0.00922081584551984,0.285421246073458
"600","Facebook_Impressions",25156.228744501,215192.198145323,0.020305039653215,1904.35573579932,0.020305039653215,215192.198145323,0.020305039653215,1904.35573579932,0.020305039653215,TRUE,0.244677122195661,0.244677122195661,161373.82300885,18235242,NA,NA,0.283891901267102,0.283891901267102,0.63407899775,0.178375037953712,-0.0984534700683328,-0.316161158713351,0.144136938079535,0.211515202629369,0.292389058027065,0.211515202629369,0.0656413794040608,0,555072.539853976,0.09807059435,5654727.87225015,1e-04,"1_127_12",1,127,12,1902,2,1904.35573579932,170515.080100064,9141.25709121427,0.0118008962066598,0.0118008962066598,84.7393267839823,84.7393267839823,3,FALSE,0.00666154589379305,0.000271917387353167,0.00265856156013475,0.0106742308008493,0.000585335330081377
"601","Affiliate_Impressions",0,0,0,0,0,0,0,0,0,TRUE,0.0119589773890613,0.0119589773890613,7887.3982300885,891276,NA,NA,0,0,0.63407899775,0.178375037953712,-0.0984534700683328,-0.316161158713351,0.144136938079535,0.211515202629369,0.292389058027065,0.211515202629369,0.0656413794040608,0,555072.539853976,0.09807059435,5654727.87225015,1e-04,"1_127_12",1,127,12,1902,2,0,8379.7869845724,492.388754483906,0,0,Inf,Inf,3,FALSE,0,0,0,0,NA
"602","Organic_Views",0,0,0,0,0,0,0,0,0,TRUE,NA,NA,NA,NA,8051.88495575221,8051.88495575221,NA,NA,0.63407899775,0.178375037953712,-0.0984534700683328,-0.316161158713351,0.144136938079535,0.211515202629369,0.292389058027065,0.211515202629369,0.0656413794040608,0,555072.539853976,0.09807059435,5654727.87225015,1e-04,"1_127_12",1,127,12,1902,2,0,8192.27277560156,140.387819849346,NA,NA,NA,NA,3,FALSE,NA,NA,NA,NA,NA
"603","Email_Impressions",17883.4555183075,396280.760943522,0.0373921389070551,3506.90938888073,0.037392138907055,396280.760943522,0.0373921389070551,3506.90938888073,0.037392138907055,TRUE,NA,NA,NA,NA,389433.016085841,389433.016085841,NA,NA,0.63407899775,0.178375037953712,-0.0984534700683328,-0.316161158713351,0.144136938079535,0.211515202629369,0.292389058027065,0.211515202629369,0.0656413794040608,0,555072.539853976,0.09807059435,5654727.87225015,1e-04,"1_127_12",1,127,12,1902,2,3506.90938888073,433667.579141704,44234.5630558637,NA,NA,NA,NA,3,FALSE,NA,NA,NA,NA,0.0116513590222166
"604","(Intercept)",73003.6179450524,8249408.82779092,0.790163275698904,73003.6179450524,0.790163275698904,8249408.82779092,0.790163275698904,73003.6179450524,0.790163275698904,TRUE,NA,NA,NA,NA,NA,NA,NA,NA,0.63976620461,0.0616722904230634,-0.126861720123239,-0.564392051501427,0.154033700927282,0.214232851356192,0.318771423190404,0.214232851356192,0.0235278517411704,0,996942.242220377,0.176220048,5654727.87225015,1e-04,"1_128_1",1,128,1,1906,3,NA,NA,NA,NA,NA,NA,NA,1,FALSE,NA,NA,NA,NA,NA
"605","trend",0.115026035399412,1377421.92582616,0.131935299080304,12189.5745648333,0.131935299080304,1377421.92582616,0.131935299080304,12189.5745648333,0.131935299080304,TRUE,NA,NA,NA,NA,NA,NA,NA,NA,0.63976620461,0.0616722904230634,-0.126861720123239,-0.564392051501427,0.154033700927282,0.214232851356192,0.318771423190404,0.214232851356192,0.0235278517411704,0,996942.242220377,0.176220048,5654727.87225015,1e-04,"1_128_1",1,128,1,1906,3,NA,NA,NA,NA,NA,NA,NA,1,FALSE,NA,NA,NA,NA,NA
"606","season",0.0387151802017017,-11054.804275786,-0.00105887591960992,-97.830126334389,-0.00105887591960992,-11054.804275786,-0.00105887591960992,-97.830126334389,-0.00105887591960992,FALSE,NA,NA,NA,NA,NA,NA,NA,NA,0.63976620461,0.0616722904230634,-0.126861720123239,-0.564392051501427,0.154033700927282,0.214232851356192,0.318771423190404,0.214232851356192,0.0235278517411704,0,996942.242220377,0.176220048,5654727.87225015,1e-04,"1_128_1",1,128,1,1906,3,NA,NA,NA,NA,NA,NA,NA,1,FALSE,NA,NA,NA,NA,NA
"607","holiday",0,0,0,0,0,0,0,0,0,TRUE,NA,NA,NA,NA,NA,NA,NA,NA,0.63976620461,0.0616722904230634,-0.126861720123239,-0.564392051501427,0.154033700927282,0.214232851356192,0.318771423190404,0.214232851356192,0.0235278517411704,0,996942.242220377,0.176220048,5654727.87225015,1e-04,"1_128_1",1,128,1,1906,3,NA,NA,NA,NA,NA,NA,NA,1,FALSE,NA,NA,NA,NA,NA
"608","Google_Impressions",16572.8785401697,329077.707684129,0.0315204549672936,2912.19210339937,0.0315204549672936,329077.707684129,0.0315204549672936,2912.19210339937,0.0315204549672936,TRUE,0.743363900415277,0.743363900415277,490276.628318584,55401259,NA,NA,0.74238452133332,0.74238452133332,0.63976620461,0.0616722904230634,-0.126861720123239,-0.564392051501427,0.154033700927282,0.214232851356192,0.318771423190404,0.214232851356192,0.0235278517411704,0,996942.242220377,0.176220048,5654727.87225015,1e-04,"1_128_1",1,128,1,1906,3,2912.19210339937,657063.153529155,166786.525210571,0.00593989583673773,0.00593989583673773,168.353120574117,168.353120574117,1,FALSE,0.00782942360134586,0.00074135540919751,0,0.019703727690251,0.29101550593877
"609","Facebook_Impressions",19400.7470242563,114193.532795275,0.0109379396537081,1010.56223712632,0.0109379396537082,114193.532795275,0.0109379396537081,1010.56223712632,0.0109379396537082,TRUE,0.244677122195661,0.244677122195661,161373.82300885,18235242,NA,NA,0.25761547866668,0.25761547866668,0.63976620461,0.0616722904230634,-0.126861720123239,-0.564392051501427,0.154033700927282,0.214232851356192,0.318771423190404,0.214232851356192,0.0235278517411704,0,996942.242220377,0.176220048,5654727.87225015,1e-04,"1_128_1",1,128,1,1906,3,1010.56223712632,161497.030922886,123.207914036837,0.00626224388989598,0.00626224388989598,159.687169261083,159.687169261083,1,FALSE,0.00891222269670811,0.000954082668229271,0,0.0241936972477182,1.80655540235823e-09
"610","Affiliate_Impressions",0,0,0,0,0,0,0,0,0,TRUE,0.0119589773890613,0.0119589773890613,7887.3982300885,891276,NA,NA,0,0,0.63976620461,0.0616722904230634,-0.126861720123239,-0.564392051501427,0.154033700927282,0.214232851356192,0.318771423190404,0.214232851356192,0.0235278517411704,0,996942.242220377,0.176220048,5654727.87225015,1e-04,"1_128_1",1,128,1,1906,3,0,10089.0147027203,2201.6164726318,0,0,Inf,Inf,1,FALSE,0,0,0,0,NA
"611","Organic_Views",0,0,0,0,0,0,0,0,0,TRUE,NA,NA,NA,NA,8051.88495575221,8051.88495575221,NA,NA,0.63976620461,0.0616722904230634,-0.126861720123239,-0.564392051501427,0.154033700927282,0.214232851356192,0.318771423190404,0.214232851356192,0.0235278517411704,0,996942.242220377,0.176220048,5654727.87225015,1e-04,"1_128_1",1,128,1,1906,3,0,8983.47431967612,931.589363923905,NA,NA,NA,NA,1,FALSE,NA,NA,NA,NA,NA
"612","Email_Impressions",12165.7495241541,381084.718985447,0.0365019065194,3372.43114146413,0.0365019065194,381084.718985447,0.0365019065194,3372.43114146413,0.0365019065194,TRUE,NA,NA,NA,NA,389433.016085841,389433.016085841,NA,NA,0.63976620461,0.0616722904230634,-0.126861720123239,-0.564392051501427,0.154033700927282,0.214232851356192,0.318771423190404,0.214232851356192,0.0235278517411704,0,996942.242220377,0.176220048,5654727.87225015,1e-04,"1_128_1",1,128,1,1906,3,3372.43114146413,548310.092361597,158877.076275756,NA,NA,NA,NA,1,FALSE,NA,NA,NA,NA,0.228226631730146
"613","(Intercept)",72205.3402177302,8159203.44460352,0.778415153342075,72205.3402177302,0.778415153342075,8159203.44460352,0.778415153342075,72205.3402177302,0.778415153342075,TRUE,NA,NA,NA,NA,NA,NA,NA,NA,0.63514245029,0.0954725366802687,-0.116984541886878,-0.49178086413461,0.151233971852305,0.2132918870466,0.311285647473296,0.2132918870466,0.0418820443259187,0,854666.128569679,0.1510569728,5654727.87225015,1e-04,"1_128_7",1,128,7,1912,3,NA,NA,NA,NA,NA,NA,NA,1,FALSE,NA,NA,NA,NA,NA
"614","trend",0.130841047511498,1566804.65439497,0.14947837660729,13865.5279149998,0.14947837660729,1566804.65439497,0.14947837660729,13865.5279149998,0.14947837660729,TRUE,NA,NA,NA,NA,NA,NA,NA,NA,0.63514245029,0.0954725366802687,-0.116984541886878,-0.49178086413461,0.151233971852305,0.2132918870466,0.311285647473296,0.2132918870466,0.0418820443259187,0,854666.128569679,0.1510569728,5654727.87225015,1e-04,"1_128_7",1,128,7,1912,3,NA,NA,NA,NA,NA,NA,NA,1,FALSE,NA,NA,NA,NA,NA
"615","season",0.0442817608148567,-12644.296016318,-0.00120630790606828,-111.896424923168,-0.00120630790606828,-12644.296016318,-0.00120630790606828,-111.896424923168,-0.00120630790606828,FALSE,NA,NA,NA,NA,NA,NA,NA,NA,0.63514245029,0.0954725366802687,-0.116984541886878,-0.49178086413461,0.151233971852305,0.2132918870466,0.311285647473296,0.2132918870466,0.0418820443259187,0,854666.128569679,0.1510569728,5654727.87225015,1e-04,"1_128_7",1,128,7,1912,3,NA,NA,NA,NA,NA,NA,NA,1,FALSE,NA,NA,NA,NA,NA
"616","holiday",0,0,0,0,0,0,0,0,0,TRUE,NA,NA,NA,NA,NA,NA,NA,NA,0.63514245029,0.0954725366802687,-0.116984541886878,-0.49178086413461,0.151233971852305,0.2132918870466,0.311285647473296,0.2132918870466,0.0418820443259187,0,854666.128569679,0.1510569728,5654727.87225015,1e-04,"1_128_7",1,128,7,1912,3,NA,NA,NA,NA,NA,NA,NA,1,FALSE,NA,NA,NA,NA,NA
"617","Google_Impressions",18351.8922038852,373166.41597922,0.0356013175659567,3302.35766353292,0.0356013175659567,373166.41597922,0.0356013175659567,3302.35766353292,0.0356013175659567,TRUE,0.743363900415277,0.743363900415277,490276.628318584,55401259,NA,NA,0.729694486971541,0.729694486971541,0.63514245029,0.0954725366802687,-0.116984541886878,-0.49178086413461,0.151233971852305,0.2132918870466,0.311285647473296,0.2132918870466,0.0418820443259187,0,854666.128569679,0.1510569728,5654727.87225015,1e-04,"1_128_7",1,128,7,1912,3,3302.35766353292,654726.065668105,164449.437349521,0.00673570281099966,0.00673570281099966,148.462607104185,148.462607104185,1,FALSE,0.00782942360134586,0.00074135540919751,0,0.019703727690251,0.262555820372644
"618","Facebook_Impressions",20490.2312078929,138234.482125378,0.0131880294849073,1223.31400110954,0.0131880294849073,138234.482125378,0.0131880294849073,1223.31400110954,0.0131880294849073,TRUE,0.244677122195661,0.244677122195661,161373.82300885,18235242,NA,NA,0.270305513028459,0.270305513028459,0.63514245029,0.0954725366802687,-0.116984541886878,-0.49178086413461,0.151233971852305,0.2132918870466,0.311285647473296,0.2132918870466,0.0418820443259187,0,854666.128569679,0.1510569728,5654727.87225015,1e-04,"1_128_7",1,128,7,1912,3,1223.31400110954,166570.863220551,5197.04021170172,0.00758062229858963,0.00758062229858963,131.915291464403,131.915291464403,1,FALSE,0.00891222269670811,0.000954082668229271,0,0.0241936972477182,0.000109621358764484
"619","Affiliate_Impressions",0,0,0,0,0,0,0,0,0,TRUE,0.0119589773890613,0.0119589773890613,7887.3982300885,891276,NA,NA,0,0,0.63514245029,0.0954725366802687,-0.116984541886878,-0.49178086413461,0.151233971852305,0.2132918870466,0.311285647473296,0.2132918870466,0.0418820443259187,0,854666.128569679,0.1510569728,5654727.87225015,1e-04,"1_128_7",1,128,7,1912,3,0,10985.7973317695,3098.39910168101,0,0,Inf,Inf,1,FALSE,0,0,0,0,NA
"620","Organic_Views",0,0,0,0,0,0,0,0,0,TRUE,NA,NA,NA,NA,8051.88495575221,8051.88495575221,NA,NA,0.63514245029,0.0954725366802687,-0.116984541886878,-0.49178086413461,0.151233971852305,0.2132918870466,0.311285647473296,0.2132918870466,0.0418820443259187,0,854666.128569679,0.1510569728,5654727.87225015,1e-04,"1_128_7",1,128,7,1912,3,0,8769.14200511928,717.257049367064,NA,NA,NA,NA,1,FALSE,NA,NA,NA,NA,NA
"621","Email_Impressions",15949.0794548312,257050.060062857,0.0245234309058391,2274.77929259166,0.0245234309058391,257050.060062857,0.0245234309058391,2274.77929259166,0.0245234309058391,TRUE,NA,NA,NA,NA,389433.016085841,389433.016085841,NA,NA,0.63514245029,0.0954725366802687,-0.116984541886878,-0.49178086413461,0.151233971852305,0.2132918870466,0.311285647473296,0.2132918870466,0.0418820443259187,0,854666.128569679,0.1510569728,5654727.87225015,1e-04,"1_128_7",1,128,7,1912,3,2274.77929259166,537403.225726339,147970.209640498,NA,NA,NA,NA,1,FALSE,NA,NA,NA,NA,0.0504129306561699
"622","(Intercept)",74018.2836689816,8364066.05459492,0.801588258197395,74018.2836689816,0.801588258197395,8364066.05459492,0.801588258197395,74018.2836689816,0.801588258197395,TRUE,NA,NA,NA,NA,NA,NA,NA,NA,0.63834955373,0.0583242850967657,-0.127200700575144,-0.572221429981372,0.154308256633214,0.214265071497706,0.319568111981353,0.214265071497706,0.0215801313608841,0,1039116.59206301,0.1836790396,5654727.87225015,1e-04,"1_128_10",1,128,10,1915,1,NA,NA,NA,NA,NA,NA,NA,3,FALSE,NA,NA,NA,NA,NA
"623","trend",0.111447019187555,1334563.66868481,0.127900779316166,11810.2979529629,0.127900779316166,1334563.66868481,0.127900779316166,11810.2979529629,0.127900779316166,TRUE,NA,NA,NA,NA,NA,NA,NA,NA,0.63834955373,0.0583242850967657,-0.127200700575144,-0.572221429981372,0.154308256633214,0.214265071497706,0.319568111981353,0.214265071497706,0.0215801313608841,0,1039116.59206301,0.1836790396,5654727.87225015,1e-04,"1_128_10",1,128,10,1915,1,NA,NA,NA,NA,NA,NA,NA,3,FALSE,NA,NA,NA,NA,NA
"624","season",0.0372202910552699,-10627.9508595884,-0.00101855252722028,-94.0526624742338,-0.00101855252722028,-10627.9508595884,-0.00101855252722028,-94.0526624742338,-0.00101855252722028,FALSE,NA,NA,NA,NA,NA,NA,NA,NA,0.63834955373,0.0583242850967657,-0.127200700575144,-0.572221429981372,0.154308256633214,0.214265071497706,0.319568111981353,0.214265071497706,0.0215801313608841,0,1039116.59206301,0.1836790396,5654727.87225015,1e-04,"1_128_10",1,128,10,1915,1,NA,NA,NA,NA,NA,NA,NA,3,FALSE,NA,NA,NA,NA,NA
"625","holiday",0,0,0,0,0,0,0,0,0,TRUE,NA,NA,NA,NA,NA,NA,NA,NA,0.63834955373,0.0583242850967657,-0.127200700575144,-0.572221429981372,0.154308256633214,0.214265071497706,0.319568111981353,0.214265071497706,0.0215801313608841,0,1039116.59206301,0.1836790396,5654727.87225015,1e-04,"1_128_10",1,128,10,1915,1,NA,NA,NA,NA,NA,NA,NA,3,FALSE,NA,NA,NA,NA,NA
"626","Google_Impressions",16855.8084046716,313391.448519108,0.0300345434520312,2773.37565061157,0.0300345434520312,313391.448519108,0.0300345434520312,2773.37565061157,0.0300345434520312,TRUE,0.743363900415277,0.743363900415277,490276.628318584,55401259,NA,NA,0.74447349671698,0.74447349671698,0.63834955373,0.0583242850967657,-0.127200700575144,-0.572221429981372,0.154308256633214,0.214265071497706,0.319568111981353,0.214265071497706,0.0215801313608841,0,1039116.59206301,0.1836790396,5654727.87225015,1e-04,"1_128_10",1,128,10,1915,1,2773.37565061157,646748.229416481,156471.601097897,0.00565675679895845,0.00565675679895845,176.779740678285,176.779740678285,3,FALSE,0.00614836150170441,0.000208230508885948,0.00308252913534494,0.00922081584551984,0.24584065499154
"627","Facebook_Impressions",20283.4487810088,107565.711005198,0.0103087912462209,951.908946948659,0.0103087912462209,107565.711005198,0.0103087912462209,951.908946948659,0.0103087912462209,TRUE,0.244677122195661,0.244677122195661,161373.82300885,18235242,NA,NA,0.25552650328302,0.25552650328302,0.63834955373,0.0583242850967657,-0.127200700575144,-0.572221429981372,0.154308256633214,0.214265071497706,0.319568111981353,0.214265071497706,0.0215801313608841,0,1039116.59206301,0.1836790396,5654727.87225015,1e-04,"1_128_10",1,128,10,1915,1,951.908946948659,164212.276313911,2838.45330506169,0.00589878165615781,0.00589878165615781,169.526532475751,169.526532475751,3,FALSE,0.00666154589379305,0.000271917387353167,0.00265856156013475,0.0106742308008493,1.29666178254523e-05
"628","Affiliate_Impressions",0,0,0,0,0,0,0,0,0,TRUE,0.0119589773890613,0.0119589773890613,7887.3982300885,891276,NA,NA,0,0,0.63834955373,0.0583242850967657,-0.127200700575144,-0.572221429981372,0.154308256633214,0.214265071497706,0.319568111981353,0.214265071497706,0.0215801313608841,0,1039116.59206301,0.1836790396,5654727.87225015,1e-04,"1_128_10",1,128,10,1915,1,0,10311.4001765871,2424.00194649861,0,0,Inf,Inf,3,FALSE,0,0,0,0,NA
"629","Organic_Views",0,0,0,0,0,0,0,0,0,TRUE,NA,NA,NA,NA,8051.88495575221,8051.88495575221,NA,NA,0.63834955373,0.0583242850967657,-0.127200700575144,-0.572221429981372,0.154308256633214,0.214265071497706,0.319568111981353,0.214265071497706,0.0215801313608841,0,1039116.59206301,0.1836790396,5654727.87225015,1e-04,"1_128_10",1,128,10,1915,1,0,9089.89659610592,1038.01164035371,NA,NA,NA,NA,3,FALSE,NA,NA,NA,NA,NA
"630","Email_Impressions",11337.2764442401,325408.050181721,0.0311861803154075,2879.71725824532,0.0311861803154075,325408.050181721,0.0311861803154075,2879.71725824532,0.0311861803154075,TRUE,NA,NA,NA,NA,389433.016085841,389433.016085841,NA,NA,0.63834955373,0.0583242850967657,-0.127200700575144,-0.572221429981372,0.154308256633214,0.214265071497706,0.319568111981353,0.214265071497706,0.0215801313608841,0,1039116.59206301,0.1836790396,5654727.87225015,1e-04,"1_128_10",1,128,10,1915,1,2879.71725824532,453169.755573534,63736.7394876934,NA,NA,NA,NA,3,FALSE,NA,NA,NA,NA,0.0779423546880193
"631","(Intercept)",71171.1085391904,8042335.26492851,0.767780001412947,71171.1085391904,0.767780001412947,8042335.26492851,0.767780001412947,71171.1085391904,0.767780001412947,TRUE,NA,NA,NA,NA,NA,NA,NA,NA,0.63984335927,0.0912861195280151,-0.123930787064508,-0.503065176608709,0.151583545322396,0.213954063393339,0.31246076203273,0.213954063393339,0.0253873977507894,0,865464.779819506,0.1529668315,5654727.87225015,1e-04,"1_128_15",1,128,15,1920,1,NA,NA,NA,NA,NA,NA,NA,3,FALSE,NA,NA,NA,NA,NA
"632","trend",0.1292561741405,1547826.00035992,0.14776676296072,13697.575224424,0.14776676296072,1547826.00035992,0.14776676296072,13697.575224424,0.14776676296072,TRUE,NA,NA,NA,NA,NA,NA,NA,NA,0.63984335927,0.0912861195280151,-0.123930787064508,-0.503065176608709,0.151583545322396,0.213954063393339,0.31246076203273,0.213954063393339,0.0253873977507894,0,865464.779819506,0.1529668315,5654727.87225015,1e-04,"1_128_15",1,128,15,1920,1,NA,NA,NA,NA,NA,NA,NA,3,FALSE,NA,NA,NA,NA,NA
"633","season",0.0438485134135752,-12520.5857507527,-0.00119530646618589,-110.801643811971,-0.00119530646618589,-12520.5857507527,-0.00119530646618589,-110.801643811971,-0.00119530646618589,FALSE,NA,NA,NA,NA,NA,NA,NA,NA,0.63984335927,0.0912861195280151,-0.123930787064508,-0.503065176608709,0.151583545322396,0.213954063393339,0.31246076203273,0.213954063393339,0.0253873977507894,0,865464.779819506,0.1529668315,5654727.87225015,1e-04,"1_128_15",1,128,15,1920,1,NA,NA,NA,NA,NA,NA,NA,3,FALSE,NA,NA,NA,NA,NA
"634","holiday",0,0,0,0,0,0,0,0,0,TRUE,NA,NA,NA,NA,NA,NA,NA,NA,0.63984335927,0.0912861195280151,-0.123930787064508,-0.503065176608709,0.151583545322396,0.213954063393339,0.31246076203273,0.213954063393339,0.0253873977507894,0,865464.779819506,0.1529668315,5654727.87225015,1e-04,"1_128_15",1,128,15,1920,1,NA,NA,NA,NA,NA,NA,NA,3,FALSE,NA,NA,NA,NA,NA
"635","Google_Impressions",21256.0155136479,369062.397640912,0.0352333891646985,3266.03891717621,0.0352333891646985,369062.397640912,0.0352333891646985,3266.03891717621,0.0352333891646985,TRUE,0.743363900415277,0.743363900415277,490276.628318584,55401259,NA,NA,0.740740576494882,0.740740576494882,0.63984335927,0.0912861195280151,-0.123930787064508,-0.503065176608709,0.151583545322396,0.213954063393339,0.31246076203273,0.213954063393339,0.0253873977507894,0,865464.779819506,0.1529668315,5654727.87225015,1e-04,"1_128_15",1,128,15,1920,1,3266.03891717621,676347.390009973,186070.761691389,0.00666162474107153,0.00666162474107153,150.113529186747,150.113529186748,3,FALSE,0.00614836150170441,0.000208230508885948,0.00308252913534494,0.00922081584551984,0.274263572683053
"636","Facebook_Impressions",21566.9817397775,129171.949648772,0.0123316967543418,1143.1145986617,0.0123316967543418,129171.949648772,0.0123316967543418,1143.1145986617,0.0123316967543418,TRUE,0.244677122195661,0.244677122195661,161373.82300885,18235242,NA,NA,0.259259423505118,0.259259423505118,0.63984335927,0.0912861195280151,-0.123930787064508,-0.503065176608709,0.151583545322396,0.213954063393339,0.31246076203273,0.213954063393339,0.0253873977507894,0,865464.779819506,0.1529668315,5654727.87225015,1e-04,"1_128_15",1,128,15,1920,1,1143.1145986617,162907.444537224,1533.62152837443,0.0070836432907648,0.0070836432907648,141.170293160263,141.170293160263,3,FALSE,0.00666154589379305,0.000271917387353167,0.00265856156013475,0.0106742308008493,2.52083333371406e-06
"637","Affiliate_Impressions",0,0,0,0,0,0,0,0,0,TRUE,0.0119589773890613,0.0119589773890613,7887.3982300885,891276,NA,NA,0,0,0.63984335927,0.0912861195280151,-0.123930787064508,-0.503065176608709,0.151583545322396,0.213954063393339,0.31246076203273,0.213954063393339,0.0253873977507894,0,865464.779819506,0.1529668315,5654727.87225015,1e-04,"1_128_15",1,128,15,1920,1,0,9848.58092140644,1961.18269131794,0,0,Inf,Inf,3,FALSE,0,0,0,0,NA
"638","Organic_Views",0,0,0,0,0,0,0,0,0,TRUE,NA,NA,NA,NA,8051.88495575221,8051.88495575221,NA,NA,0.63984335927,0.0912861195280151,-0.123930787064508,-0.503065176608709,0.151583545322396,0.213954063393339,0.31246076203273,0.213954063393339,0.0253873977507894,0,865464.779819506,0.1529668315,5654727.87225015,1e-04,"1_128_15",1,128,15,1920,1,0,8655.67347624554,603.788520493328,NA,NA,NA,NA,3,FALSE,NA,NA,NA,NA,NA
"639","Email_Impressions",14372.448481254,398916.254696243,0.0380834561734789,3530.23234244463,0.0380834561734789,398916.254696243,0.0380834561734789,3530.23234244463,0.0380834561734789,TRUE,NA,NA,NA,NA,389433.016085841,389433.016085841,NA,NA,0.63984335927,0.0912861195280151,-0.123930787064508,-0.503065176608709,0.151583545322396,0.213954063393339,0.31246076203273,0.213954063393339,0.0253873977507894,0,865464.779819506,0.1529668315,5654727.87225015,1e-04,"1_128_15",1,128,15,1920,1,3530.23234244463,488559.74529517,99126.7292093291,NA,NA,NA,NA,3,FALSE,NA,NA,NA,NA,0.132172109139383
"640","(Intercept)",69719.002663426,7878247.30096714,0.748707987528875,69719.002663426,0.748707987528875,7878247.30096714,0.748707987528875,69719.002663426,0.748707987528875,TRUE,NA,NA,NA,NA,NA,NA,NA,NA,0.6352717004,0.127167313696868,-0.114899414129001,-0.426321700742397,0.148560714757063,0.213092713035611,0.304379448608553,0.213092713035611,0.0410576162047307,0,724198.553853311,0.1279823659,5654727.87225015,1e-04,"1_129_2",1,129,2,1922,1,NA,NA,NA,NA,NA,NA,NA,1,FALSE,NA,NA,NA,NA,NA
"641","trend",0.149061229223061,1784988.97844734,0.169636145548575,15796.3626411269,0.169636145548575,1784988.97844734,0.169636145548575,15796.3626411269,0.169636145548575,TRUE,NA,NA,NA,NA,NA,NA,NA,NA,0.6352717004,0.127167313696868,-0.114899414129001,-0.426321700742397,0.148560714757063,0.213092713035611,0.304379448608553,0.213092713035611,0.0410576162047307,0,724198.553853311,0.1279823659,5654727.87225015,1e-04,"1_129_2",1,129,2,1922,1,NA,NA,NA,NA,NA,NA,NA,1,FALSE,NA,NA,NA,NA,NA
"642","season",0.0512893716363898,-14645.2621921005,-0.00139181017855763,-129.604090195579,-0.00139181017855763,-14645.2621921005,-0.00139181017855763,-129.604090195579,-0.00139181017855763,FALSE,NA,NA,NA,NA,NA,NA,NA,NA,0.6352717004,0.127167313696868,-0.114899414129001,-0.426321700742397,0.148560714757063,0.213092713035611,0.304379448608553,0.213092713035611,0.0410576162047307,0,724198.553853311,0.1279823659,5654727.87225015,1e-04,"1_129_2",1,129,2,1922,1,NA,NA,NA,NA,NA,NA,NA,1,FALSE,NA,NA,NA,NA,NA
"643","holiday",0,0,0,0,0,0,0,0,0,TRUE,NA,NA,NA,NA,NA,NA,NA,NA,0.6352717004,0.127167313696868,-0.114899414129001,-0.426321700742397,0.148560714757063,0.213092713035611,0.304379448608553,0.213092713035611,0.0410576162047307,0,724198.553853311,0.1279823659,5654727.87225015,1e-04,"1_129_2",1,129,2,1922,1,NA,NA,NA,NA,NA,NA,NA,1,FALSE,NA,NA,NA,NA,NA
"644","Google_Impressions",23593.8939317448,431314.034749611,0.0409898611472501,3816.93836061603,0.0409898611472501,431314.034749611,0.0409898611472501,3816.93836061603,0.0409898611472501,TRUE,0.743363900415277,0.743363900415277,490276.628318584,55401259,NA,NA,0.73019010995916,0.73019010995916,0.6352717004,0.127167313696868,-0.114899414129001,-0.426321700742397,0.148560714757063,0.213092713035611,0.304379448608553,0.213092713035611,0.0410576162047307,0,724198.553853311,0.1279823659,5654727.87225015,1e-04,"1_129_2",1,129,2,1922,1,3816.93836061603,656735.924832099,166459.296513515,0.00778527496549512,0.00778527496549512,128.447614815414,128.447614815414,1,FALSE,0.00782942360134586,0.00074135540919751,0,0.019703727690251,0.264750358968731
"645","Facebook_Impressions",22447.7541136546,159373.279234599,0.0151460144119829,1410.3830020761,0.0151460144119829,159373.279234599,0.0151460144119829,1410.3830020761,0.0151460144119829,TRUE,0.244677122195661,0.244677122195661,161373.82300885,18235242,NA,NA,0.26980989004084,0.26980989004084,0.6352717004,0.127167313696868,-0.114899414129001,-0.426321700742397,0.148560714757063,0.213092713035611,0.304379448608553,0.213092713035611,0.0410576162047307,0,724198.553853311,0.1279823659,5654727.87225015,1e-04,"1_129_2",1,129,2,1922,1,1410.3830020761,166205.961701477,4832.13869262699,0.00873984996933952,0.00873984996933952,114.418440077132,114.418440077132,1,FALSE,0.00891222269670811,0.000954082668229271,0,0.0241936972477182,8.078559093757e-05
"646","Affiliate_Impressions",0,0,0,0,0,0,0,0,0,TRUE,0.0119589773890613,0.0119589773890613,7887.3982300885,891276,NA,NA,0,0,0.6352717004,0.127167313696868,-0.114899414129001,-0.426321700742397,0.148560714757063,0.213092713035611,0.304379448608553,0.213092713035611,0.0410576162047307,0,724198.553853311,0.1279823659,5654727.87225015,1e-04,"1_129_2",1,129,2,1922,1,0,10539.5237095601,2652.12547947164,0,0,Inf,Inf,1,FALSE,0,0,0,0,NA
"647","Organic_Views",0,0,0,0,0,0,0,0,0,TRUE,NA,NA,NA,NA,8051.88495575221,8051.88495575221,NA,NA,0.6352717004,0.127167313696868,-0.114899414129001,-0.426321700742397,0.148560714757063,0.213092713035611,0.304379448608553,0.213092713035611,0.0410576162047307,0,724198.553853311,0.1279823659,5654727.87225015,1e-04,"1_129_2",1,129,2,1922,1,0,8485.35276059276,433.46780484055,NA,NA,NA,NA,1,FALSE,NA,NA,NA,NA,NA
"648","Email_Impressions",13207.9321299564,283178.263612762,0.0269118015418741,2506.0023328563,0.0269118015418741,283178.263612762,0.0269118015418741,2506.0023328563,0.0269118015418741,TRUE,NA,NA,NA,NA,389433.016085841,389433.016085841,NA,NA,0.6352717004,0.127167313696868,-0.114899414129001,-0.426321700742397,0.148560714757063,0.213092713035611,0.304379448608553,0.213092713035611,0.0410576162047307,0,724198.553853311,0.1279823659,5654727.87225015,1e-04,"1_129_2",1,129,2,1922,1,2506.0023328563,483892.285720343,94459.2696345019,NA,NA,NA,NA,1,FALSE,NA,NA,NA,NA,0.020585502761258
"649","(Intercept)",70724.8332814536,7991906.16080425,0.765037760118091,70724.8332814536,0.765037760118091,7991906.16080425,0.765037760118091,70724.8332814536,0.765037760118091,TRUE,NA,NA,NA,NA,NA,NA,NA,NA,0.64151403638,0.0667511334134173,-0.131166284711308,-0.555750066409442,0.153616269764267,0.214641641598919,0.317889728298943,0.214641641598919,0.0203952825287171,0,970414.399852225,0.1715283111,5654727.87225015,1e-04,"1_129_11",1,129,11,1931,2,NA,NA,NA,NA,NA,NA,NA,3,FALSE,NA,NA,NA,NA,NA
"650","trend",0.117936760040315,1412277.47767145,0.135192478045095,12498.0307758535,0.135192478045095,1412277.47767145,0.135192478045095,12498.0307758535,0.135192478045095,TRUE,NA,NA,NA,NA,NA,NA,NA,NA,0.64151403638,0.0667511334134173,-0.131166284711308,-0.555750066409442,0.153616269764267,0.214641641598919,0.317889728298943,0.214641641598919,0.0203952825287171,0,970414.399852225,0.1715283111,5654727.87225015,1e-04,"1_129_11",1,129,11,1931,2,NA,NA,NA,NA,NA,NA,NA,3,FALSE,NA,NA,NA,NA,NA
"651","season",0.0396751051220822,-11328.9030158401,-0.00108447702130692,-100.25577890124,-0.00108447702130692,-11328.9030158401,-0.00108447702130692,-100.25577890124,-0.00108447702130692,FALSE,NA,NA,NA,NA,NA,NA,NA,NA,0.64151403638,0.0667511334134173,-0.131166284711308,-0.555750066409442,0.153616269764267,0.214641641598919,0.317889728298943,0.214641641598919,0.0203952825287171,0,970414.399852225,0.1715283111,5654727.87225015,1e-04,"1_129_11",1,129,11,1931,2,NA,NA,NA,NA,NA,NA,NA,3,FALSE,NA,NA,NA,NA,NA
"652","holiday",0,0,0,0,0,0,0,0,0,TRUE,NA,NA,NA,NA,NA,NA,NA,NA,0.64151403638,0.0667511334134173,-0.131166284711308,-0.555750066409442,0.153616269764267,0.214641641598919,0.317889728298943,0.214641641598919,0.0203952825287171,0,970414.399852225,0.1715283111,5654727.87225015,1e-04,"1_129_11",1,129,11,1931,2,NA,NA,NA,NA,NA,NA,NA,3,FALSE,NA,NA,NA,NA,NA
"653","Google_Impressions",17926.6833848037,331740.240524652,0.0317563551730287,2935.75434092612,0.0317563551730287,331740.240524652,0.0317563551730287,2935.75434092612,0.0317563551730287,TRUE,0.743363900415277,0.743363900415277,490276.628318584,55401259,NA,NA,0.746224412012736,0.746224412012736,0.64151403638,0.0667511334134173,-0.131166284711308,-0.555750066409442,0.153616269764267,0.214641641598919,0.317889728298943,0.214641641598919,0.0203952825287171,0,970414.399852225,0.1715283111,5654727.87225015,1e-04,"1_129_11",1,129,11,1931,2,2935.75434092612,605943.202466446,115666.574147862,0.00598795490414129,0.00598795490414129,167.001925700609,167.001925700609,3,FALSE,0.00614836150170441,0.000208230508885948,0.00308252913534494,0.00922081584551984,0.197193475227988
"654","Facebook_Impressions",23685.7389003711,112818.038706489,0.0107996838171386,998.389723066272,0.0107996838171386,112818.038706489,0.0107996838171386,998.389723066272,0.0107996838171386,TRUE,0.244677122195661,0.244677122195661,161373.82300885,18235242,NA,NA,0.253775587987264,0.253775587987264,0.64151403638,0.0667511334134173,-0.131166284711308,-0.555750066409442,0.153616269764267,0.214641641598919,0.317889728298943,0.214641641598919,0.0203952825287171,0,970414.399852225,0.1715283111,5654727.87225015,1e-04,"1_129_11",1,129,11,1931,2,998.389723066272,163164.965903057,1791.14289420715,0.00618681335331271,0.00618681335331271,161.634098669641,161.634098669641,3,FALSE,0.00666154589379305,0.000271917387353167,0.00265856156013475,0.0106742308008493,3.48676897613773e-06
"655","Affiliate_Impressions",0,0,0,0,0,0,0,0,0,TRUE,0.0119589773890613,0.0119589773890613,7887.3982300885,891276,NA,NA,0,0,0.64151403638,0.0667511334134173,-0.131166284711308,-0.555750066409442,0.153616269764267,0.214641641598919,0.317889728298943,0.214641641598919,0.0203952825287171,0,970414.399852225,0.1715283111,5654727.87225015,1e-04,"1_129_11",1,129,11,1931,2,0,9647.56321617141,1760.16498608292,0,0,Inf,Inf,3,FALSE,0,0,0,0,NA
"656","Organic_Views",0,0,0,0,0,0,0,0,0,TRUE,NA,NA,NA,NA,8051.88495575221,8051.88495575221,NA,NA,0.64151403638,0.0667511334134173,-0.131166284711308,-0.555750066409442,0.153616269764267,0.214641641598919,0.317889728298943,0.214641641598919,0.0203952825287171,0,970414.399852225,0.1715283111,5654727.87225015,1e-04,"1_129_11",1,129,11,1931,2,0,8570.753457698,518.868501945787,NA,NA,NA,NA,3,FALSE,NA,NA,NA,NA,NA
"657","Email_Impressions",16510.8907530982,609007.511755467,0.0582981998679534,5389.44700668555,0.0582981998679534,609007.511755467,0.0582981998679534,5389.44700668555,0.0582981998679534,TRUE,NA,NA,NA,NA,389433.016085841,389433.016085841,NA,NA,0.64151403638,0.0667511334134173,-0.131166284711308,-0.555750066409442,0.153616269764267,0.214641641598919,0.317889728298943,0.214641641598919,0.0203952825287171,0,970414.399852225,0.1715283111,5654727.87225015,1e-04,"1_129_11",1,129,11,1931,2,5389.44700668555,457091.622103208,67658.6060173676,NA,NA,NA,NA,3,FALSE,NA,NA,NA,NA,0.271677737310712
"658","(Intercept)",66352.9819871828,7497886.96455166,0.714564114736509,66352.9819871828,0.714564114736509,7497886.96455166,0.714564114736509,66352.9819871828,0.714564114736509,TRUE,NA,NA,NA,NA,NA,NA,NA,NA,0.6387967799,0.10002166887347,-0.122040069213933,-0.481498956234214,0.150853192629325,0.213774026934586,0.310211044469658,0.213774026934586,0.0285824606100755,0,786716.743414502,0.1390393864,5654727.87225015,1e-04,"1_129_12",1,129,12,1932,1,NA,NA,NA,NA,NA,NA,NA,3,FALSE,NA,NA,NA,NA,NA
"659","trend",0.139073160705971,1665383.14726033,0.158714453811499,14737.903958056,0.158714453811499,1665383.14726033,0.158714453811499,14737.903958056,0.158714453811499,TRUE,NA,NA,NA,NA,NA,NA,NA,NA,0.6387967799,0.10002166887347,-0.122040069213933,-0.481498956234214,0.150853192629325,0.213774026934586,0.310211044469658,0.213774026934586,0.0285824606100755,0,786716.743414502,0.1390393864,5654727.87225015,1e-04,"1_129_12",1,129,12,1932,1,NA,NA,NA,NA,NA,NA,NA,3,FALSE,NA,NA,NA,NA,NA
"660","season",0.0480073364331673,-13708.1037801071,-0.00130641060456879,-121.310652921302,-0.00130641060456879,-13708.1037801071,-0.00130641060456879,-121.310652921302,-0.00130641060456879,FALSE,NA,NA,NA,NA,NA,NA,NA,NA,0.6387967799,0.10002166887347,-0.122040069213933,-0.481498956234214,0.150853192629325,0.213774026934586,0.310211044469658,0.213774026934586,0.0285824606100755,0,786716.743414502,0.1390393864,5654727.87225015,1e-04,"1_129_12",1,129,12,1932,1,NA,NA,NA,NA,NA,NA,NA,3,FALSE,NA,NA,NA,NA,NA
"661","holiday",0,0,0,0,0,0,0,0,0,TRUE,NA,NA,NA,NA,NA,NA,NA,NA,0.6387967799,0.10002166887347,-0.122040069213933,-0.481498956234214,0.150853192629325,0.213774026934586,0.310211044469658,0.213774026934586,0.0285824606100755,0,786716.743414502,0.1390393864,5654727.87225015,1e-04,"1_129_12",1,129,12,1932,1,NA,NA,NA,NA,NA,NA,NA,3,FALSE,NA,NA,NA,NA,NA
"662","Google_Impressions",21122.9228580907,406380.323771483,0.0387288842409842,3596.28605107507,0.0387288842409842,406380.323771483,0.0387288842409842,3596.28605107507,0.0387288842409842,TRUE,0.743363900415277,0.743363900415277,490276.628318584,55401259,NA,NA,0.738275131955155,0.738275131955155,0.6387967799,0.10002166887347,-0.122040069213933,-0.481498956234214,0.150853192629325,0.213774026934586,0.310211044469658,0.213774026934586,0.0285824606100755,0,786716.743414502,0.1390393864,5654727.87225015,1e-04,"1_129_12",1,129,12,1932,1,3596.28605107507,656597.133580404,166320.50526182,0.0073352182081545,0.0073352182081545,136.328596044806,136.328596044806,3,FALSE,0.00614836150170441,0.000208230508885948,0.00308252913534494,0.00922081584551984,0.30022286831757
"663","Facebook_Impressions",21862.7182475294,144065.311171247,0.0137297217240027,1274.91425815263,0.0137297217240027,144065.311171247,0.0137297217240027,1274.91425815263,0.0137297217240027,TRUE,0.244677122195661,0.244677122195661,161373.82300885,18235242,NA,NA,0.261724868044845,0.261724868044845,0.6387967799,0.10002166887347,-0.122040069213933,-0.481498956234214,0.150853192629325,0.213774026934586,0.310211044469658,0.213774026934586,0.0285824606100755,0,786716.743414502,0.1390393864,5654727.87225015,1e-04,"1_129_12",1,129,12,1932,1,1274.91425815263,163507.508583866,2133.68557501608,0.00790037835369812,0.00790037835369812,126.576216382334,126.576216382334,3,FALSE,0.00666154589379305,0.000271917387353167,0.00265856156013475,0.0106742308008493,6.67061026723201e-06
"664","Affiliate_Impressions",0,0,0,0,0,0,0,0,0,TRUE,0.0119589773890613,0.0119589773890613,7887.3982300885,891276,NA,NA,0,0,0.6387967799,0.10002166887347,-0.122040069213933,-0.481498956234214,0.150853192629325,0.213774026934586,0.310211044469658,0.213774026934586,0.0285824606100755,0,786716.743414502,0.1390393864,5654727.87225015,1e-04,"1_129_12",1,129,12,1932,1,0,9631.93628661882,1744.53805653032,0,0,Inf,Inf,3,FALSE,0,0,0,0,NA
"665","Organic_Views",0,0,0,0,0,0,0,0,0,TRUE,NA,NA,NA,NA,8051.88495575221,8051.88495575221,NA,NA,0.6387967799,0.10002166887347,-0.122040069213933,-0.481498956234214,0.150853192629325,0.213774026934586,0.310211044469658,0.213774026934586,0.0285824606100755,0,786716.743414502,0.1390393864,5654727.87225015,1e-04,"1_129_12",1,129,12,1932,1,0,8730.69946081923,678.814505067017,NA,NA,NA,NA,3,FALSE,NA,NA,NA,NA,NA
"666","Email_Impressions",18131.129002319,792944.367799768,0.0755692360915743,7017.20679468821,0.0755692360915742,792944.367799768,0.0755692360915743,7017.20679468821,0.0755692360915742,TRUE,NA,NA,NA,NA,389433.016085841,389433.016085841,NA,NA,0.6387967799,0.10002166887347,-0.122040069213933,-0.481498956234214,0.150853192629325,0.213774026934586,0.310211044469658,0.213774026934586,0.0285824606100755,0,786716.743414502,0.1390393864,5654727.87225015,1e-04,"1_129_12",1,129,12,1932,1,7017.20679468821,424386.764915108,34953.7488292672,NA,NA,NA,NA,3,FALSE,NA,NA,NA,NA,0.203360272295668
"667","(Intercept)",73034.9307650053,8252947.1764456,0.790240655929843,73034.9307650053,0.790240655929843,8252947.1764456,0.790240655929843,73034.9307650053,0.790240655929843,TRUE,NA,NA,NA,NA,NA,NA,NA,NA,0.63976620461,0.0644480362444383,-0.123829529786417,-0.555709559704204,0.153805702188158,0.213944425391464,0.31788558986128,0.213944425391464,0.0290581084358311,0,996942.242220377,0.176220048,5654727.87225015,1e-04,"1_130_1",1,130,1,1936,3,NA,NA,NA,NA,NA,NA,NA,1,FALSE,NA,NA,NA,NA,NA
"668","trend",0.114909718698578,1376029.04834837,0.131758276709782,12177.2482154723,0.131758276709782,1376029.04834837,0.131758276709782,12177.2482154723,0.131758276709782,TRUE,NA,NA,NA,NA,NA,NA,NA,NA,0.63976620461,0.0644480362444383,-0.123829529786417,-0.555709559704204,0.153805702188158,0.213944425391464,0.31788558986128,0.213944425391464,0.0290581084358311,0,996942.242220377,0.176220048,5654727.87225015,1e-04,"1_130_1",1,130,1,1936,3,NA,NA,NA,NA,NA,NA,NA,1,FALSE,NA,NA,NA,NA,NA
"669","season",0.0386511309581542,-11036.5155361303,-0.00105677439707154,-97.6682790807995,-0.00105677439707154,-11036.5155361303,-0.00105677439707154,-97.6682790807995,-0.00105677439707154,FALSE,NA,NA,NA,NA,NA,NA,NA,NA,0.63976620461,0.0644480362444383,-0.123829529786417,-0.555709559704204,0.153805702188158,0.213944425391464,0.31788558986128,0.213944425391464,0.0290581084358311,0,996942.242220377,0.176220048,5654727.87225015,1e-04,"1_130_1",1,130,1,1936,3,NA,NA,NA,NA,NA,NA,NA,1,FALSE,NA,NA,NA,NA,NA
"670","holiday",0,0,0,0,0,0,0,0,0,TRUE,NA,NA,NA,NA,NA,NA,NA,NA,0.63976620461,0.0644480362444383,-0.123829529786417,-0.555709559704204,0.153805702188158,0.213944425391464,0.31788558986128,0.213944425391464,0.0290581084358311,0,996942.242220377,0.176220048,5654727.87225015,1e-04,"1_130_1",1,130,1,1936,3,NA,NA,NA,NA,NA,NA,NA,1,FALSE,NA,NA,NA,NA,NA
"671","Google_Impressions",17177.983456392,328587.076100639,0.0314630471995424,2907.85023097911,0.0314630471995424,328587.076100639,0.0314630471995424,2907.85023097911,0.0314630471995424,TRUE,0.743363900415277,0.743363900415277,490276.628318584,55401259,NA,NA,0.73793211230213,0.73793211230213,0.63976620461,0.0644480362444383,-0.123829529786417,-0.555709559704204,0.153805702188158,0.213944425391464,0.31788558986128,0.213944425391464,0.0290581084358311,0,996942.242220377,0.176220048,5654727.87225015,1e-04,"1_130_1",1,130,1,1936,3,2907.85023097911,686097.53637155,195820.908052966,0.00593103987222816,0.00593103987222816,168.604497953632,168.604497953632,1,FALSE,0.00782942360134586,0.00074135540919751,0,0.019703727690251,0.304341154410869
"672","Facebook_Impressions",19510.2561840562,116693.82524887,0.0111737301882677,1032.68871901655,0.0111737301882677,116693.82524887,0.0111737301882677,1032.68871901655,0.0111737301882677,TRUE,0.244677122195661,0.244677122195661,161373.82300885,18235242,NA,NA,0.262067887697871,0.262067887697871,0.63976620461,0.0644480362444383,-0.123829529786417,-0.555709559704204,0.153805702188158,0.213944425391464,0.31788558986128,0.213944425391464,0.0290581084358311,0,996942.242220377,0.176220048,5654727.87225015,1e-04,"1_130_1",1,130,1,1936,3,1032.68871901655,165399.698041259,4025.87503240973,0.00639935709374571,0.00639935709374571,156.265697530355,156.265697530355,1,FALSE,0.00891222269670811,0.000954082668229271,0,0.0241936972477182,4.71738513923411e-05
"673","Affiliate_Impressions",0,0,0,0,0,0,0,0,0,TRUE,0.0119589773890613,0.0119589773890613,7887.3982300885,891276,NA,NA,0,0,0.63976620461,0.0644480362444383,-0.123829529786417,-0.555709559704204,0.153805702188158,0.213944425391464,0.31788558986128,0.213944425391464,0.0290581084358311,0,996942.242220377,0.176220048,5654727.87225015,1e-04,"1_130_1",1,130,1,1936,3,0,10089.0147027203,2201.6164726318,0,0,Inf,Inf,1,FALSE,0,0,0,0,NA
"674","Organic_Views",0,0,0,0,0,0,0,0,0,TRUE,NA,NA,NA,NA,8051.88495575221,8051.88495575221,NA,NA,0.63976620461,0.0644480362444383,-0.123829529786417,-0.555709559704204,0.153805702188158,0.213944425391464,0.31788558986128,0.213944425391464,0.0290581084358311,0,996942.242220377,0.176220048,5654727.87225015,1e-04,"1_130_1",1,130,1,1936,3,0,9041.38684990522,989.501894153007,NA,NA,NA,NA,1,FALSE,NA,NA,NA,NA,NA
"675","Email_Impressions",12142.8230344694,380366.560612922,0.0364210643696364,3366.07575763648,0.0364210643696364,380366.560612922,0.0364210643696364,3366.07575763648,0.0364210643696364,TRUE,NA,NA,NA,NA,389433.016085841,389433.016085841,NA,NA,0.63976620461,0.0644480362444383,-0.123829529786417,-0.555709559704204,0.153805702188158,0.213944425391464,0.31788558986128,0.213944425391464,0.0290581084358311,0,996942.242220377,0.176220048,5654727.87225015,1e-04,"1_130_1",1,130,1,1936,3,3366.07575763648,548310.092361597,158877.076275756,NA,NA,NA,NA,1,FALSE,NA,NA,NA,NA,0.228226631730146
"676","(Intercept)",70010.6331043066,7911201.54078665,0.752485518037584,70010.6331043066,0.752485518037584,7911201.54078665,0.752485518037584,70010.6331043066,0.752485518037584,TRUE,NA,NA,NA,NA,NA,NA,NA,NA,0.63994773413,0.11990254504905,-0.115143053001253,-0.441905662671347,0.149177684545373,0.213115995329758,0.306037753100105,0.213115995329758,0.0424677076605843,0,738333.869950786,0.13048235,5654727.87225015,1e-04,"1_130_6",1,130,6,1941,2,NA,NA,NA,NA,NA,NA,NA,1,FALSE,NA,NA,NA,NA,NA
"677","trend",0.146386694907462,1752961.77525905,0.166735525919205,15512.9360642394,0.166735525919205,1752961.77525905,0.166735525919205,15512.9360642394,0.166735525919205,TRUE,NA,NA,NA,NA,NA,NA,NA,NA,0.63994773413,0.11990254504905,-0.115143053001253,-0.441905662671347,0.149177684545373,0.213115995329758,0.306037753100105,0.213115995329758,0.0424677076605843,0,738333.869950786,0.13048235,5654727.87225015,1e-04,"1_130_6",1,130,6,1941,2,NA,NA,NA,NA,NA,NA,NA,1,FALSE,NA,NA,NA,NA,NA
"678","season",0.0505275046907006,-14427.7172930478,-0.00137231345521749,-127.678914097768,-0.00137231345521749,-14427.7172930478,-0.00137231345521749,-127.678914097768,-0.00137231345521749,FALSE,NA,NA,NA,NA,NA,NA,NA,NA,0.63994773413,0.11990254504905,-0.115143053001253,-0.441905662671347,0.149177684545373,0.213115995329758,0.306037753100105,0.213115995329758,0.0424677076605843,0,738333.869950786,0.13048235,5654727.87225015,1e-04,"1_130_6",1,130,6,1941,2,NA,NA,NA,NA,NA,NA,NA,1,FALSE,NA,NA,NA,NA,NA
"679","holiday",0,0,0,0,0,0,0,0,0,TRUE,NA,NA,NA,NA,NA,NA,NA,NA,0.63994773413,0.11990254504905,-0.115143053001253,-0.441905662671347,0.149177684545373,0.213115995329758,0.306037753100105,0.213115995329758,0.0424677076605843,0,738333.869950786,0.13048235,5654727.87225015,1e-04,"1_130_6",1,130,6,1941,2,NA,NA,NA,NA,NA,NA,NA,1,FALSE,NA,NA,NA,NA,NA
"680","Google_Impressions",23159.615061922,425061.065627129,0.0404303056263983,3761.60235068256,0.0404303056263983,425061.065627129,0.0404303056263983,3761.60235068256,0.0404303056263983,TRUE,0.743363900415277,0.743363900415277,490276.628318584,55401259,NA,NA,0.729344057573406,0.729344057573406,0.63994773413,0.11990254504905,-0.115143053001253,-0.441905662671347,0.149177684545373,0.213115995329758,0.306037753100105,0.213115995329758,0.0424677076605843,0,738333.869950786,0.13048235,5654727.87225015,1e-04,"1_130_6",1,130,6,1941,2,3761.60235068256,654490.052697832,164213.424379248,0.00767240805172187,0.00767240805172187,130.337176184937,130.337176184937,1,FALSE,0.00782942360134586,0.00074135540919751,0,0.019703727690251,0.265857259826011
"681","Facebook_Impressions",21165.5063525761,157738.041616366,0.0150034847864744,1395.9118727112,0.0150034847864744,157738.041616366,0.0150034847864744,1395.9118727112,0.0150034847864744,TRUE,0.244677122195661,0.244677122195661,161373.82300885,18235242,NA,NA,0.270655942426594,0.270655942426594,0.63994773413,0.11990254504905,-0.115143053001253,-0.441905662671347,0.149177684545373,0.213115995329758,0.306037753100105,0.213115995329758,0.0424677076605843,0,738333.869950786,0.13048235,5654727.87225015,1e-04,"1_130_6",1,130,6,1941,2,1395.9118727112,163795.007167809,2421.18415895916,0.00865017539204392,0.00865017539204392,115.604592355406,115.604592355406,1,FALSE,0.00891222269670811,0.000954082668229271,0,0.0241936972477182,1.17024071099894e-05
"682","Affiliate_Impressions",0,0,0,0,0,0,0,0,0,TRUE,0.0119589773890613,0.0119589773890613,7887.3982300885,891276,NA,NA,0,0,0.63994773413,0.11990254504905,-0.115143053001253,-0.441905662671347,0.149177684545373,0.213115995329758,0.306037753100105,0.213115995329758,0.0424677076605843,0,738333.869950786,0.13048235,5654727.87225015,1e-04,"1_130_6",1,130,6,1941,2,0,10607.2635279116,2719.86529782308,0,0,Inf,Inf,1,FALSE,0,0,0,0,NA
"683","Organic_Views",0,0,0,0,0,0,0,0,0,TRUE,NA,NA,NA,NA,8051.88495575221,8051.88495575221,NA,NA,0.63994773413,0.11990254504905,-0.115143053001253,-0.441905662671347,0.149177684545373,0.213115995329758,0.306037753100105,0.213115995329758,0.0424677076605843,0,738333.869950786,0.13048235,5654727.87225015,1e-04,"1_130_6",1,130,6,1941,2,0,8655.90043809736,604.015482345149,NA,NA,NA,NA,1,FALSE,NA,NA,NA,NA,NA
"684","Email_Impressions",8179.64816464916,280892.265221005,0.0267174790855551,2485.77225859297,0.0267174790855551,280892.265221005,0.0267174790855551,2485.77225859297,0.0267174790855551,TRUE,NA,NA,NA,NA,389433.016085841,389433.016085841,NA,NA,0.63994773413,0.11990254504905,-0.115143053001253,-0.441905662671347,0.149177684545373,0.213115995329758,0.306037753100105,0.213115995329758,0.0424677076605843,0,738333.869950786,0.13048235,5654727.87225015,1e-04,"1_130_6",1,130,6,1941,2,2485.77225859297,524003.830510255,134570.814424414,NA,NA,NA,NA,1,FALSE,NA,NA,NA,NA,0.0351310666485211
"685","(Intercept)",75284.4415197767,8507141.89173476,0.81752077036703,75284.4415197767,0.81752077036703,8507141.89173476,0.81752077036703,75284.4415197767,0.81752077036703,TRUE,NA,NA,NA,NA,NA,NA,NA,NA,0.63926550623,0.031047264044104,-0.12947506610621,-0.625188360318553,0.156527185426563,0.214481125091472,0.324906524573651,0.214481125091472,0.0215106561780083,0,1181856.04453277,0.2089240613,5654727.87225015,1e-04,"1_130_8",1,130,8,1943,2,NA,NA,NA,NA,NA,NA,NA,3,FALSE,NA,NA,NA,NA,NA
"686","trend",0.100061636472856,1198225.18035307,0.11514724745183,10603.7626579917,0.11514724745183,1198225.18035307,0.11514724745183,10603.7626579917,0.11514724745183,TRUE,NA,NA,NA,NA,NA,NA,NA,NA,0.63926550623,0.031047264044104,-0.12947506610621,-0.625188360318553,0.156527185426563,0.214481125091472,0.324906524573651,0.214481125091472,0.0215106561780083,0,1181856.04453277,0.2089240613,5654727.87225015,1e-04,"1_130_8",1,130,8,1943,2,NA,NA,NA,NA,NA,NA,NA,3,FALSE,NA,NA,NA,NA,NA
"687","season",0.033222849772772,-9486.51407040826,-0.000911636644790506,-83.9514519505156,-0.000911636644790506,-9486.51407040826,-0.000911636644790506,-83.9514519505156,-0.000911636644790506,FALSE,NA,NA,NA,NA,NA,NA,NA,NA,0.63926550623,0.031047264044104,-0.12947506610621,-0.625188360318553,0.156527185426563,0.214481125091472,0.324906524573651,0.214481125091472,0.0215106561780083,0,1181856.04453277,0.2089240613,5654727.87225015,1e-04,"1_130_8",1,130,8,1943,2,NA,NA,NA,NA,NA,NA,NA,3,FALSE,NA,NA,NA,NA,NA
"688","holiday",0,0,0,0,0,0,0,0,0,TRUE,NA,NA,NA,NA,NA,NA,NA,NA,0.63926550623,0.031047264044104,-0.12947506610621,-0.625188360318553,0.156527185426563,0.214481125091472,0.324906524573651,0.214481125091472,0.0215106561780083,0,1181856.04453277,0.2089240613,5654727.87225015,1e-04,"1_130_8",1,130,8,1943,2,NA,NA,NA,NA,NA,NA,NA,3,FALSE,NA,NA,NA,NA,NA
"689","Google_Impressions",12696.6924609598,281829.843694023,0.0270833323178737,2494.06941322144,0.0270833323178737,281829.843694023,0.0270833323178737,2494.06941322144,0.0270833323178737,TRUE,0.743363900415277,0.743363900415277,490276.628318584,55401259,NA,NA,0.744560726415677,0.744560726415677,0.63926550623,0.031047264044104,-0.12947506610621,-0.625188360318553,0.156527185426563,0.214481125091472,0.324906524573651,0.214481125091472,0.0215106561780083,0,1181856.04453277,0.2089240613,5654727.87225015,1e-04,"1_130_8",1,130,8,1943,2,2494.06941322144,639625.026311198,149348.397992614,0.00508706568733434,0.00508706568733434,196.57697805825,196.57697805825,3,FALSE,0.00614836150170441,0.000208230508885948,0.00308252913534494,0.00922081584551984,0.311527932653488
"690","Facebook_Impressions",18766.5611093285,96688.4338556867,0.00929158158371377,855.649857129971,0.00929158158371377,96688.4338556867,0.00929158158371377,855.649857129971,0.00929158158371377,TRUE,0.244677122195661,0.244677122195661,161373.82300885,18235242,NA,NA,0.255439273584323,0.255439273584323,0.63926550623,0.031047264044104,-0.12947506610621,-0.625188360318553,0.156527185426563,0.214481125091472,0.324906524573651,0.214481125091472,0.0215106561780083,0,1181856.04453277,0.2089240613,5654727.87225015,1e-04,"1_130_8",1,130,8,1943,2,855.649857129971,166031.460367699,4657.63735884925,0.00530228410764643,0.00530228410764643,188.597966404308,188.597966404308,3,FALSE,0.00666154589379305,0.000271917387353167,0.00265856156013475,0.0106742308008493,5.34526485815053e-05
"691","Affiliate_Impressions",0,0,0,0,0,0,0,0,0,TRUE,0.0119589773890613,0.0119589773890613,7887.3982300885,891276,NA,NA,0,0,0.63926550623,0.031047264044104,-0.12947506610621,-0.625188360318553,0.156527185426563,0.214481125091472,0.324906524573651,0.214481125091472,0.0215106561780083,0,1181856.04453277,0.2089240613,5654727.87225015,1e-04,"1_130_8",1,130,8,1943,2,0,9258.84763947309,1371.44940938459,0,0,Inf,Inf,3,FALSE,0,0,0,0,NA
"692","Organic_Views",0,0,0,0,0,0,0,0,0,TRUE,NA,NA,NA,NA,8051.88495575221,8051.88495575221,NA,NA,0.63926550623,0.031047264044104,-0.12947506610621,-0.625188360318553,0.156527185426563,0.214481125091472,0.324906524573651,0.214481125091472,0.0215106561780083,0,1181856.04453277,0.2089240613,5654727.87225015,1e-04,"1_130_8",1,130,8,1943,2,0,9477.86169520286,1425.97673945065,NA,NA,NA,NA,3,FALSE,NA,NA,NA,NA,NA
"693","Email_Impressions",11483.2092868161,331626.552528436,0.0318687049243427,2934.74825246403,0.0318687049243427,331626.552528436,0.0318687049243427,2934.74825246403,0.0318687049243427,TRUE,NA,NA,NA,NA,389433.016085841,389433.016085841,NA,NA,0.63926550623,0.031047264044104,-0.12947506610621,-0.625188360318553,0.156527185426563,0.214481125091472,0.324906524573651,0.214481125091472,0.0215106561780083,0,1181856.04453277,0.2089240613,5654727.87225015,1e-04,"1_130_8",1,130,8,1943,2,2934.74825246403,427010.82795618,37577.811870339,NA,NA,NA,NA,3,FALSE,NA,NA,NA,NA,0.0722371053370296
"694","(Intercept)",64727.1561730515,7314168.64755482,0.690410144932186,64727.1561730515,0.690410144932186,7314168.64755482,0.690410144932186,64727.1561730515,0.690410144932186,TRUE,NA,NA,NA,NA,NA,NA,NA,NA,0.6393745091,0.180967627660696,-0.0973050808252416,-0.317417791452631,0.143909350546913,0.211404608366932,0.292528607048276,0.211404608366932,0.0678984988051932,0,558869.962678265,0.0987422098,5654727.87225015,1e-04,"1_130_9",1,130,9,1944,2,NA,NA,NA,NA,NA,NA,NA,1,FALSE,NA,NA,NA,NA,NA
"695","trend",0.178883852635739,2142111.04417482,0.202201407669755,18956.7349042019,0.202201407669755,2142111.04417482,0.202201407669755,18956.7349042019,0.202201407669755,TRUE,NA,NA,NA,NA,NA,NA,NA,NA,0.6393745091,0.180967627660696,-0.0973050808252416,-0.317417791452631,0.143909350546913,0.211404608366932,0.292528607048276,0.211404608366932,0.0678984988051932,0,558869.962678265,0.0987422098,5654727.87225015,1e-04,"1_130_9",1,130,9,1944,2,NA,NA,NA,NA,NA,NA,NA,1,FALSE,NA,NA,NA,NA,NA
"696","season",0.0642080154351713,-18334.0756745661,-0.00173061799004409,-162.248457297045,-0.00173061799004409,-18334.0756745661,-0.00173061799004409,-162.248457297045,-0.00173061799004409,FALSE,NA,NA,NA,NA,NA,NA,NA,NA,0.6393745091,0.180967627660696,-0.0973050808252416,-0.317417791452631,0.143909350546913,0.211404608366932,0.292528607048276,0.211404608366932,0.0678984988051932,0,558869.962678265,0.0987422098,5654727.87225015,1e-04,"1_130_9",1,130,9,1944,2,NA,NA,NA,NA,NA,NA,NA,1,FALSE,NA,NA,NA,NA,NA
"697","holiday",0,0,0,0,0,0,0,0,0,TRUE,NA,NA,NA,NA,NA,NA,NA,NA,0.6393745091,0.180967627660696,-0.0973050808252416,-0.317417791452631,0.143909350546913,0.211404608366932,0.292528607048276,0.211404608366932,0.0678984988051932,0,558869.962678265,0.0987422098,5654727.87225015,1e-04,"1_130_9",1,130,9,1944,2,NA,NA,NA,NA,NA,NA,NA,1,FALSE,NA,NA,NA,NA,NA
"698","Google_Impressions",28530.3743440695,536433.422018468,0.0506358404473012,4747.19842494219,0.0506358404473012,536433.422018468,0.0506358404473012,4747.19842494219,0.0506358404473012,TRUE,0.743363900415277,0.743363900415277,490276.628318584,55401259,NA,NA,0.714856324553215,0.714856324553215,0.6393745091,0.180967627660696,-0.0973050808252416,-0.317417791452631,0.143909350546913,0.211404608366932,0.292528607048276,0.211404608366932,0.0678984988051932,0,558869.962678265,0.0987422098,5654727.87225015,1e-04,"1_130_9",1,130,9,1944,2,4747.19842494219,695478.227295299,205201.598976715,0.00968269370951422,0.00968269370951422,103.277045623926,103.277045623926,1,FALSE,0.00782942360134586,0.00074135540919751,0,0.019703727690251,0.299261982948716
"699","Facebook_Impressions",22815.5264389243,213973.902633431,0.0201977504549666,1893.57435958789,0.0201977504549666,213973.902633431,0.0201977504549666,1893.57435958789,0.0201977504549666,TRUE,0.244677122195661,0.244677122195661,161373.82300885,18235242,NA,NA,0.285143675446785,0.285143675446785,0.6393745091,0.180967627660696,-0.0973050808252416,-0.317417791452631,0.143909350546913,0.211404608366932,0.292528607048276,0.211404608366932,0.0678984988051932,0,558869.962678265,0.0987422098,5654727.87225015,1e-04,"1_130_9",1,130,9,1944,2,1893.57435958789,164563.060612082,3189.23760323229,0.0117340862618347,0.0117340862618347,85.2218040404658,85.2218040404658,1,FALSE,0.00891222269670811,0.000954082668229271,0,0.0241936972477182,3.23982432810152e-05
"700","Affiliate_Impressions",0,0,0,0,0,0,0,0,0,TRUE,0.0119589773890613,0.0119589773890613,7887.3982300885,891276,NA,NA,0,0,0.6393745091,0.180967627660696,-0.0973050808252416,-0.317417791452631,0.143909350546913,0.211404608366932,0.292528607048276,0.211404608366932,0.0678984988051932,0,558869.962678265,0.0987422098,5654727.87225015,1e-04,"1_130_9",1,130,9,1944,2,0,9393.03683062094,1505.63860053245,0,0,Inf,Inf,1,FALSE,0,0,0,0,NA
"701","Organic_Views",0,0,0,0,0,0,0,0,0,TRUE,NA,NA,NA,NA,8051.88495575221,8051.88495575221,NA,NA,0.6393745091,0.180967627660696,-0.0973050808252416,-0.317417791452631,0.143909350546913,0.211404608366932,0.292528607048276,0.211404608366932,0.0678984988051932,0,558869.962678265,0.0987422098,5654727.87225015,1e-04,"1_130_9",1,130,9,1944,2,0,8317.19771433963,265.312758587412,NA,NA,NA,NA,1,FALSE,NA,NA,NA,NA,NA
"702","Email_Impressions",11876.3216485739,405594.296660524,0.0382854744858358,3589.33005894269,0.0382854744858358,405594.296660524,0.0382854744858358,3589.33005894269,0.0382854744858358,TRUE,NA,NA,NA,NA,389433.016085841,389433.016085841,NA,NA,0.6393745091,0.180967627660696,-0.0973050808252416,-0.317417791452631,0.143909350546913,0.211404608366932,0.292528607048276,0.211404608366932,0.0678984988051932,0,558869.962678265,0.0987422098,5654727.87225015,1e-04,"1_130_9",1,130,9,1944,2,3589.33005894269,502047.265039761,112614.248953921,NA,NA,NA,NA,1,FALSE,NA,NA,NA,NA,0.0459330978858786
"703","(Intercept)",67557.3222565733,7633977.41499279,0.725790123917308,67557.3222565733,0.725790123917308,7633977.41499279,0.725790123917308,67557.3222565733,0.725790123917308,TRUE,NA,NA,NA,NA,NA,NA,NA,NA,0.64120172918,0.125931085240401,-0.121737988238273,-0.432939411913182,0.148665883824675,0.213745248366235,0.30508474680565,0.213745248366235,0.031289424316217,0,725779.723405834,0.1282620129,5654727.87225015,1e-04,"1_130_11",1,130,11,1946,3,NA,NA,NA,NA,NA,NA,NA,1,FALSE,NA,NA,NA,NA,NA
"704","trend",0.148401024063569,1777083.10688469,0.168953783623214,15726.3991759707,0.168953783623214,1777083.10688469,0.168953783623214,15726.3991759707,0.168953783623214,TRUE,NA,NA,NA,NA,NA,NA,NA,NA,0.64120172918,0.125931085240401,-0.121737988238273,-0.432939411913182,0.148665883824675,0.213745248366235,0.30508474680565,0.213745248366235,0.031289424316217,0,725779.723405834,0.1282620129,5654727.87225015,1e-04,"1_130_11",1,130,11,1946,3,NA,NA,NA,NA,NA,NA,NA,1,FALSE,NA,NA,NA,NA,NA
"705","season",0.0512307727564901,-14628.5297593778,-0.00139078777020417,-129.456015569715,-0.00139078777020417,-14628.5297593778,-0.00139078777020417,-129.456015569715,-0.00139078777020417,FALSE,NA,NA,NA,NA,NA,NA,NA,NA,0.64120172918,0.125931085240401,-0.121737988238273,-0.432939411913182,0.148665883824675,0.213745248366235,0.30508474680565,0.213745248366235,0.031289424316217,0,725779.723405834,0.1282620129,5654727.87225015,1e-04,"1_130_11",1,130,11,1946,3,NA,NA,NA,NA,NA,NA,NA,1,FALSE,NA,NA,NA,NA,NA
"706","holiday",0,0,0,0,0,0,0,0,0,TRUE,NA,NA,NA,NA,NA,NA,NA,NA,0.64120172918,0.125931085240401,-0.121737988238273,-0.432939411913182,0.148665883824675,0.213745248366235,0.30508474680565,0.213745248366235,0.031289424316217,0,725779.723405834,0.1282620129,5654727.87225015,1e-04,"1_130_11",1,130,11,1946,3,NA,NA,NA,NA,NA,NA,NA,1,FALSE,NA,NA,NA,NA,NA
"707","Google_Impressions",25091.9011803379,423260.141480238,0.0402408880501632,3745.66496885166,0.0402408880501632,423260.141480238,0.0402408880501632,3745.66496885166,0.0402408880501632,TRUE,0.743363900415277,0.743363900415277,490276.628318584,55401259,NA,NA,0.736378482990604,0.736378482990604,0.64120172918,0.125931085240401,-0.121737988238273,-0.432939411913182,0.148665883824675,0.213745248366235,0.30508474680565,0.213745248366235,0.031289424316217,0,725779.723405834,0.1282620129,5654727.87225015,1e-04,"1_130_11",1,130,11,1946,3,3745.66496885166,673246.323381191,182969.695062607,0.00763990113438104,0.00763990113438104,130.891746164071,130.891746164071,1,FALSE,0.00782942360134586,0.00074135540919751,0,0.019703727690251,0.247150510448798
"708","Facebook_Impressions",23418.8738096641,151525.992630145,0.0144061297262601,1340.93798787739,0.0144061297262601,151525.992630145,0.0144061297262601,1340.93798787739,0.0144061297262601,TRUE,0.244677122195661,0.244677122195661,161373.82300885,18235242,NA,NA,0.263621517009396,0.263621517009396,0.64120172918,0.125931085240401,-0.121737988238273,-0.432939411913182,0.148665883824675,0.213745248366235,0.30508474680565,0.213745248366235,0.031289424316217,0,725779.723405834,0.1282620129,5654727.87225015,1e-04,"1_130_11",1,130,11,1946,3,1340.93798787739,161929.469933352,555.646924502483,0.00830951366755348,0.00830951366755348,120.343986424229,120.343986424229,1,FALSE,0.00891222269670811,0.000954082668229271,0,0.0241936972477182,1.20762091309708e-07
"709","Affiliate_Impressions",0,0,0,0,0,0,0,0,0,TRUE,0.0119589773890613,0.0119589773890613,7887.3982300885,891276,NA,NA,0,0,0.64120172918,0.125931085240401,-0.121737988238273,-0.432939411913182,0.148665883824675,0.213745248366235,0.30508474680565,0.213745248366235,0.031289424316217,0,725779.723405834,0.1282620129,5654727.87225015,1e-04,"1_130_11",1,130,11,1946,3,0,9581.03370760284,1693.63547751434,0,0,Inf,Inf,1,FALSE,0,0,0,0,NA
"710","Organic_Views",0,0,0,0,0,0,0,0,0,TRUE,NA,NA,NA,NA,8051.88495575221,8051.88495575221,NA,NA,0.64120172918,0.125931085240401,-0.121737988238273,-0.432939411913182,0.148665883824675,0.213745248366235,0.30508474680565,0.213745248366235,0.031289424316217,0,725779.723405834,0.1282620129,5654727.87225015,1e-04,"1_130_11",1,130,11,1946,3,0,8650.60072340353,598.715767651314,NA,NA,NA,NA,1,FALSE,NA,NA,NA,NA,NA
"711","Email_Impressions",14118.5153480068,546942.928085555,0.0519998624532589,4840.20290341199,0.0519998624532589,546942.928085555,0.0519998624532589,4840.20290341199,0.0519998624532589,TRUE,NA,NA,NA,NA,389433.016085841,389433.016085841,NA,NA,0.64120172918,0.125931085240401,-0.121737988238273,-0.432939411913182,0.148665883824675,0.213745248366235,0.30508474680565,0.213745248366235,0.031289424316217,0,725779.723405834,0.1282620129,5654727.87225015,1e-04,"1_130_11",1,130,11,1946,3,4840.20290341199,433815.108181394,44382.0920955538,NA,NA,NA,NA,1,FALSE,NA,NA,NA,NA,0.0927332155806278
"712","(Intercept)",67512.8341183566,7628950.2553743,0.722320744173443,67512.8341183566,0.722320744173443,7628950.2553743,0.722320744173443,67512.8341183566,0.722320744173443,TRUE,NA,NA,NA,NA,NA,NA,NA,NA,0.64086214784,0.159215565329432,-0.11379396455002,-0.362622407819634,0.14580781804222,0.212987043561062,0.297505051529072,0.212987043561062,0.0440071692706905,0,634735.365737963,0.1121598299,5654727.87225015,1e-04,"1_130_13",1,130,13,1948,1,NA,NA,NA,NA,NA,NA,NA,1,FALSE,NA,NA,NA,NA,NA
"713","trend",0.164715722608627,1972449.51598655,0.18675455397396,17455.3054512084,0.18675455397396,1972449.51598655,0.18675455397396,17455.3054512084,0.18675455397396,TRUE,NA,NA,NA,NA,NA,NA,NA,NA,0.64086214784,0.159215565329432,-0.11379396455002,-0.362622407819634,0.14580781804222,0.212987043561062,0.297505051529072,0.212987043561062,0.0440071692706905,0,634735.365737963,0.1121598299,5654727.87225015,1e-04,"1_130_13",1,130,13,1948,1,NA,NA,NA,NA,NA,NA,NA,1,FALSE,NA,NA,NA,NA,NA
"714","season",0.0573607442052254,-16378.8931627992,-0.00155077879682806,-144.945957192913,-0.00155077879682806,-16378.8931627992,-0.00155077879682806,-144.945957192913,-0.00155077879682806,FALSE,NA,NA,NA,NA,NA,NA,NA,NA,0.64086214784,0.159215565329432,-0.11379396455002,-0.362622407819634,0.14580781804222,0.212987043561062,0.297505051529072,0.212987043561062,0.0440071692706905,0,634735.365737963,0.1121598299,5654727.87225015,1e-04,"1_130_13",1,130,13,1948,1,NA,NA,NA,NA,NA,NA,NA,1,FALSE,NA,NA,NA,NA,NA
"715","holiday",0,0,0,0,0,0,0,0,0,TRUE,NA,NA,NA,NA,NA,NA,NA,NA,0.64086214784,0.159215565329432,-0.11379396455002,-0.362622407819634,0.14580781804222,0.212987043561062,0.297505051529072,0.212987043561062,0.0440071692706905,0,634735.365737963,0.1121598299,5654727.87225015,1e-04,"1_130_13",1,130,13,1948,1,NA,NA,NA,NA,NA,NA,NA,1,FALSE,NA,NA,NA,NA,NA
"716","Google_Impressions",28928.0172593921,478378.759080078,0.0452936366981903,4233.4403458414,0.0452936366981903,478378.759080078,0.0452936366981903,4233.4403458414,0.0452936366981903,TRUE,0.743363900415277,0.743363900415277,490276.628318584,55401259,NA,NA,0.728428930026166,0.728428930026166,0.64086214784,0.159215565329432,-0.11379396455002,-0.362622407819634,0.14580781804222,0.212987043561062,0.297505051529072,0.212987043561062,0.0440071692706905,0,634735.365737963,0.1121598299,5654727.87225015,1e-04,"1_130_13",1,130,13,1948,1,4233.4403458414,682930.413080885,192653.784762301,0.00863479941999292,0.00863479941999292,115.810449248492,115.810449248492,1,FALSE,0.00782942360134586,0.00074135540919751,0,0.019703727690251,0.272112359378904
"717","Facebook_Impressions",24127.5251973353,178347.984410044,0.0168862614787854,1578.30074699154,0.0168862614787853,178347.984410044,0.0168862614787854,1578.30074699154,0.0168862614787853,TRUE,0.244677122195661,0.244677122195661,161373.82300885,18235242,NA,NA,0.271571069973834,0.271571069973834,0.64086214784,0.159215565329432,-0.11379396455002,-0.362622407819634,0.14580781804222,0.212987043561062,0.297505051529072,0.212987043561062,0.0440071692706905,0,634735.365737963,0.1121598299,5654727.87225015,1e-04,"1_130_13",1,130,13,1948,1,1578.30074699154,164557.547870858,3183.72486200873,0.00978040129163321,0.00978040129163321,102.245293437547,102.245293437547,1,FALSE,0.00891222269670811,0.000954082668229271,0,0.0241936972477182,2.5104251556399e-05
"718","Affiliate_Impressions",0,0,0,0,0,0,0,0,0,TRUE,0.0119589773890613,0.0119589773890613,7887.3982300885,891276,NA,NA,0,0,0.64086214784,0.159215565329432,-0.11379396455002,-0.362622407819634,0.14580781804222,0.212987043561062,0.297505051529072,0.212987043561062,0.0440071692706905,0,634735.365737963,0.1121598299,5654727.87225015,1e-04,"1_130_13",1,130,13,1948,1,0,9780.50252272306,1893.10429263456,0,0,Inf,Inf,1,FALSE,0,0,0,0,NA
"719","Organic_Views",0,0,0,0,0,0,0,0,0,TRUE,NA,NA,NA,NA,8051.88495575221,8051.88495575221,NA,NA,0.64086214784,0.159215565329432,-0.11379396455002,-0.362622407819634,0.14580781804222,0.212987043561062,0.297505051529072,0.212987043561062,0.0440071692706905,0,634735.365737963,0.1121598299,5654727.87225015,1e-04,"1_130_13",1,130,13,1948,1,0,8410.04814615791,358.1631904057,NA,NA,NA,NA,1,FALSE,NA,NA,NA,NA,NA
"720","Email_Impressions",18249.6525809923,319973.493083577,0.0302955824724493,2831.62383259803,0.0302955824724493,319973.493083577,0.0302955824724493,2831.62383259803,0.0302955824724493,TRUE,NA,NA,NA,NA,389433.016085841,389433.016085841,NA,NA,0.64086214784,0.159215565329432,-0.11379396455002,-0.362622407819634,0.14580781804222,0.212987043561062,0.297505051529072,0.212987043561062,0.0440071692706905,0,634735.365737963,0.1121598299,5654727.87225015,1e-04,"1_130_13",1,130,13,1948,1,2831.62383259803,455463.133030225,66030.1169443841,NA,NA,NA,NA,1,FALSE,NA,NA,NA,NA,0.0134186205831595
"721","(Intercept)",71143.7127002224,8039239.53512514,0.767549908795663,71143.7127002224,0.767549908795663,8039239.53512514,0.767549908795663,71143.7127002224,0.767549908795663,TRUE,NA,NA,NA,NA,NA,NA,NA,NA,0.63984335927,0.0898307290332084,-0.124134831020821,-0.505830264578117,0.1517048843892,0.213973483651625,0.312748036503707,0.213973483651625,0.024694186501088,0,865464.779819506,0.1529668315,5654727.87225015,1e-04,"1_130_15",1,130,15,1950,1,NA,NA,NA,NA,NA,NA,NA,3,FALSE,NA,NA,NA,NA,NA
"722","trend",0.129272557571923,1548022.18983635,0.147798095259026,13699.311414481,0.147798095259026,1548022.18983635,0.147798095259026,13699.311414481,0.147798095259026,TRUE,NA,NA,NA,NA,NA,NA,NA,NA,0.63984335927,0.0898307290332084,-0.124134831020821,-0.505830264578117,0.1517048843892,0.213973483651625,0.312748036503707,0.213973483651625,0.024694186501088,0,865464.779819506,0.1529668315,5654727.87225015,1e-04,"1_130_15",1,130,15,1950,1,NA,NA,NA,NA,NA,NA,NA,3,FALSE,NA,NA,NA,NA,NA
"723","season",0.043888207142034,-12531.9199715106,-0.0011964905373376,-110.901946650536,-0.0011964905373376,-12531.9199715106,-0.0011964905373376,-110.901946650536,-0.0011964905373376,FALSE,NA,NA,NA,NA,NA,NA,NA,NA,0.63984335927,0.0898307290332084,-0.124134831020821,-0.505830264578117,0.1517048843892,0.213973483651625,0.312748036503707,0.213973483651625,0.024694186501088,0,865464.779819506,0.1529668315,5654727.87225015,1e-04,"1_130_15",1,130,15,1950,1,NA,NA,NA,NA,NA,NA,NA,3,FALSE,NA,NA,NA,NA,NA
"724","holiday",0,0,0,0,0,0,0,0,0,TRUE,NA,NA,NA,NA,NA,NA,NA,NA,0.63984335927,0.0898307290332084,-0.124134831020821,-0.505830264578117,0.1517048843892,0.213973483651625,0.312748036503707,0.213973483651625,0.024694186501088,0,865464.779819506,0.1529668315,5654727.87225015,1e-04,"1_130_15",1,130,15,1950,1,NA,NA,NA,NA,NA,NA,NA,3,FALSE,NA,NA,NA,NA,NA
"725","Google_Impressions",21276.3029563056,370480.137135922,0.0353717530404267,3278.58528438869,0.0353717530404267,370480.137135922,0.0353717530404267,3278.58528438869,0.0353717530404267,TRUE,0.743363900415277,0.743363900415277,490276.628318584,55401259,NA,NA,0.741328141418016,0.741328141418016,0.63984335927,0.0898307290332084,-0.124134831020821,-0.505830264578117,0.1517048843892,0.213973483651625,0.312748036503707,0.213973483651625,0.024694186501088,0,865464.779819506,0.1529668315,5654727.87225015,1e-04,"1_130_15",1,130,15,1950,1,3278.58528438869,662513.671605627,172237.043287043,0.00668721512512778,0.00668721512512778,149.539080362828,149.539080362828,3,FALSE,0.00614836150170441,0.000208230508885948,0.00308252913534494,0.00922081584551984,0.270378041105466
"726","Facebook_Impressions",21583.6446228084,129271.74929222,0.0123422767720224,1143.99778134708,0.0123422767720224,129271.74929222,0.0123422767720224,1143.99778134708,0.0123422767720224,TRUE,0.244677122195661,0.244677122195661,161373.82300885,18235242,NA,NA,0.258671858581984,0.258671858581984,0.63984335927,0.0898307290332084,-0.124134831020821,-0.505830264578117,0.1517048843892,0.213973483651625,0.312748036503707,0.213973483651625,0.024694186501088,0,865464.779819506,0.1529668315,5654727.87225015,1e-04,"1_130_15",1,130,15,1950,1,1143.99778134708,162907.444537224,1533.62152837443,0.00708911619007962,0.00708911619007962,141.061307670395,141.061307670395,3,FALSE,0.00666154589379305,0.000271917387353167,0.00265856156013475,0.0106742308008493,2.52083333371406e-06
"727","Affiliate_Impressions",0,0,0,0,0,0,0,0,0,TRUE,0.0119589773890613,0.0119589773890613,7887.3982300885,891276,NA,NA,0,0,0.63984335927,0.0898307290332084,-0.124134831020821,-0.505830264578117,0.1517048843892,0.213973483651625,0.312748036503707,0.213973483651625,0.024694186501088,0,865464.779819506,0.1529668315,5654727.87225015,1e-04,"1_130_15",1,130,15,1950,1,0,9848.58092140644,1961.18269131794,0,0,Inf,Inf,3,FALSE,0,0,0,0,NA
"728","Organic_Views",0,0,0,0,0,0,0,0,0,TRUE,NA,NA,NA,NA,8051.88495575221,8051.88495575221,NA,NA,0.63984335927,0.0898307290332084,-0.124134831020821,-0.505830264578117,0.1517048843892,0.213973483651625,0.312748036503707,0.213973483651625,0.024694186501088,0,865464.779819506,0.1529668315,5654727.87225015,1e-04,"1_130_15",1,130,15,1950,1,0,8655.67347624554,603.788520493328,NA,NA,NA,NA,3,FALSE,NA,NA,NA,NA,NA
"729","Email_Impressions",14390.4685689516,399416.413448107,0.0381344566701997,3534.65852608945,0.0381344566701997,399416.413448107,0.0381344566701997,3534.65852608945,0.0381344566701997,TRUE,NA,NA,NA,NA,389433.016085841,389433.016085841,NA,NA,0.63984335927,0.0898307290332084,-0.124134831020821,-0.505830264578117,0.1517048843892,0.213973483651625,0.312748036503707,0.213973483651625,0.024694186501088,0,865464.779819506,0.1529668315,5654727.87225015,1e-04,"1_130_15",1,130,15,1950,1,3534.65852608945,488559.74529517,99126.7292093291,NA,NA,NA,NA,3,FALSE,NA,NA,NA,NA,0.132172109139383
"730","(Intercept)",69124.0547809814,7811018.19025089,0.742727493154145,69124.0547809814,0.742727493154145,7811018.19025089,0.742727493154145,69124.0547809814,0.742727493154145,TRUE,NA,NA,NA,NA,NA,NA,NA,NA,0.6352717004,0.117187403941083,-0.11122741773315,-0.443015135175896,0.149407617350994,0.212741506006704,0.30615547064279,0.212741506006704,0.047017540107994,0,724198.553853311,0.1279823659,5654727.87225015,1e-04,"1_131_2",1,131,2,1952,1,NA,NA,NA,NA,NA,NA,NA,1,FALSE,NA,NA,NA,NA,NA
"731","trend",0.148421315941109,1777326.09949887,0.169000881350633,15728.5495530873,0.169000881350633,1777326.09949887,0.169000881350633,15728.5495530873,0.169000881350633,TRUE,NA,NA,NA,NA,NA,NA,NA,NA,0.6352717004,0.117187403941083,-0.11122741773315,-0.443015135175896,0.149407617350994,0.212741506006704,0.30615547064279,0.212741506006704,0.047017540107994,0,724198.553853311,0.1279823659,5654727.87225015,1e-04,"1_131_2",1,131,2,1952,1,NA,NA,NA,NA,NA,NA,NA,1,FALSE,NA,NA,NA,NA,NA
"732","season",0.0516144945614021,-14738.0983944081,-0.00140140383849065,-130.425649508036,-0.00140140383849065,-14738.0983944081,-0.00140140383849065,-130.425649508036,-0.00140140383849065,FALSE,NA,NA,NA,NA,NA,NA,NA,NA,0.6352717004,0.117187403941083,-0.11122741773315,-0.443015135175896,0.149407617350994,0.212741506006704,0.30615547064279,0.212741506006704,0.047017540107994,0,724198.553853311,0.1279823659,5654727.87225015,1e-04,"1_131_2",1,131,2,1952,1,NA,NA,NA,NA,NA,NA,NA,1,FALSE,NA,NA,NA,NA,NA
"733","holiday",0,0,0,0,0,0,0,0,0,TRUE,NA,NA,NA,NA,NA,NA,NA,NA,0.6352717004,0.117187403941083,-0.11122741773315,-0.443015135175896,0.149407617350994,0.212741506006704,0.30615547064279,0.212741506006704,0.047017540107994,0,724198.553853311,0.1279823659,5654727.87225015,1e-04,"1_131_2",1,131,2,1952,1,NA,NA,NA,NA,NA,NA,NA,1,FALSE,NA,NA,NA,NA,NA
"734","Google_Impressions",21891.5231603615,435910.451823212,0.0414494844636824,3857.61461790453,0.0414494844636824,435910.451823212,0.0414494844636824,3857.61461790453,0.0414494844636824,TRUE,0.743363900415277,0.743363900415277,490276.628318584,55401259,NA,NA,0.726661189084477,0.726661189084477,0.6352717004,0.117187403941083,-0.11122741773315,-0.443015135175896,0.149407617350994,0.212741506006704,0.30615547064279,0.212741506006704,0.047017540107994,0,724198.553853311,0.1279823659,5654727.87225015,1e-04,"1_131_2",1,131,2,1952,1,3857.61461790453,656735.924832099,166459.296513515,0.00786824089725492,0.00786824089725492,127.093210929635,127.093210929635,1,FALSE,0.00782942360134586,0.00074135540919751,0,0.019703727690251,0.305758342617211
"735","Facebook_Impressions",21278.1113190934,163970.838620298,0.0155915204589897,1451.06936832123,0.0155915204589897,163970.838620298,0.0155915204589897,1451.06936832123,0.0155915204589897,TRUE,0.244677122195661,0.244677122195661,161373.82300885,18235242,NA,NA,0.273338810915523,0.273338810915523,0.6352717004,0.117187403941083,-0.11122741773315,-0.443015135175896,0.149407617350994,0.212741506006704,0.30615547064279,0.212741506006704,0.047017540107994,0,724198.553853311,0.1279823659,5654727.87225015,1e-04,"1_131_2",1,131,2,1952,1,1451.06936832123,166705.160561212,5331.33755236258,0.00899197491430596,0.00899197491430596,111.210274664916,111.210274664916,1,FALSE,0.00891222269670811,0.000954082668229271,0,0.0241936972477182,0.000111257251824357
"736","Affiliate_Impressions",0,0,0,0,0,0,0,0,0,TRUE,0.0119589773890613,0.0119589773890613,7887.3982300885,891276,NA,NA,0,0,0.6352717004,0.117187403941083,-0.11122741773315,-0.443015135175896,0.149407617350994,0.212741506006704,0.30615547064279,0.212741506006704,0.047017540107994,0,724198.553853311,0.1279823659,5654727.87225015,1e-04,"1_131_2",1,131,2,1952,1,0,10539.5237095601,2652.12547947164,0,0,Inf,Inf,1,FALSE,0,0,0,0,NA
"737","Organic_Views",0,0,0,0,0,0,0,0,0,TRUE,NA,NA,NA,NA,8051.88495575221,8051.88495575221,NA,NA,0.6352717004,0.117187403941083,-0.11122741773315,-0.443015135175896,0.149407617350994,0.212741506006704,0.30615547064279,0.212741506006704,0.047017540107994,0,724198.553853311,0.1279823659,5654727.87225015,1e-04,"1_131_2",1,131,2,1952,1,0,8485.35276059276,433.46780484055,NA,NA,NA,NA,1,FALSE,NA,NA,NA,NA,NA
"738","Email_Impressions",9404.27271074776,343180.155048393,0.0326320244110399,3036.99252255215,0.0326320244110399,343180.155048393,0.0326320244110399,3036.99252255215,0.0326320244110399,TRUE,NA,NA,NA,NA,389433.016085841,389433.016085841,NA,NA,0.6352717004,0.117187403941083,-0.11122741773315,-0.443015135175896,0.149407617350994,0.212741506006704,0.30615547064279,0.212741506006704,0.047017540107994,0,724198.553853311,0.1279823659,5654727.87225015,1e-04,"1_131_2",1,131,2,1952,1,3036.99252255215,432118.859895544,42685.8438097032,NA,NA,NA,NA,1,FALSE,NA,NA,NA,NA,0.0139797444716151
"739","(Intercept)",69571.3080003417,7861557.80403861,0.752639976290613,69571.3080003417,0.752639976290613,7861557.80403861,0.752639976290613,69571.3080003417,0.752639976290613,TRUE,NA,NA,NA,NA,NA,NA,NA,NA,0.63882987515,0.0647152045708501,-0.121339785044413,-0.556378985576301,0.153783739246628,0.213707306531148,0.317953976003676,0.213707306531148,0.033471576864618,0,982760.096088245,0.1737117815,5654727.87225015,1e-04,"1_131_5",1,131,5,1955,3,NA,NA,NA,NA,NA,NA,NA,3,FALSE,NA,NA,NA,NA,NA
"740","trend",0.116688790160237,1397333.19945112,0.133776136017814,12365.7805261161,0.133776136017814,1397333.19945112,0.133776136017814,12365.7805261161,0.133776136017814,TRUE,NA,NA,NA,NA,NA,NA,NA,NA,0.63882987515,0.0647152045708501,-0.121339785044413,-0.556378985576301,0.153783739246628,0.213707306531148,0.317953976003676,0.213707306531148,0.033471576864618,0,982760.096088245,0.1737117815,5654727.87225015,1e-04,"1_131_5",1,131,5,1955,3,NA,NA,NA,NA,NA,NA,NA,3,FALSE,NA,NA,NA,NA,NA
"741","season",0.0392255736130091,-11200.5429559692,-0.00107230355547244,-99.1198491678694,-0.00107230355547244,-11200.5429559692,-0.00107230355547244,-99.1198491678694,-0.00107230355547244,FALSE,NA,NA,NA,NA,NA,NA,NA,NA,0.63882987515,0.0647152045708501,-0.121339785044413,-0.556378985576301,0.153783739246628,0.213707306531148,0.317953976003676,0.213707306531148,0.033471576864618,0,982760.096088245,0.1737117815,5654727.87225015,1e-04,"1_131_5",1,131,5,1955,3,NA,NA,NA,NA,NA,NA,NA,3,FALSE,NA,NA,NA,NA,NA
"742","holiday",0,0,0,0,0,0,0,0,0,TRUE,NA,NA,NA,NA,NA,NA,NA,NA,0.63882987515,0.0647152045708501,-0.121339785044413,-0.556378985576301,0.153783739246628,0.213707306531148,0.317953976003676,0.213707306531148,0.033471576864618,0,982760.096088245,0.1737117815,5654727.87225015,1e-04,"1_131_5",1,131,5,1955,3,NA,NA,NA,NA,NA,NA,NA,3,FALSE,NA,NA,NA,NA,NA
"743","Google_Impressions",18511.5845917222,325327.180026776,0.031145766165614,2879.00159315731,0.031145766165614,325327.180026776,0.031145766165614,2879.00159315731,0.031145766165614,TRUE,0.743363900415277,0.743363900415277,490276.628318584,55401259,NA,NA,0.73492691984326,0.73492691984326,0.63882987515,0.0647152045708501,-0.121339785044413,-0.556378985576301,0.153783739246628,0.213707306531148,0.317953976003676,0.213707306531148,0.033471576864618,0,982760.096088245,0.1737117815,5654727.87225015,1e-04,"1_131_5",1,131,5,1955,3,2879.00159315731,577529.800110866,87253.1717922822,0.0058721983200197,0.0058721983200197,170.293976038031,170.293976038031,3,FALSE,0.00614836150170441,0.000208230508885948,0.00308252913534494,0.00922081584551984,0.152036702190764
"744","Facebook_Impressions",19503.8281987857,117338.847360219,0.0112336396292595,1038.39687929397,0.0112336396292595,117338.847360219,0.0112336396292595,1038.39687929397,0.0112336396292595,TRUE,0.244677122195661,0.244677122195661,161373.82300885,18235242,NA,NA,0.26507308015674,0.26507308015674,0.63882987515,0.0647152045708501,-0.121339785044413,-0.556378985576301,0.153783739246628,0.213707306531148,0.317953976003676,0.213707306531148,0.033471576864618,0,982760.096088245,0.1737117815,5654727.87225015,1e-04,"1_131_5",1,131,5,1955,3,1038.39687929397,166671.458968976,5297.63596012597,0.00643472937514175,0.00643472937514175,155.406691051086,155.406691051086,3,FALSE,0.00666154589379305,0.000271917387353167,0.00265856156013475,0.0106742308008493,8.76577101730031e-05
"745","Affiliate_Impressions",0,0,0,0,0,0,0,0,0,TRUE,0.0119589773890613,0.0119589773890613,7887.3982300885,891276,NA,NA,0,0,0.63882987515,0.0647152045708501,-0.121339785044413,-0.556378985576301,0.153783739246628,0.213707306531148,0.317953976003676,0.213707306531148,0.033471576864618,0,982760.096088245,0.1737117815,5654727.87225015,1e-04,"1_131_5",1,131,5,1955,3,0,9511.53570932688,1624.13747923838,0,0,Inf,Inf,3,FALSE,0,0,0,0,NA
"746","Organic_Views",0,0,0,0,0,0,0,0,0,TRUE,NA,NA,NA,NA,8051.88495575221,8051.88495575221,NA,NA,0.63882987515,0.0647152045708501,-0.121339785044413,-0.556378985576301,0.153783739246628,0.213707306531148,0.317953976003676,0.213707306531148,0.033471576864618,0,982760.096088245,0.1737117815,5654727.87225015,1e-04,"1_131_5",1,131,5,1955,3,0,9091.38716670726,1039.50221095504,NA,NA,NA,NA,3,FALSE,NA,NA,NA,NA,NA
"747","Email_Impressions",16809.9797769018,754953.423445246,0.072276785452172,6681.00374730306,0.072276785452172,754953.423445246,0.072276785452172,6681.00374730306,0.072276785452172,TRUE,NA,NA,NA,NA,389433.016085841,389433.016085841,NA,NA,0.63882987515,0.0647152045708501,-0.121339785044413,-0.556378985576301,0.153783739246628,0.213707306531148,0.317953976003676,0.213707306531148,0.033471576864618,0,982760.096088245,0.1737117815,5654727.87225015,1e-04,"1_131_5",1,131,5,1955,3,6681.00374730306,439823.362476715,50390.3463908743,NA,NA,NA,NA,3,FALSE,NA,NA,NA,NA,0.312611251325077
"748","(Intercept)",65170.4118802237,7364256.54246527,0.70118387841105,65170.4118802237,0.70118387841105,7364256.54246527,0.70118387841105,65170.4118802237,0.70118387841105,TRUE,NA,NA,NA,NA,NA,NA,NA,NA,0.63678913274,0.110117817200965,-0.122785737376083,-0.462834525151806,0.150004654547951,0.213845048467285,0.308250778401059,0.213845048467285,0.0295878701400067,0,767874.296409505,0.1357068951,5654727.87225015,1e-04,"1_131_10",1,131,10,1960,2,NA,NA,NA,NA,NA,NA,NA,3,FALSE,NA,NA,NA,NA,NA
"749","trend",0.141994042045999,1700360.32426657,0.161898928967292,15047.4364979342,0.161898928967292,1700360.32426657,0.161898928967292,15047.4364979342,0.161898928967292,TRUE,NA,NA,NA,NA,NA,NA,NA,NA,0.63678913274,0.110117817200965,-0.122785737376083,-0.462834525151806,0.150004654547951,0.213845048467285,0.308250778401059,0.213845048467285,0.0295878701400067,0,767874.296409505,0.1357068951,5654727.87225015,1e-04,"1_131_10",1,131,10,1960,2,NA,NA,NA,NA,NA,NA,NA,3,FALSE,NA,NA,NA,NA,NA
"750","season",0.0489012691537079,-13963.3589851665,-0.00132951400489739,-123.569548541296,-0.00132951400489739,-13963.3589851665,-0.00132951400489739,-123.569548541296,-0.00132951400489739,FALSE,NA,NA,NA,NA,NA,NA,NA,NA,0.63678913274,0.110117817200965,-0.122785737376083,-0.462834525151806,0.150004654547951,0.213845048467285,0.308250778401059,0.213845048467285,0.0295878701400067,0,767874.296409505,0.1357068951,5654727.87225015,1e-04,"1_131_10",1,131,10,1960,2,NA,NA,NA,NA,NA,NA,NA,3,FALSE,NA,NA,NA,NA,NA
"751","holiday",0,0,0,0,0,0,0,0,0,TRUE,NA,NA,NA,NA,NA,NA,NA,NA,0.63678913274,0.110117817200965,-0.122785737376083,-0.462834525151806,0.150004654547951,0.213845048467285,0.308250778401059,0.213845048467285,0.0295878701400067,0,767874.296409505,0.1357068951,5654727.87225015,1e-04,"1_131_10",1,131,10,1960,2,NA,NA,NA,NA,NA,NA,NA,3,FALSE,NA,NA,NA,NA,NA
"752","Google_Impressions",24199.7437966767,407369.112829737,0.0387874394151948,3605.03639672334,0.0387874394151948,407369.112829737,0.0387874394151948,3605.03639672334,0.0387874394151948,TRUE,0.743363900415277,0.743363900415277,490276.628318584,55401259,NA,NA,0.737555462062683,0.737555462062683,0.63678913274,0.110117817200965,-0.122785737376083,-0.462834525151806,0.150004654547951,0.213845048467285,0.308250778401059,0.213845048467285,0.0295878701400067,0,767874.296409505,0.1357068951,5654727.87225015,1e-04,"1_131_10",1,131,10,1960,2,3605.03639672334,631279.422645657,141002.794327073,0.00735306598049942,0.00735306598049942,135.997691663863,135.997691663863,3,FALSE,0.00614836150170441,0.000208230508885948,0.00308252913534494,0.00922081584551984,0.22356928848584
"753","Facebook_Impressions",23837.5285890919,144954.24966082,0.0138017439212285,1282.78097044973,0.0138017439212285,144954.24966082,0.0138017439212285,1282.78097044973,0.0138017439212285,TRUE,0.244677122195661,0.244677122195661,161373.82300885,18235242,NA,NA,0.262444537937317,0.262444537937317,0.63678913274,0.110117817200965,-0.122785737376083,-0.462834525151806,0.150004654547951,0.213845048467285,0.308250778401059,0.213845048467285,0.0295878701400067,0,767874.296409505,0.1357068951,5654727.87225015,1e-04,"1_131_10",1,131,10,1960,2,1282.78097044973,164663.403053761,3289.58004491179,0.0079491267327749,0.0079491267327749,125.799982012731,125.799982012731,3,FALSE,0.00666154589379305,0.000271917387353167,0.00265856156013475,0.0106742308008493,2.31983189428174e-05
"754","Affiliate_Impressions",0,0,0,0,0,0,0,0,0,TRUE,0.0119589773890613,0.0119589773890613,7887.3982300885,891276,NA,NA,0,0,0.63678913274,0.110117817200965,-0.122785737376083,-0.462834525151806,0.150004654547951,0.213845048467285,0.308250778401059,0.213845048467285,0.0295878701400067,0,767874.296409505,0.1357068951,5654727.87225015,1e-04,"1_131_10",1,131,10,1960,2,0,10881.8216593197,2994.42342923123,0,0,Inf,Inf,3,FALSE,0,0,0,0,NA
"755","Organic_Views",0,0,0,0,0,0,0,0,0,TRUE,NA,NA,NA,NA,8051.88495575221,8051.88495575221,NA,NA,0.63678913274,0.110117817200965,-0.122785737376083,-0.462834525151806,0.150004654547951,0.213845048467285,0.308250778401059,0.213845048467285,0.0295878701400067,0,767874.296409505,0.1357068951,5654727.87225015,1e-04,"1_131_10",1,131,10,1960,2,0,8802.09349548891,750.208539736702,NA,NA,NA,NA,3,FALSE,NA,NA,NA,NA,NA
"756","Email_Impressions",21827.4324228633,899627.038959008,0.085657523290132,7961.30122972573,0.085657523290132,899627.038959008,0.085657523290132,7961.30122972573,0.085657523290132,TRUE,NA,NA,NA,NA,389433.016085841,389433.016085841,NA,NA,0.63678913274,0.110117817200965,-0.122785737376083,-0.462834525151806,0.150004654547951,0.213845048467285,0.308250778401059,0.213845048467285,0.0295878701400067,0,767874.296409505,0.1357068951,5654727.87225015,1e-04,"1_131_10",1,131,10,1960,2,7961.30122972573,401653.029884217,12220.0137983765,NA,NA,NA,NA,3,FALSE,NA,NA,NA,NA,0.145670640108133
"757","(Intercept)",78650.0156547481,8887451.76898653,0.857320546227764,78650.0156547481,0.857320546227764,8887451.76898653,0.857320546227764,78650.0156547481,0.857320546227764,TRUE,NA,NA,NA,NA,NA,NA,NA,NA,0.63837008963,0.00456489270516713,-0.132067501886203,-0.68771816797687,0.158651782606328,0.214727128685532,0.331097989641332,0.214727128685532,0.0196654606968867,0,1524094.61662779,0.269452668,5654727.87225015,1e-04,"1_131_11",1,131,11,1961,1,NA,NA,NA,NA,NA,NA,NA,3,FALSE,NA,NA,NA,NA,NA
"758","trend",0.0802425540472304,960894.226643154,0.0926918519127732,8503.48873135535,0.0926918519127732,960894.226643154,0.0926918519127732,8503.48873135535,0.0926918519127732,TRUE,NA,NA,NA,NA,NA,NA,NA,NA,0.63837008963,0.00456489270516713,-0.132067501886203,-0.68771816797687,0.158651782606328,0.214727128685532,0.331097989641332,0.214727128685532,0.0196654606968867,0,1524094.61662779,0.269452668,5654727.87225015,1e-04,"1_131_11",1,131,11,1961,1,NA,NA,NA,NA,NA,NA,NA,3,FALSE,NA,NA,NA,NA,NA
"759","season",0.0261266659573128,-7460.25659785612,-0.000719647366615484,-66.019969892532,-0.000719647366615484,-7460.25659785612,-0.000719647366615484,-66.019969892532,-0.000719647366615484,FALSE,NA,NA,NA,NA,NA,NA,NA,NA,0.63837008963,0.00456489270516713,-0.132067501886203,-0.68771816797687,0.158651782606328,0.214727128685532,0.331097989641332,0.214727128685532,0.0196654606968867,0,1524094.61662779,0.269452668,5654727.87225015,1e-04,"1_131_11",1,131,11,1961,1,NA,NA,NA,NA,NA,NA,NA,3,FALSE,NA,NA,NA,NA,NA
"760","holiday",0,0,0,0,0,0,0,0,0,TRUE,NA,NA,NA,NA,NA,NA,NA,NA,0.63837008963,0.00456489270516713,-0.132067501886203,-0.68771816797687,0.158651782606328,0.214727128685532,0.331097989641332,0.214727128685532,0.0196654606968867,0,1524094.61662779,0.269452668,5654727.87225015,1e-04,"1_131_11",1,131,11,1961,1,NA,NA,NA,NA,NA,NA,NA,3,FALSE,NA,NA,NA,NA,NA
"761","Google_Impressions",11886.9054929017,219971.804190605,0.0212193947405131,1946.65313443013,0.0212193947405131,219971.804190605,0.0212193947405131,1946.65313443013,0.0212193947405131,TRUE,0.743363900415277,0.743363900415277,490276.628318584,55401259,NA,NA,0.748116582595198,0.748116582595198,0.63837008963,0.00456489270516713,-0.132067501886203,-0.68771816797687,0.158651782606328,0.214727128685532,0.331097989641332,0.214727128685532,0.0196654606968867,0,1524094.61662779,0.269452668,5654727.87225015,1e-04,"1_131_11",1,131,11,1961,1,1946.65313443013,605943.202466446,115666.574147862,0.0039705199513716,0.0039705199513716,251.85618313152,251.85618313152,3,FALSE,0.00614836150170441,0.000208230508885948,0.00308252913534494,0.00922081584551984,0.197193475227988
"762","Facebook_Impressions",15703.1434090638,74062.3200464601,0.00714435929753205,655.418761473098,0.00714435929753205,74062.3200464601,0.00714435929753205,655.418761473098,0.00714435929753205,TRUE,0.244677122195661,0.244677122195661,161373.82300885,18235242,NA,NA,0.251883417404802,0.251883417404802,0.63837008963,0.00456489270516713,-0.132067501886203,-0.68771816797687,0.158651782606328,0.214727128685532,0.331097989641332,0.214727128685532,0.0196654606968867,0,1524094.61662779,0.269452668,5654727.87225015,1e-04,"1_131_11",1,131,11,1961,1,655.418761473098,163164.965903057,1791.14289420715,0.0040614936750749,0.0040614936750749,246.214836215782,246.214836215782,3,FALSE,0.00666154589379305,0.000271917387353167,0.00265856156013475,0.0106742308008493,3.01174895384135e-06
"763","Affiliate_Impressions",0,0,0,0,0,0,0,0,0,TRUE,0.0119589773890613,0.0119589773890613,7887.3982300885,891276,NA,NA,0,0,0.63837008963,0.00456489270516713,-0.132067501886203,-0.68771816797687,0.158651782606328,0.214727128685532,0.331097989641332,0.214727128685532,0.0196654606968867,0,1524094.61662779,0.269452668,5654727.87225015,1e-04,"1_131_11",1,131,11,1961,1,0,9806.98256990104,1919.58433981255,0,0,Inf,Inf,3,FALSE,0,0,0,0,NA
"764","Organic_Views",0,0,0,0,0,0,0,0,0,TRUE,NA,NA,NA,NA,8051.88495575221,8051.88495575221,NA,NA,0.63837008963,0.00456489270516713,-0.132067501886203,-0.68771816797687,0.158651782606328,0.214727128685532,0.331097989641332,0.214727128685532,0.0196654606968867,0,1524094.61662779,0.269452668,5654727.87225015,1e-04,"1_131_11",1,131,11,1961,1,0,8189.20330774641,137.318351994196,NA,NA,NA,NA,3,FALSE,NA,NA,NA,NA,NA
"765","Email_Impressions",8451.40926969973,231624.841732737,0.0223434951880334,2049.7773604667,0.0223434951880334,231624.841732737,0.0223434951880334,2049.7773604667,0.0223434951880334,TRUE,NA,NA,NA,NA,389433.016085841,389433.016085841,NA,NA,0.63837008963,0.00456489270516713,-0.132067501886203,-0.68771816797687,0.158651782606328,0.214727128685532,0.331097989641332,0.214727128685532,0.0196654606968867,0,1524094.61662779,0.269452668,5654727.87225015,1e-04,"1_131_11",1,131,11,1961,1,2049.7773604667,463203.180236533,73770.1641506926,NA,NA,NA,NA,3,FALSE,NA,NA,NA,NA,0.0939592291696277
"766","(Intercept)",69946.3886701182,7903941.91972336,0.752574552954758,69946.3886701182,0.752574552954758,7903941.91972336,0.752574552954758,69946.3886701182,0.752574552954758,TRUE,NA,NA,NA,NA,NA,NA,NA,NA,0.64022435336,0.114046746455065,-0.124573396456754,-0.457234234977822,0.149673144575655,0.214015218958017,0.307660161631277,0.214015218958017,0.0271086304954074,0,774507.99947304,0.1368801375,5654727.87225015,1e-04,"1_132_5",1,132,5,1970,3,NA,NA,NA,NA,NA,NA,NA,1,FALSE,NA,NA,NA,NA,NA
"767","trend",0.141440245729166,1693728.68485902,0.161268531674514,14988.7494235312,0.161268531674514,1693728.68485902,0.161268531674514,14988.7494235312,0.161268531674514,TRUE,NA,NA,NA,NA,NA,NA,NA,NA,0.64022435336,0.114046746455065,-0.124573396456754,-0.457234234977822,0.149673144575655,0.214015218958017,0.307660161631277,0.214015218958017,0.0271086304954074,0,774507.99947304,0.1368801375,5654727.87225015,1e-04,"1_132_5",1,132,5,1970,3,NA,NA,NA,NA,NA,NA,NA,1,FALSE,NA,NA,NA,NA,NA
"768","season",0.0483481668183789,-13805.4251196985,-0.00131448481571979,-122.171903714146,-0.00131448481571979,-13805.4251196985,-0.00131448481571979,-122.171903714146,-0.00131448481571979,FALSE,NA,NA,NA,NA,NA,NA,NA,NA,0.64022435336,0.114046746455065,-0.124573396456754,-0.457234234977822,0.149673144575655,0.214015218958017,0.307660161631277,0.214015218958017,0.0271086304954074,0,774507.99947304,0.1368801375,5654727.87225015,1e-04,"1_132_5",1,132,5,1970,3,NA,NA,NA,NA,NA,NA,NA,1,FALSE,NA,NA,NA,NA,NA
"769","holiday",0,0,0,0,0,0,0,0,0,TRUE,NA,NA,NA,NA,NA,NA,NA,NA,0.64022435336,0.114046746455065,-0.124573396456754,-0.457234234977822,0.149673144575655,0.214015218958017,0.307660161631277,0.214015218958017,0.0271086304954074,0,774507.99947304,0.1368801375,5654727.87225015,1e-04,"1_132_5",1,132,5,1970,3,NA,NA,NA,NA,NA,NA,NA,1,FALSE,NA,NA,NA,NA,NA
"770","Google_Impressions",24076.2035612751,402414.083971112,0.0383158938189487,3561.18658381515,0.0383158938189487,402414.083971112,0.0383158938189487,3561.18658381515,0.0383158938189487,TRUE,0.743363900415277,0.743363900415277,490276.628318584,55401259,NA,NA,0.739372354087337,0.739372354087337,0.64022435336,0.114046746455065,-0.124573396456754,-0.457234234977822,0.149673144575655,0.214015218958017,0.307660161631277,0.214015218958017,0.0271086304954074,0,774507.99947304,0.1368801375,5654727.87225015,1e-04,"1_132_5",1,132,5,1970,3,3561.18658381515,662339.97559209,172063.347273506,0.00726362705892861,0.00726362705892861,137.672266470617,137.672266470617,1,FALSE,0.00782942360134586,0.00074135540919751,0,0.019703727690251,0.245560490978409
"771","Facebook_Impressions",24133.251594935,141850.361063274,0.0135062951053923,1255.31292976349,0.0135062951053923,141850.361063274,0.0135062951053923,1255.31292976349,0.0135062951053923,TRUE,0.244677122195661,0.244677122195661,161373.82300885,18235242,NA,NA,0.260627645912663,0.260627645912663,0.64022435336,0.114046746455065,-0.124573396456754,-0.457234234977822,0.149673144575655,0.214015218958017,0.307660161631277,0.214015218958017,0.0271086304954074,0,774507.99947304,0.1368801375,5654727.87225015,1e-04,"1_132_5",1,132,5,1970,3,1255.31292976349,162899.68964447,1525.86663562069,0.00777891300062121,0.00777891300062121,128.552665381415,128.552665381415,1,FALSE,0.00891222269670811,0.000954082668229271,0,0.0241936972477182,2.56457479505685e-06
"772","Affiliate_Impressions",0,0,0,0,0,0,0,0,0,TRUE,0.0119589773890613,0.0119589773890613,7887.3982300885,891276,NA,NA,0,0,0.64022435336,0.114046746455065,-0.124573396456754,-0.457234234977822,0.149673144575655,0.214015218958017,0.307660161631277,0.214015218958017,0.0271086304954074,0,774507.99947304,0.1368801375,5654727.87225015,1e-04,"1_132_5",1,132,5,1970,3,0,10340.8811881867,2453.48295809817,0,0,Inf,Inf,1,FALSE,0,0,0,0,NA
"773","Organic_Views",0,0,0,0,0,0,0,0,0,TRUE,NA,NA,NA,NA,8051.88495575221,8051.88495575221,NA,NA,0.64022435336,0.114046746455065,-0.124573396456754,-0.457234234977822,0.149673144575655,0.214015218958017,0.307660161631277,0.214015218958017,0.0271086304954074,0,774507.99947304,0.1368801375,5654727.87225015,1e-04,"1_132_5",1,132,5,1970,3,0,8585.65288013019,533.767924377974,NA,NA,NA,NA,1,FALSE,NA,NA,NA,NA,NA
"774","Email_Impressions",13673.1281481076,374407.152345716,0.0356492112621069,3313.33763137802,0.0356492112621069,374407.152345716,0.0356492112621069,3313.33763137802,0.0356492112621069,TRUE,NA,NA,NA,NA,389433.016085841,389433.016085841,NA,NA,0.64022435336,0.114046746455065,-0.124573396456754,-0.457234234977822,0.149673144575655,0.214015218958017,0.307660161631277,0.214015218958017,0.0271086304954074,0,774507.99947304,0.1368801375,5654727.87225015,1e-04,"1_132_5",1,132,5,1970,3,3313.33763137802,471903.032395407,82470.0163095667,NA,NA,NA,NA,1,FALSE,NA,NA,NA,NA,0.069652463786033
"775","(Intercept)",70821.6537878979,8002846.87803246,0.76229041582727,70821.6537878979,0.76229041582727,8002846.87803246,0.76229041582727,70821.6537878979,0.76229041582727,TRUE,NA,NA,NA,NA,NA,NA,NA,NA,0.63675604214,0.106658748692455,-0.116584904284216,-0.468067865584444,0.150295913959671,0.213253727573092,0.308801674967491,0.213253727573092,0.0411012485862349,0,778476.658322888,0.1375820379,5654727.87225015,1e-04,"1_132_6",1,132,6,1971,2,NA,NA,NA,NA,NA,NA,NA,1,FALSE,NA,NA,NA,NA,NA
"776","trend",0.140313970891188,1680241.6890589,0.160047062672018,14869.3954783974,0.160047062672018,1680241.6890589,0.160047062672018,14869.3954783974,0.160047062672018,TRUE,NA,NA,NA,NA,NA,NA,NA,NA,0.63675604214,0.106658748692455,-0.116584904284216,-0.468067865584444,0.150295913959671,0.213253727573092,0.308801674967491,0.213253727573092,0.0411012485862349,0,778476.658322888,0.1375820379,5654727.87225015,1e-04,"1_132_6",1,132,6,1971,2,NA,NA,NA,NA,NA,NA,NA,1,FALSE,NA,NA,NA,NA,NA
"777","season",0.0482985955419448,-13791.2704455933,-0.00131365168457932,-122.046641111445,-0.00131365168457932,-13791.2704455933,-0.00131365168457932,-122.046641111445,-0.00131365168457932,FALSE,NA,NA,NA,NA,NA,NA,NA,NA,0.63675604214,0.106658748692455,-0.116584904284216,-0.468067865584444,0.150295913959671,0.213253727573092,0.308801674967491,0.213253727573092,0.0411012485862349,0,778476.658322888,0.1375820379,5654727.87225015,1e-04,"1_132_6",1,132,6,1971,2,NA,NA,NA,NA,NA,NA,NA,1,FALSE,NA,NA,NA,NA,NA
"778","holiday",0,0,0,0,0,0,0,0,0,TRUE,NA,NA,NA,NA,NA,NA,NA,NA,0.63675604214,0.106658748692455,-0.116584904284216,-0.468067865584444,0.150295913959671,0.213253727573092,0.308801674967491,0.213253727573092,0.0411012485862349,0,778476.658322888,0.1375820379,5654727.87225015,1e-04,"1_132_6",1,132,6,1971,2,NA,NA,NA,NA,NA,NA,NA,1,FALSE,NA,NA,NA,NA,NA
"779","Google_Impressions",18953.096374556,408916.989371199,0.038950326879582,3618.73441921415,0.038950326879582,408916.989371199,0.038950326879582,3618.73441921415,0.038950326879582,TRUE,0.743363900415277,0.743363900415277,490276.628318584,55401259,NA,NA,0.730163808208563,0.730163808208563,0.63675604214,0.106658748692455,-0.116584904284216,-0.468067865584444,0.150295913959671,0.213253727573092,0.308801674967491,0.213253727573092,0.0411012485862349,0,778476.658322888,0.1375820379,5654727.87225015,1e-04,"1_132_6",1,132,6,1971,2,3618.73441921415,686002.022934196,195725.394615612,0.00738100535533315,0.00738100535533315,135.482898583382,135.482898583382,1,FALSE,0.00782942360134586,0.00074135540919751,0,0.019703727690251,0.319544270835425
"780","Facebook_Impressions",20277.1665931345,151117.60118796,0.0143943150236446,1337.32390431823,0.0143943150236446,151117.60118796,0.0143943150236446,1337.32390431823,0.0143943150236446,TRUE,0.244677122195661,0.244677122195661,161373.82300885,18235242,NA,NA,0.269836191791437,0.269836191791437,0.63675604214,0.106658748692455,-0.116584904284216,-0.468067865584444,0.150295913959671,0.213253727573092,0.308801674967491,0.213253727573092,0.0411012485862349,0,778476.658322888,0.1375820379,5654727.87225015,1e-04,"1_132_6",1,132,6,1971,2,1337.32390431823,163795.007167809,2421.18415895916,0.00828711794381234,0.00828711794381234,120.669212961626,120.669212961626,1,FALSE,0.00891222269670811,0.000954082668229271,0,0.0241936972477182,1.17024071099894e-05
"781","Affiliate_Impressions",0,0,0,0,0,0,0,0,0,TRUE,0.0119589773890613,0.0119589773890613,7887.3982300885,891276,NA,NA,0,0,0.63675604214,0.106658748692455,-0.116584904284216,-0.468067865584444,0.150295913959671,0.213253727573092,0.308801674967491,0.213253727573092,0.0411012485862349,0,778476.658322888,0.1375820379,5654727.87225015,1e-04,"1_132_6",1,132,6,1971,2,0,10607.2635279116,2719.86529782308,0,0,Inf,Inf,1,FALSE,0,0,0,0,NA
"782","Organic_Views",0,0,0,0,0,0,0,0,0,TRUE,NA,NA,NA,NA,8051.88495575221,8051.88495575221,NA,NA,0.63675604214,0.106658748692455,-0.116584904284216,-0.468067865584444,0.150295913959671,0.213253727573092,0.308801674967491,0.213253727573092,0.0411012485862349,0,778476.658322888,0.1375820379,5654727.87225015,1e-04,"1_132_6",1,132,6,1971,2,0,8628.10145429709,576.216498544876,NA,NA,NA,NA,1,FALSE,NA,NA,NA,NA,NA
"783","Email_Impressions",7835.9822523231,269090.645560919,0.0256315312820645,2381.33314655681,0.0256315312820645,269090.645560919,0.0256315312820645,2381.33314655681,0.0256315312820645,TRUE,NA,NA,NA,NA,389433.016085841,389433.016085841,NA,NA,0.63675604214,0.106658748692455,-0.116584904284216,-0.468067865584444,0.150295913959671,0.213253727573092,0.308801674967491,0.213253727573092,0.0411012485862349,0,778476.658322888,0.1375820379,5654727.87225015,1e-04,"1_132_6",1,132,6,1971,2,2381.33314655681,524003.830510255,134570.814424414,NA,NA,NA,NA,1,FALSE,NA,NA,NA,NA,0.0351310666485211
"784","(Intercept)",70955.4165969746,8017962.07545813,0.76550731013699,70955.4165969746,0.76550731013699,8017962.07545813,0.76550731013699,70955.4165969746,0.76550731013699,TRUE,NA,NA,NA,NA,NA,NA,NA,NA,0.63955020383,0.0885034906481464,-0.125651967467586,-0.508736552717954,0.151815454588836,0.214117824662217,0.313049696586641,0.214117824662217,0.02243182540948,0,859718.909733005,0.151950612,5654727.87225015,1e-04,"1_132_8",1,132,8,1973,1,NA,NA,NA,NA,NA,NA,NA,3,FALSE,NA,NA,NA,NA,NA
"785","trend",0.129814890341101,1554516.55474049,0.148415990894397,13756.7836702698,0.148415990894397,1554516.55474049,0.148415990894397,13756.7836702698,0.148415990894397,TRUE,NA,NA,NA,NA,NA,NA,NA,NA,0.63955020383,0.0885034906481464,-0.125651967467586,-0.508736552717954,0.151815454588836,0.214117824662217,0.313049696586641,0.214117824662217,0.02243182540948,0,859718.909733005,0.151950612,5654727.87225015,1e-04,"1_132_8",1,132,8,1973,1,NA,NA,NA,NA,NA,NA,NA,3,FALSE,NA,NA,NA,NA,NA
"786","season",0.0442212667759106,-12627.0224363704,-0.00120555296836484,-111.743561383809,-0.00120555296836484,-12627.0224363704,-0.00120555296836484,-111.743561383809,-0.00120555296836484,FALSE,NA,NA,NA,NA,NA,NA,NA,NA,0.63955020383,0.0885034906481464,-0.125651967467586,-0.508736552717954,0.151815454588836,0.214117824662217,0.313049696586641,0.214117824662217,0.02243182540948,0,859718.909733005,0.151950612,5654727.87225015,1e-04,"1_132_8",1,132,8,1973,1,NA,NA,NA,NA,NA,NA,NA,3,FALSE,NA,NA,NA,NA,NA
"787","holiday",0,0,0,0,0,0,0,0,0,TRUE,NA,NA,NA,NA,NA,NA,NA,NA,0.63955020383,0.0885034906481464,-0.125651967467586,-0.508736552717954,0.151815454588836,0.214117824662217,0.313049696586641,0.214117824662217,0.02243182540948,0,859718.909733005,0.151950612,5654727.87225015,1e-04,"1_132_8",1,132,8,1973,1,NA,NA,NA,NA,NA,NA,NA,3,FALSE,NA,NA,NA,NA,NA
"788","Google_Impressions",19941.3923705082,375131.943657142,0.0358153658539264,3319.75171378002,0.0358153658539264,375131.943657142,0.0358153658539264,3319.75171378002,0.0358153658539264,TRUE,0.743363900415277,0.743363900415277,490276.628318584,55401259,NA,NA,0.743490318985392,0.743490318985392,0.63955020383,0.0885034906481464,-0.125651967467586,-0.508736552717954,0.151815454588836,0.214117824662217,0.313049696586641,0.214117824662217,0.02243182540948,0,859718.909733005,0.151950612,5654727.87225015,1e-04,"1_132_8",1,132,8,1973,1,3319.75171378002,683750.550588848,193473.922270264,0.00677118084369061,0.00677118084369061,147.684727831749,147.684727831749,3,FALSE,0.00614836150170441,0.000208230508885948,0.00308252913534494,0.00922081584551984,0.30479750734113
"789","Facebook_Impressions",21709.9165284432,129423.306193411,0.0123565671751439,1145.33899286205,0.0123565671751439,129423.306193411,0.0123565671751439,1145.33899286205,0.0123565671751439,TRUE,0.244677122195661,0.244677122195661,161373.82300885,18235242,NA,NA,0.256509681014608,0.256509681014608,0.63955020383,0.0885034906481464,-0.125651967467586,-0.508736552717954,0.151815454588836,0.214117824662217,0.313049696586641,0.214117824662217,0.02243182540948,0,859718.909733005,0.151950612,5654727.87225015,1e-04,"1_132_8",1,132,8,1973,1,1145.33899286205,162333.373268367,959.550259517358,0.00709742739873764,0.00709742739873764,140.896122470779,140.896122470779,3,FALSE,0.00666154589379305,0.000271917387353167,0.00265856156013475,0.0106742308008493,6.00585711400748e-07
"790","Affiliate_Impressions",0,0,0,0,0,0,0,0,0,TRUE,0.0119589773890613,0.0119589773890613,7887.3982300885,891276,NA,NA,0,0,0.63955020383,0.0885034906481464,-0.125651967467586,-0.508736552717954,0.151815454588836,0.214117824662217,0.313049696586641,0.214117824662217,0.02243182540948,0,859718.909733005,0.151950612,5654727.87225015,1e-04,"1_132_8",1,132,8,1973,1,0,9258.84763947309,1371.44940938459,0,0,Inf,Inf,3,FALSE,0,0,0,0,NA
"791","Organic_Views",0,0,0,0,0,0,0,0,0,TRUE,NA,NA,NA,NA,8051.88495575221,8051.88495575221,NA,NA,0.63955020383,0.0885034906481464,-0.125651967467586,-0.508736552717954,0.151815454588836,0.214117824662217,0.313049696586641,0.214117824662217,0.02243182540948,0,859718.909733005,0.151950612,5654727.87225015,1e-04,"1_132_8",1,132,8,1973,1,0,9147.13397511339,1095.24901936118,NA,NA,NA,NA,3,FALSE,NA,NA,NA,NA,NA
"792","Email_Impressions",12593.9931767769,409643.447698186,0.0391103189079082,3625.16325396624,0.0391103189079082,409643.447698186,0.0391103189079082,3625.16325396624,0.0391103189079082,TRUE,NA,NA,NA,NA,389433.016085841,389433.016085841,NA,NA,0.63955020383,0.0885034906481464,-0.125651967467586,-0.508736552717954,0.151815454588836,0.214117824662217,0.313049696586641,0.214117824662217,0.02243182540948,0,859718.909733005,0.151950612,5654727.87225015,1e-04,"1_132_8",1,132,8,1973,1,3625.16325396624,428117.227501588,38684.2114157474,NA,NA,NA,NA,3,FALSE,NA,NA,NA,NA,0.0554878628102701
"793","(Intercept)",68651.0104275231,7757564.17831011,0.737834297143126,68651.0104275231,0.737834297143126,7757564.17831011,0.737834297143126,68651.0104275231,0.737834297143126,TRUE,NA,NA,NA,NA,NA,NA,NA,NA,0.63775592837,0.120764573818667,-0.130211208303014,-0.442622355320748,0.149104609137981,0.214551008391025,0.306113800987865,0.214551008391025,0.021445265996415,0,734085.041134466,0.1297308985,5654727.87225015,1e-04,"1_132_10",1,132,10,1975,3,NA,NA,NA,NA,NA,NA,NA,3,FALSE,NA,NA,NA,NA,NA
"794","trend",0.147452818855597,1765728.47191786,0.167941250124072,15625.915680689,0.167941250124072,1765728.47191786,0.167941250124072,15625.915680689,0.167941250124072,TRUE,NA,NA,NA,NA,NA,NA,NA,NA,0.63775592837,0.120764573818667,-0.130211208303014,-0.442622355320748,0.149104609137981,0.214551008391025,0.306113800987865,0.214551008391025,0.021445265996415,0,734085.041134466,0.1297308985,5654727.87225015,1e-04,"1_132_10",1,132,10,1975,3,NA,NA,NA,NA,NA,NA,NA,3,FALSE,NA,NA,NA,NA,NA
"795","season",0.0508138494520082,-14509.4807066535,-0.00138001984296023,-128.402484129677,-0.00138001984296023,-14509.4807066535,-0.00138001984296023,-128.402484129677,-0.00138001984296023,FALSE,NA,NA,NA,NA,NA,NA,NA,NA,0.63775592837,0.120764573818667,-0.130211208303014,-0.442622355320748,0.149104609137981,0.214551008391025,0.306113800987865,0.214551008391025,0.021445265996415,0,734085.041134466,0.1297308985,5654727.87225015,1e-04,"1_132_10",1,132,10,1975,3,NA,NA,NA,NA,NA,NA,NA,3,FALSE,NA,NA,NA,NA,NA
"796","holiday",0,0,0,0,0,0,0,0,0,TRUE,NA,NA,NA,NA,NA,NA,NA,NA,0.63775592837,0.120764573818667,-0.130211208303014,-0.442622355320748,0.149104609137981,0.214551008391025,0.306113800987865,0.214551008391025,0.021445265996415,0,734085.041134466,0.1297308985,5654727.87225015,1e-04,"1_132_10",1,132,10,1975,3,NA,NA,NA,NA,NA,NA,NA,3,FALSE,NA,NA,NA,NA,NA
"797","Google_Impressions",22872.3895086194,425254.672283345,0.0404466498786173,3763.31568392341,0.0404466498786173,425254.672283345,0.0404466498786173,3763.31568392341,0.0404466498786173,TRUE,0.743363900415277,0.743363900415277,490276.628318584,55401259,NA,NA,0.744644042285837,0.744644042285837,0.63775592837,0.120764573818667,-0.130211208303014,-0.442622355320748,0.149104609137981,0.214551008391025,0.306113800987865,0.214551008391025,0.021445265996415,0,734085.041134466,0.1297308985,5654727.87225015,1e-04,"1_132_10",1,132,10,1975,3,3763.31568392341,646748.229416481,156471.601097897,0.00767590267729016,0.00767590267729016,130.277837284022,130.277837284022,3,FALSE,0.00614836150170441,0.000208230508885948,0.00308252913534494,0.00922081584551984,0.24584065499154
"798","Facebook_Impressions",27498.8363889373,145829.830021863,0.0138701076347552,1290.52946922002,0.0138701076347552,145829.830021863,0.0138701076347552,1290.52946922002,0.0138701076347552,TRUE,0.244677122195661,0.244677122195661,161373.82300885,18235242,NA,NA,0.255355957714163,0.255355957714163,0.63775592837,0.120764573818667,-0.130211208303014,-0.442622355320748,0.149104609137981,0.214551008391025,0.306113800987865,0.214551008391025,0.021445265996415,0,734085.041134466,0.1297308985,5654727.87225015,1e-04,"1_132_10",1,132,10,1975,3,1290.52946922002,164212.276313911,2838.45330506169,0.00799714256722575,0.00799714256722575,125.044663339909,125.044663339909,3,FALSE,0.00666154589379305,0.000271917387353167,0.00265856156013475,0.0106742308008493,1.29666178254523e-05
"799","Affiliate_Impressions",0,0,0,0,0,0,0,0,0,TRUE,0.0119589773890613,0.0119589773890613,7887.3982300885,891276,NA,NA,0,0,0.63775592837,0.120764573818667,-0.130211208303014,-0.442622355320748,0.149104609137981,0.214551008391025,0.306113800987865,0.214551008391025,0.021445265996415,0,734085.041134466,0.1297308985,5654727.87225015,1e-04,"1_132_10",1,132,10,1975,3,0,10311.4001765871,2424.00194649861,0,0,Inf,Inf,3,FALSE,0,0,0,0,NA
"800","Organic_Views",0,0,0,0,0,0,0,0,0,TRUE,NA,NA,NA,NA,8051.88495575221,8051.88495575221,NA,NA,0.63775592837,0.120764573818667,-0.130211208303014,-0.442622355320748,0.149104609137981,0.214551008391025,0.306113800987865,0.214551008391025,0.021445265996415,0,734085.041134466,0.1297308985,5654727.87225015,1e-04,"1_132_10",1,132,10,1975,3,0,9089.89659610592,1038.01164035371,NA,NA,NA,NA,3,FALSE,NA,NA,NA,NA,NA
"801","Email_Impressions",16954.1646239572,434097.602418916,0.0412877150623907,3841.57170282226,0.0412877150623907,434097.602418916,0.0412877150623907,3841.57170282226,0.0412877150623907,TRUE,NA,NA,NA,NA,389433.016085841,389433.016085841,NA,NA,0.63775592837,0.120764573818667,-0.130211208303014,-0.442622355320748,0.149104609137981,0.214551008391025,0.306113800987865,0.214551008391025,0.021445265996415,0,734085.041134466,0.1297308985,5654727.87225015,1e-04,"1_132_10",1,132,10,1975,3,3841.57170282226,453169.755573534,63736.7394876934,NA,NA,NA,NA,3,FALSE,NA,NA,NA,NA,0.0751393592525785
"802","(Intercept)",73217.0254659889,8273523.87765675,0.789962821403989,73217.0254659889,0.789962821403989,8273523.87765675,0.789962821403989,73217.0254659889,0.789962821403989,TRUE,NA,NA,NA,NA,NA,NA,NA,NA,0.63478853111,0.0918556398563014,-0.120242273679666,-0.504735406327226,0.151536036726442,0.213602697910547,0.312634319493366,0.213602697910547,0.0339571150848095,0,888278.444182837,0.1570016757,5654727.87225015,1e-04,"1_132_11",1,132,11,1976,3,NA,NA,NA,NA,NA,NA,NA,1,FALSE,NA,NA,NA,NA,NA
"803","trend",0.12705094515315,1521418.66789734,0.145266297795381,13463.8820167906,0.145266297795381,1521418.66789734,0.145266297795381,13463.8820167906,0.145266297795381,TRUE,NA,NA,NA,NA,NA,NA,NA,NA,0.63478853111,0.0918556398563014,-0.120242273679666,-0.504735406327226,0.151536036726442,0.213602697910547,0.312634319493366,0.213602697910547,0.0339571150848095,0,888278.444182837,0.1570016757,5654727.87225015,1e-04,"1_132_11",1,132,11,1976,3,NA,NA,NA,NA,NA,NA,NA,1,FALSE,NA,NA,NA,NA,NA
"804","season",0.0427127057377687,-12196.2651228863,-0.00116450936137204,-107.931549760056,-0.00116450936137204,-12196.2651228863,-0.00116450936137204,-107.931549760056,-0.00116450936137204,FALSE,NA,NA,NA,NA,NA,NA,NA,NA,0.63478853111,0.0918556398563014,-0.120242273679666,-0.504735406327226,0.151536036726442,0.213602697910547,0.312634319493366,0.213602697910547,0.0339571150848095,0,888278.444182837,0.1570016757,5654727.87225015,1e-04,"1_132_11",1,132,11,1976,3,NA,NA,NA,NA,NA,NA,NA,1,FALSE,NA,NA,NA,NA,NA
"805","holiday",0,0,0,0,0,0,0,0,0,TRUE,NA,NA,NA,NA,NA,NA,NA,NA,0.63478853111,0.0918556398563014,-0.120242273679666,-0.504735406327226,0.151536036726442,0.213602697910547,0.312634319493366,0.213602697910547,0.0339571150848095,0,888278.444182837,0.1570016757,5654727.87225015,1e-04,"1_132_11",1,132,11,1976,3,NA,NA,NA,NA,NA,NA,NA,1,FALSE,NA,NA,NA,NA,NA
"806","Google_Impressions",21018.1653280823,354542.749331015,0.0338520314573842,3137.54645425677,0.0338520314573842,354542.749331015,0.0338520314573842,3137.54645425677,0.0338520314573842,TRUE,0.743363900415277,0.743363900415277,490276.628318584,55401259,NA,NA,0.734611027177508,0.734611027177508,0.63478853111,0.0918556398563014,-0.120242273679666,-0.504735406327226,0.151536036726442,0.213602697910547,0.312634319493366,0.213602697910547,0.0339571150848095,0,888278.444182837,0.1570016757,5654727.87225015,1e-04,"1_132_11",1,132,11,1976,3,3137.54645425677,673246.323381191,182969.695062607,0.00639954318242144,0.00639954318242144,156.261153569031,156.261153569031,1,FALSE,0.00782942360134586,0.00074135540919751,0,0.019703727690251,0.247150510448798
"807","Facebook_Impressions",19180.2220262381,128083.751244704,0.0122295412457225,1133.48452428941,0.0122295412457225,128083.751244704,0.0122295412457225,1133.48452428941,0.0122295412457225,TRUE,0.244677122195661,0.244677122195661,161373.82300885,18235242,NA,NA,0.265388972822492,0.265388972822492,0.63478853111,0.0918556398563014,-0.120242273679666,-0.504735406327226,0.151536036726442,0.213602697910547,0.312634319493366,0.213602697910547,0.0339571150848095,0,888278.444182837,0.1570016757,5654727.87225015,1e-04,"1_132_11",1,132,11,1976,3,1133.48452428941,161929.469933352,555.646924502483,0.00702396772385603,0.00702396772385603,142.369674707306,142.369674707306,1,FALSE,0.00891222269670811,0.000954082668229271,0,0.0241936972477182,1.24008284359711e-07
"808","Affiliate_Impressions",0,0,0,0,0,0,0,0,0,TRUE,0.0119589773890613,0.0119589773890613,7887.3982300885,891276,NA,NA,0,0,0.63478853111,0.0918556398563014,-0.120242273679666,-0.504735406327226,0.151536036726442,0.213602697910547,0.312634319493366,0.213602697910547,0.0339571150848095,0,888278.444182837,0.1570016757,5654727.87225015,1e-04,"1_132_11",1,132,11,1976,3,0,9894.80155756566,2007.40332747717,0,0,Inf,Inf,1,FALSE,0,0,0,0,NA
"809","Organic_Views",0,0,0,0,0,0,0,0,0,TRUE,NA,NA,NA,NA,8051.88495575221,8051.88495575221,NA,NA,0.63478853111,0.0918556398563014,-0.120242273679666,-0.504735406327226,0.151536036726442,0.213602697910547,0.312634319493366,0.213602697910547,0.0339571150848095,0,888278.444182837,0.1570016757,5654727.87225015,1e-04,"1_132_11",1,132,11,1976,3,0,8867.53137203334,815.64641628113,NA,NA,NA,NA,1,FALSE,NA,NA,NA,NA,NA
"810","Email_Impressions",10312.550790417,207935.143728497,0.0198538174588951,1840.13401529643,0.0198538174588951,207935.143728497,0.0198538174588951,1840.13401529643,0.0198538174588951,TRUE,NA,NA,NA,NA,389433.016085841,389433.016085841,NA,NA,0.63478853111,0.0918556398563014,-0.120242273679666,-0.504735406327226,0.151536036726442,0.213602697910547,0.312634319493366,0.213602697910547,0.0339571150848095,0,888278.444182837,0.1570016757,5654727.87225015,1e-04,"1_132_11",1,132,11,1976,3,1840.13401529643,409550.087929185,20117.0718433445,NA,NA,NA,NA,1,FALSE,NA,NA,NA,NA,0.000512972876208082
"811","(Intercept)",71209.2310643402,8046643.11027044,0.768108297605273,71209.2310643402,0.768108297605273,8046643.11027044,0.768108297605273,71209.2310643402,0.768108297605273,TRUE,NA,NA,NA,NA,NA,NA,NA,NA,0.63984335927,0.0932156809543606,-0.123083350999343,-0.499514722302814,0.151422523684377,0.213873388238935,0.312091505403938,0.213873388238935,0.0276189344683086,0,865464.779819506,0.1529668315,5654727.87225015,1e-04,"1_132_15",1,132,15,1980,2,NA,NA,NA,NA,NA,NA,NA,3,FALSE,NA,NA,NA,NA,NA
"812","trend",0.129414876288065,1549726.43809101,0.147932214689209,13714.3932574426,0.147932214689209,1549726.43809101,0.147932214689209,13714.3932574426,0.147932214689209,TRUE,NA,NA,NA,NA,NA,NA,NA,NA,0.63984335927,0.0932156809543606,-0.123083350999343,-0.499514722302814,0.151422523684377,0.213873388238935,0.312091505403938,0.213873388238935,0.0276189344683086,0,865464.779819506,0.1529668315,5654727.87225015,1e-04,"1_132_15",1,132,15,1980,2,NA,NA,NA,NA,NA,NA,NA,3,FALSE,NA,NA,NA,NA,NA
"813","season",0.0438000310002504,-12506.7419926369,-0.00119385589355781,-110.679132678202,-0.00119385589355781,-12506.7419926369,-0.00119385589355781,-110.679132678202,-0.00119385589355781,FALSE,NA,NA,NA,NA,NA,NA,NA,NA,0.63984335927,0.0932156809543606,-0.123083350999343,-0.499514722302814,0.151422523684377,0.213873388238935,0.312091505403938,0.213873388238935,0.0276189344683086,0,865464.779819506,0.1529668315,5654727.87225015,1e-04,"1_132_15",1,132,15,1980,2,NA,NA,NA,NA,NA,NA,NA,3,FALSE,NA,NA,NA,NA,NA
"814","holiday",0,0,0,0,0,0,0,0,0,TRUE,NA,NA,NA,NA,NA,NA,NA,NA,0.63984335927,0.0932156809543606,-0.123083350999343,-0.499514722302814,0.151422523684377,0.213873388238935,0.312091505403938,0.213873388238935,0.0276189344683086,0,865464.779819506,0.1529668315,5654727.87225015,1e-04,"1_132_15",1,132,15,1980,2,NA,NA,NA,NA,NA,NA,NA,3,FALSE,NA,NA,NA,NA,NA
"815","Google_Impressions",22700.7872471254,365147.988856413,0.0348559264094244,3231.39813147268,0.0348559264094244,365147.988856413,0.0348559264094244,3231.39813147268,0.0348559264094244,TRUE,0.743363900415277,0.743363900415277,490276.628318584,55401259,NA,NA,0.738985966490811,0.738985966490811,0.63984335927,0.0932156809543606,-0.123083350999343,-0.499514722302814,0.151422523684377,0.213873388238935,0.312091505403938,0.213873388238935,0.0276189344683086,0,865464.779819506,0.1529668315,5654727.87225015,1e-04,"1_132_15",1,132,15,1980,2,3231.39813147268,667324.165510542,177047.537191958,0.00659096914848836,0.00659096914848836,151.722755405303,151.722755405303,3,FALSE,0.00614836150170441,0.000208230508885948,0.00308252913534494,0.00922081584551984,0.249572524304053
"816","Facebook_Impressions",21533.6542603133,128972.340099731,0.0123113108453548,1141.34814247549,0.0123113108453548,128972.340099731,0.0123113108453548,1141.34814247549,0.0123113108453548,TRUE,0.244677122195661,0.244677122195661,161373.82300885,18235242,NA,NA,0.261014033509189,0.261014033509189,0.63984335927,0.0932156809543606,-0.123083350999343,-0.499514722302814,0.151422523684377,0.213873388238935,0.312091505403938,0.213873388238935,0.0276189344683086,0,865464.779819506,0.1529668315,5654727.87225015,1e-04,"1_132_15",1,132,15,1980,2,1141.34814247549,162907.444537224,1533.62152837443,0.00707269692937064,0.00707269692937064,141.38878139219,141.38878139219,3,FALSE,0.00666154589379305,0.000271917387353167,0.00265856156013475,0.0106742308008493,2.52083333371406e-06
"817","Affiliate_Impressions",0,0,0,0,0,0,0,0,0,TRUE,0.0119589773890613,0.0119589773890613,7887.3982300885,891276,NA,NA,0,0,0.63984335927,0.0932156809543606,-0.123083350999343,-0.499514722302814,0.151422523684377,0.213873388238935,0.312091505403938,0.213873388238935,0.0276189344683086,0,865464.779819506,0.1529668315,5654727.87225015,1e-04,"1_132_15",1,132,15,1980,2,0,9848.58092140644,1961.18269131794,0,0,Inf,Inf,3,FALSE,0,0,0,0,NA
"818","Organic_Views",0,0,0,0,0,0,0,0,0,TRUE,NA,NA,NA,NA,8051.88495575221,8051.88495575221,NA,NA,0.63984335927,0.0932156809543606,-0.123083350999343,-0.499514722302814,0.151422523684377,0.213873388238935,0.312091505403938,0.213873388238935,0.0276189344683086,0,865464.779819506,0.1529668315,5654727.87225015,1e-04,"1_132_15",1,132,15,1980,2,0,8655.67347624554,603.788520493328,NA,NA,NA,NA,3,FALSE,NA,NA,NA,NA,NA
"819","Email_Impressions",14337.2576664867,397939.511725485,0.0379861063442967,3521.58859934057,0.0379861063442967,397939.511725485,0.0379861063442967,3521.58859934057,0.0379861063442967,TRUE,NA,NA,NA,NA,389433.016085841,389433.016085841,NA,NA,0.63984335927,0.0932156809543606,-0.123083350999343,-0.499514722302814,0.151422523684377,0.213873388238935,0.312091505403938,0.213873388238935,0.0276189344683086,0,865464.779819506,0.1529668315,5654727.87225015,1e-04,"1_132_15",1,132,15,1980,2,3521.58859934057,488559.74529517,99126.7292093291,NA,NA,NA,NA,3,FALSE,NA,NA,NA,NA,0.132172109139383
"820","(Intercept)",71823.1212762472,8116012.70421593,0.774847300559438,71823.1212762472,0.774847300559438,8116012.70421593,0.774847300559438,71823.1212762472,0.774847300559438,TRUE,NA,NA,NA,NA,NA,NA,NA,NA,0.63659347175,0.0850856210154957,-0.120045706391637,-0.507451224146297,0.152099822063597,0.213583956810495,0.312916320931136,0.213583956810495,0.0378713262506992,0,866863.45166851,0.1532142018,5654727.87225015,1e-04,"1_133_1",1,133,1,1981,3,NA,NA,NA,NA,NA,NA,NA,1,FALSE,NA,NA,NA,NA,NA
"821","trend",0.129318200661113,1548568.75993759,0.1478440666739,13704.1483180318,0.1478440666739,1548568.75993759,0.1478440666739,13704.1483180318,0.1478440666739,TRUE,NA,NA,NA,NA,NA,NA,NA,NA,0.63659347175,0.0850856210154957,-0.120045706391637,-0.507451224146297,0.152099822063597,0.213583956810495,0.312916320931136,0.213583956810495,0.0378713262506992,0,866863.45166851,0.1532142018,5654727.87225015,1e-04,"1_133_1",1,133,1,1981,3,NA,NA,NA,NA,NA,NA,NA,1,FALSE,NA,NA,NA,NA,NA
"822","season",0.0439359572721743,-12545.5546321294,-0.00119774198180799,-111.022607363977,-0.00119774198180799,-12545.5546321294,-0.00119774198180799,-111.022607363977,-0.00119774198180799,FALSE,NA,NA,NA,NA,NA,NA,NA,NA,0.63659347175,0.0850856210154957,-0.120045706391637,-0.507451224146297,0.152099822063597,0.213583956810495,0.312916320931136,0.213583956810495,0.0378713262506992,0,866863.45166851,0.1532142018,5654727.87225015,1e-04,"1_133_1",1,133,1,1981,3,NA,NA,NA,NA,NA,NA,NA,1,FALSE,NA,NA,NA,NA,NA
"823","holiday",0,0,0,0,0,0,0,0,0,TRUE,NA,NA,NA,NA,NA,NA,NA,NA,0.63659347175,0.0850856210154957,-0.120045706391637,-0.507451224146297,0.152099822063597,0.213583956810495,0.312916320931136,0.213583956810495,0.0378713262506992,0,866863.45166851,0.1532142018,5654727.87225015,1e-04,"1_133_1",1,133,1,1981,3,NA,NA,NA,NA,NA,NA,NA,1,FALSE,NA,NA,NA,NA,NA
"824","Google_Impressions",17654.180359539,371555.741118162,0.0354729561799747,3288.10390370055,0.0354729561799747,371555.741118162,0.0354729561799747,3288.10390370055,0.0354729561799747,TRUE,0.743363900415277,0.743363900415277,490276.628318584,55401259,NA,NA,0.732135356098965,0.732135356098965,0.63659347175,0.0850856210154957,-0.120045706391637,-0.507451224146297,0.152099822063597,0.213583956810495,0.312916320931136,0.213583956810495,0.0378713262506992,0,866863.45166851,0.1532142018,5654727.87225015,1e-04,"1_133_1",1,133,1,1981,3,3288.10390370055,634467.052503297,144190.424184713,0.00670662991825081,0.00670662991825081,149.106184803591,149.106184803591,1,FALSE,0.00782942360134586,0.00074135540919751,0,0.019703727690251,0.282262514691111
"825","Facebook_Impressions",22346.1362711674,135940.226701124,0.0129784071976733,1203.01085576216,0.0129784071976733,135940.226701124,0.0129784071976733,1203.01085576216,0.0129784071976733,TRUE,0.244677122195661,0.244677122195661,161373.82300885,18235242,NA,NA,0.267864643901035,0.267864643901035,0.63659347175,0.0850856210154957,-0.120045706391637,-0.507451224146297,0.152099822063597,0.213583956810495,0.312916320931136,0.213583956810495,0.0378713262506992,0,866863.45166851,0.1532142018,5654727.87225015,1e-04,"1_133_1",1,133,1,1981,3,1203.01085576216,170051.976811386,8678.15380253618,0.00745480793186754,0.00745480793186754,134.14161828707,134.14161828707,1,FALSE,0.00891222269670811,0.000954082668229271,0,0.0241936972477182,0.000412418028021486
"826","Affiliate_Impressions",0,0,0,0,0,0,0,0,0,TRUE,0.0119589773890613,0.0119589773890613,7887.3982300885,891276,NA,NA,0,0,0.63659347175,0.0850856210154957,-0.120045706391637,-0.507451224146297,0.152099822063597,0.213583956810495,0.312916320931136,0.213583956810495,0.0378713262506992,0,866863.45166851,0.1532142018,5654727.87225015,1e-04,"1_133_1",1,133,1,1981,3,0,9732.96606046916,1845.56783038066,0,0,Inf,Inf,1,FALSE,0,0,0,0,NA
"827","Organic_Views",0,0,0,0,0,0,0,0,0,TRUE,NA,NA,NA,NA,8051.88495575221,8051.88495575221,NA,NA,0.63659347175,0.0850856210154957,-0.120045706391637,-0.507451224146297,0.152099822063597,0.213583956810495,0.312916320931136,0.213583956810495,0.0378713262506992,0,866863.45166851,0.1532142018,5654727.87225015,1e-04,"1_133_1",1,133,1,1981,3,0,9135.30813584069,1083.42318008848,NA,NA,NA,NA,1,FALSE,NA,NA,NA,NA,NA
"828","Email_Impressions",13428.6704320242,314806.354664755,0.0300550113708216,2785.89694393588,0.0300550113708216,314806.354664755,0.0300550113708216,2785.89694393588,0.0300550113708216,TRUE,NA,NA,NA,NA,389433.016085841,389433.016085841,NA,NA,0.63659347175,0.0850856210154957,-0.120045706391637,-0.507451224146297,0.152099822063597,0.213583956810495,0.312916320931136,0.213583956810495,0.0378713262506992,0,866863.45166851,0.1532142018,5654727.87225015,1e-04,"1_133_1",1,133,1,1981,3,2785.89694393588,520750.579981151,131317.56389531,NA,NA,NA,NA,1,FALSE,NA,NA,NA,NA,0.0903590344909547
"829","(Intercept)",74399.760403973,8407172.92564895,0.804719304982904,74399.760403973,0.804719304982904,8407172.92564895,0.804719304982904,74399.760403973,0.804719304982904,TRUE,NA,NA,NA,NA,NA,NA,NA,NA,0.63882987515,0.0696317697398152,-0.129604356021979,-0.550398644775663,0.153379004751639,0.214493400463418,0.317342523632639,0.214493400463418,0.0230222585978463,0,982760.096088245,0.1737117815,5654727.87225015,1e-04,"1_133_5",1,133,5,1985,3,NA,NA,NA,NA,NA,NA,NA,1,FALSE,NA,NA,NA,NA,NA
"830","trend",0.1173326876004,1405043.78817988,0.134488236496858,12434.0158246007,0.134488236496858,1405043.78817988,0.134488236496858,12434.0158246007,0.134488236496858,TRUE,NA,NA,NA,NA,NA,NA,NA,NA,0.63882987515,0.0696317697398152,-0.129604356021979,-0.550398644775663,0.153379004751639,0.214493400463418,0.317342523632639,0.214493400463418,0.0230222585978463,0,982760.096088245,0.1737117815,5654727.87225015,1e-04,"1_133_5",1,133,5,1985,3,NA,NA,NA,NA,NA,NA,NA,1,FALSE,NA,NA,NA,NA,NA
"831","season",0.0391059494127656,-11166.3852402244,-0.00106882609042934,-98.8175684975615,-0.00106882609042934,-11166.3852402244,-0.00106882609042934,-98.8175684975615,-0.00106882609042934,FALSE,NA,NA,NA,NA,NA,NA,NA,NA,0.63882987515,0.0696317697398152,-0.129604356021979,-0.550398644775663,0.153379004751639,0.214493400463418,0.317342523632639,0.214493400463418,0.0230222585978463,0,982760.096088245,0.1737117815,5654727.87225015,1e-04,"1_133_5",1,133,5,1985,3,NA,NA,NA,NA,NA,NA,NA,1,FALSE,NA,NA,NA,NA,NA
"832","holiday",0,0,0,0,0,0,0,0,0,TRUE,NA,NA,NA,NA,NA,NA,NA,NA,0.63882987515,0.0696317697398152,-0.129604356021979,-0.550398644775663,0.153379004751639,0.214493400463418,0.317342523632639,0.214493400463418,0.0230222585978463,0,982760.096088245,0.1737117815,5654727.87225015,1e-04,"1_133_5",1,133,5,1985,3,NA,NA,NA,NA,NA,NA,NA,1,FALSE,NA,NA,NA,NA,NA
"833","Google_Impressions",17845.2684630837,324884.596223086,0.0310973627858514,2875.08492232819,0.0310973627858514,324884.596223086,0.0310973627858514,2875.08492232819,0.0310973627858514,TRUE,0.743363900415277,0.743363900415277,490276.628318584,55401259,NA,NA,0.742877594123147,0.742877594123147,0.63882987515,0.0696317697398152,-0.129604356021979,-0.550398644775663,0.153379004751639,0.214493400463418,0.317342523632639,0.214493400463418,0.0230222585978463,0,982760.096088245,0.1737117815,5654727.87225015,1e-04,"1_133_5",1,133,5,1985,3,2875.08492232819,577529.800110866,87253.1717922822,0.00586420962424492,0.00586420962424492,170.525964124067,170.525964124067,1,FALSE,0.00782942360134586,0.00074135540919751,0,0.019703727690251,0.150421797483696
"834","Facebook_Impressions",22957.6196538278,112448.012531338,0.0107633192859468,995.115155144583,0.0107633192859468,112448.012531338,0.0107633192859468,995.115155144583,0.0107633192859468,TRUE,0.244677122195661,0.244677122195661,161373.82300885,18235242,NA,NA,0.257122405876853,0.257122405876853,0.63882987515,0.0696317697398152,-0.129604356021979,-0.550398644775663,0.153379004751639,0.214493400463418,0.317342523632639,0.214493400463418,0.0230222585978463,0,982760.096088245,0.1737117815,5654727.87225015,1e-04,"1_133_5",1,133,5,1985,3,995.115155144583,164480.097761472,3106.27475262213,0.00616652153732525,0.00616652153732525,162.165978655408,162.165978655408,1,FALSE,0.00891222269670811,0.000954082668229271,0,0.0241936972477182,1.75430487632569e-05
"835","Affiliate_Impressions",0,0,0,0,0,0,0,0,0,TRUE,0.0119589773890613,0.0119589773890613,7887.3982300885,891276,NA,NA,0,0,0.63882987515,0.0696317697398152,-0.129604356021979,-0.550398644775663,0.153379004751639,0.214493400463418,0.317342523632639,0.214493400463418,0.0230222585978463,0,982760.096088245,0.1737117815,5654727.87225015,1e-04,"1_133_5",1,133,5,1985,3,0,9954.14909458388,2066.75086449539,0,0,Inf,Inf,1,FALSE,0,0,0,0,NA
"836","Organic_Views",0,0,0,0,0,0,0,0,0,TRUE,NA,NA,NA,NA,8051.88495575221,8051.88495575221,NA,NA,0.63882987515,0.0696317697398152,-0.129604356021979,-0.550398644775663,0.153379004751639,0.214493400463418,0.317342523632639,0.214493400463418,0.0230222585978463,0,982760.096088245,0.1737117815,5654727.87225015,1e-04,"1_133_5",1,133,5,1985,3,0,9091.38716670726,1039.50221095504,NA,NA,NA,NA,1,FALSE,NA,NA,NA,NA,NA
"837","Email_Impressions",9475.64446410785,208953.013951882,0.0200006025388686,1849.14171638834,0.0200006025388686,208953.013951882,0.0200006025388686,1849.14171638834,0.0200006025388686,TRUE,NA,NA,NA,NA,389433.016085841,389433.016085841,NA,NA,0.63882987515,0.0696317697398152,-0.129604356021979,-0.550398644775663,0.153379004751639,0.214493400463418,0.317342523632639,0.214493400463418,0.0230222585978463,0,982760.096088245,0.1737117815,5654727.87225015,1e-04,"1_133_5",1,133,5,1985,3,1849.14171638834,494277.182066411,104844.16598057,NA,NA,NA,NA,1,FALSE,NA,NA,NA,NA,0.0201254270613476
"838","(Intercept)",74654.0566080998,8435908.39671528,0.80710332509627,74654.0566080998,0.80710332509627,8435908.39671528,0.80710332509627,74654.0566080998,0.80710332509627,TRUE,NA,NA,NA,NA,NA,NA,NA,NA,0.63564298955,0.0695796467191512,-0.112595072406185,-0.543268550500525,0.153383301149993,0.212872382657462,0.316611972955388,0.212872382657462,0.0526472397220657,0,983167.786640977,0.173783886,5654727.87225015,1e-04,"1_133_8",1,133,8,1988,2,NA,NA,NA,NA,NA,NA,NA,1,FALSE,NA,NA,NA,NA,NA
"839","trend",0.116463901753602,1394640.18981129,0.133431834673296,12341.9485824008,0.133431834673296,1394640.18981129,0.133431834673296,12341.9485824008,0.133431834673296,TRUE,NA,NA,NA,NA,NA,NA,NA,NA,0.63564298955,0.0695796467191512,-0.112595072406185,-0.543268550500525,0.153383301149993,0.212872382657462,0.316611972955388,0.212872382657462,0.0526472397220657,0,983167.786640977,0.173783886,5654727.87225015,1e-04,"1_133_8",1,133,8,1988,2,NA,NA,NA,NA,NA,NA,NA,1,FALSE,NA,NA,NA,NA,NA
"840","season",0.0390880063235644,-11161.2617372938,-0.00106785079173539,-98.7722277636623,-0.00106785079173539,-11161.2617372938,-0.00106785079173539,-98.7722277636623,-0.00106785079173539,FALSE,NA,NA,NA,NA,NA,NA,NA,NA,0.63564298955,0.0695796467191512,-0.112595072406185,-0.543268550500525,0.153383301149993,0.212872382657462,0.316611972955388,0.212872382657462,0.0526472397220657,0,983167.786640977,0.173783886,5654727.87225015,1e-04,"1_133_8",1,133,8,1988,2,NA,NA,NA,NA,NA,NA,NA,1,FALSE,NA,NA,NA,NA,NA
"841","holiday",0,0,0,0,0,0,0,0,0,TRUE,NA,NA,NA,NA,NA,NA,NA,NA,0.63564298955,0.0695796467191512,-0.112595072406185,-0.543268550500525,0.153383301149993,0.212872382657462,0.316611972955388,0.212872382657462,0.0526472397220657,0,983167.786640977,0.173783886,5654727.87225015,1e-04,"1_133_8",1,133,8,1988,2,NA,NA,NA,NA,NA,NA,NA,1,FALSE,NA,NA,NA,NA,NA
"842","Google_Impressions",17221.1014822835,331969.131807448,0.0317610596880639,2937.77992749954,0.0317610596880639,331969.131807448,0.0317610596880639,2937.77992749954,0.0317610596880639,TRUE,0.743363900415277,0.743363900415277,490276.628318584,55401259,NA,NA,0.72341489652409,0.72341489652409,0.63564298955,0.0695796467191512,-0.112595072406185,-0.543268550500525,0.153383301149993,0.212872382657462,0.316611972955388,0.212872382657462,0.0526472397220657,0,983167.786640977,0.173783886,5654727.87225015,1e-04,"1_133_8",1,133,8,1988,2,2937.77992749954,693246.461373702,202969.833055118,0.00599208642185276,0.00599208642185276,166.886778594024,166.886778594024,1,FALSE,0.00782942360134586,0.00074135540919751,0,0.019703727690251,0.308371106905477
"843","Facebook_Impressions",17324.8224704738,126922.623674108,0.0121432887579958,1123.2090590629,0.0121432887579958,126922.623674108,0.0121432887579958,1123.2090590629,0.0121432887579958,TRUE,0.244677122195661,0.244677122195661,161373.82300885,18235242,NA,NA,0.27658510347591,0.27658510347591,0.63564298955,0.0695796467191512,-0.112595072406185,-0.543268550500525,0.153383301149993,0.212872382657462,0.316611972955388,0.212872382657462,0.0526472397220657,0,983167.786640977,0.173783886,5654727.87225015,1e-04,"1_133_8",1,133,8,1988,2,1123.2090590629,170959.093269326,9585.27026047624,0.00696029280412665,0.00696029280412665,143.672116697032,143.672116697032,1,FALSE,0.00891222269670811,0.000954082668229271,0,0.0241936972477182,0.000612055736858736
"844","Affiliate_Impressions",0,0,0,0,0,0,0,0,0,TRUE,0.0119589773890613,0.0119589773890613,7887.3982300885,891276,NA,NA,0,0,0.63564298955,0.0695796467191512,-0.112595072406185,-0.543268550500525,0.153383301149993,0.212872382657462,0.316611972955388,0.212872382657462,0.0526472397220657,0,983167.786640977,0.173783886,5654727.87225015,1e-04,"1_133_8",1,133,8,1988,2,0,9517.74121918121,1630.34298909271,0,0,Inf,Inf,1,FALSE,0,0,0,0,NA
"845","Organic_Views",0,0,0,0,0,0,0,0,0,TRUE,NA,NA,NA,NA,8051.88495575221,8051.88495575221,NA,NA,0.63564298955,0.0695796467191512,-0.112595072406185,-0.543268550500525,0.153383301149993,0.212872382657462,0.316611972955388,0.212872382657462,0.0526472397220657,0,983167.786640977,0.173783886,5654727.87225015,1e-04,"1_133_8",1,133,8,1988,2,0,8304.59928970827,252.714333956061,NA,NA,NA,NA,1,FALSE,NA,NA,NA,NA,NA
"846","Email_Impressions",6752.03728645975,173800.764288181,0.0166283425761099,1538.05986095735,0.0166283425761099,173800.764288181,0.0166283425761099,1538.05986095735,0.0166283425761099,TRUE,NA,NA,NA,NA,389433.016085841,389433.016085841,NA,NA,0.63564298955,0.0695796467191512,-0.112595072406185,-0.543268550500525,0.153383301149993,0.212872382657462,0.316611972955388,0.212872382657462,0.0526472397220657,0,983167.786640977,0.173783886,5654727.87225015,1e-04,"1_133_8",1,133,8,1988,2,1538.05986095735,394801.79898998,5368.7829041392,NA,NA,NA,NA,1,FALSE,NA,NA,NA,NA,5.09454109830201e-06
"847","(Intercept)",74917.2514606195,8465649.41505,0.813549274161843,74917.2514606195,0.813549274161843,8465649.41505,0.813549274161843,74917.2514606195,0.813549274161843,TRUE,NA,NA,NA,NA,NA,NA,NA,NA,0.63919258943,0.0347046777727196,-0.129156244218024,-0.621326610621255,0.156231491992063,0.214450851690321,0.32452027583316,0.214450851690321,0.0214938535119907,0,1212184.38926476,0.2142879583,5654727.87225015,1e-04,"1_133_10",1,133,10,1990,1,NA,NA,NA,NA,NA,NA,NA,3,FALSE,NA,NA,NA,NA,NA
"848","trend",0.0978043062536462,1171193.94236444,0.112551788409692,10364.5481625172,0.112551788409692,1171193.94236444,0.112551788409692,10364.5481625172,0.112551788409692,TRUE,NA,NA,NA,NA,NA,NA,NA,NA,0.63919258943,0.0347046777727196,-0.129156244218024,-0.621326610621255,0.156231491992063,0.214450851690321,0.32452027583316,0.214450851690321,0.0214938535119907,0,1212184.38926476,0.2142879583,5654727.87225015,1e-04,"1_133_10",1,133,10,1990,1,NA,NA,NA,NA,NA,NA,NA,3,FALSE,NA,NA,NA,NA,NA
"849","season",0.032326520653537,-9230.57459322628,-0.000887058616798583,-81.6865008250114,-0.000887058616798583,-9230.57459322628,-0.000887058616798583,-81.6865008250114,-0.000887058616798583,FALSE,NA,NA,NA,NA,NA,NA,NA,NA,0.63919258943,0.0347046777727196,-0.129156244218024,-0.621326610621255,0.156231491992063,0.214450851690321,0.32452027583316,0.214450851690321,0.0214938535119907,0,1212184.38926476,0.2142879583,5654727.87225015,1e-04,"1_133_10",1,133,10,1990,1,NA,NA,NA,NA,NA,NA,NA,3,FALSE,NA,NA,NA,NA,NA
"850","holiday",0,0,0,0,0,0,0,0,0,TRUE,NA,NA,NA,NA,NA,NA,NA,NA,0.63919258943,0.0347046777727196,-0.129156244218024,-0.621326610621255,0.156231491992063,0.214450851690321,0.32452027583316,0.214450851690321,0.0214938535119907,0,1212184.38926476,0.2142879583,5654727.87225015,1e-04,"1_133_10",1,133,10,1990,1,NA,NA,NA,NA,NA,NA,NA,3,FALSE,NA,NA,NA,NA,NA
"851","Google_Impressions",16138.7268105007,271673.075476857,0.0261077942786752,2404.18650864475,0.0261077942786752,271673.075476857,0.0261077942786752,2404.18650864475,0.0261077942786752,TRUE,0.743363900415277,0.743363900415277,490276.628318584,55401259,NA,NA,0.744582020200344,0.744582020200344,0.63919258943,0.0347046777727196,-0.129156244218024,-0.621326610621255,0.156231491992063,0.214450851690321,0.32452027583316,0.214450851690321,0.0214938535119907,0,1212184.38926476,0.2142879583,5654727.87225015,1e-04,"1_133_10",1,133,10,1990,1,2404.18650864475,631279.422645657,141002.794327073,0.0049037346872723,0.0049037346872723,203.926203959507,203.926203959507,3,FALSE,0.00614836150170441,0.000208230508885948,0.00308252913534494,0.00922081584551984,0.22356928848584
"852","Facebook_Impressions",18344.4116262542,93193.4779805554,0.00895589725614106,824.721044075711,0.00895589725614107,93193.4779805554,0.00895589725614106,824.721044075711,0.00895589725614107,TRUE,0.244677122195661,0.244677122195661,161373.82300885,18235242,NA,NA,0.255417979799656,0.255417979799656,0.63919258943,0.0347046777727196,-0.129156244218024,-0.621326610621255,0.156231491992063,0.214450851690321,0.32452027583316,0.214450851690321,0.0214938535119907,0,1212184.38926476,0.2142879583,5654727.87225015,1e-04,"1_133_10",1,133,10,1990,1,824.721044075711,164663.403053761,3289.58004491179,0.00511062468929973,0.00511062468929973,195.670795801877,195.670795801877,3,FALSE,0.00666154589379305,0.000271917387353167,0.00265856156013475,0.0106742308008493,1.93874010039555e-05
"853","Affiliate_Impressions",0,0,0,0,0,0,0,0,0,TRUE,0.0119589773890613,0.0119589773890613,7887.3982300885,891276,NA,NA,0,0,0.63919258943,0.0347046777727196,-0.129156244218024,-0.621326610621255,0.156231491992063,0.214450851690321,0.32452027583316,0.214450851690321,0.0214938535119907,0,1212184.38926476,0.2142879583,5654727.87225015,1e-04,"1_133_10",1,133,10,1990,1,0,9532.20485878823,1644.80662869974,0,0,Inf,Inf,3,FALSE,0,0,0,0,NA
"854","Organic_Views",62.8615405151376,1013.87745125465,9.74336668242959e-05,8.97236682526237,9.74336668242959e-05,1013.87745125465,9.74336668242959e-05,8.97236682526237,9.74336668242959e-05,TRUE,NA,NA,NA,NA,8051.88495575221,8051.88495575221,NA,NA,0.63919258943,0.0347046777727196,-0.129156244218024,-0.621326610621255,0.156231491992063,0.214450851690321,0.32452027583316,0.214450851690321,0.0214938535119907,0,1212184.38926476,0.2142879583,5654727.87225015,1e-04,"1_133_10",1,133,10,1990,1,8.97236682526237,9572.52162107503,1520.63666532282,NA,NA,NA,NA,3,FALSE,NA,NA,NA,NA,0.127566650445171
"855","Email_Impressions",10795.8183558711,412329.376145466,0.0396248708436231,3648.93253226076,0.0396248708436231,412329.376145466,0.0396248708436231,3648.93253226076,0.0396248708436231,TRUE,NA,NA,NA,NA,389433.016085841,389433.016085841,NA,NA,0.63919258943,0.0347046777727196,-0.129156244218024,-0.621326610621255,0.156231491992063,0.214450851690321,0.32452027583316,0.214450851690321,0.0214938535119907,0,1212184.38926476,0.2142879583,5654727.87225015,1e-04,"1_133_10",1,133,10,1990,1,3648.93253226076,446845.193028942,57412.1769431011,NA,NA,NA,NA,3,FALSE,NA,NA,NA,NA,0.174697648363774
"856","(Intercept)",76920.6423652979,8692032.58727867,0.83587203944465,76920.6423652979,0.83587203944465,8692032.58727867,0.83587203944465,76920.6423652979,0.83587203944465,TRUE,NA,NA,NA,NA,NA,NA,NA,NA,0.63811169156,0.0267905881546737,-0.132490985583072,-0.637362896112202,0.15687062598615,0.214767287481549,0.326121216313833,0.214767287481549,0.0195969646268379,0,1232953.33266,0.2179611714,5654727.87225015,1e-04,"1_133_12",1,133,12,1992,1,NA,NA,NA,NA,NA,NA,NA,3,FALSE,NA,NA,NA,NA,NA
"857","trend",0.0967382109067966,1158427.58820234,0.111400552284721,10251.5715770118,0.111400552284721,1158427.58820234,0.111400552284721,10251.5715770118,0.111400552284721,TRUE,NA,NA,NA,NA,NA,NA,NA,NA,0.63811169156,0.0267905881546737,-0.132490985583072,-0.637362896112202,0.15687062598615,0.214767287481549,0.326121216313833,0.214767287481549,0.0195969646268379,0,1232953.33266,0.2179611714,5654727.87225015,1e-04,"1_133_12",1,133,12,1992,1,NA,NA,NA,NA,NA,NA,NA,3,FALSE,NA,NA,NA,NA,NA
"858","season",0.0319186177579938,-9114.10124478094,-0.000876460404247656,-80.6557632281499,-0.000876460404247656,-9114.10124478094,-0.000876460404247656,-80.6557632281499,-0.000876460404247656,FALSE,NA,NA,NA,NA,NA,NA,NA,NA,0.63811169156,0.0267905881546737,-0.132490985583072,-0.637362896112202,0.15687062598615,0.214767287481549,0.326121216313833,0.214767287481549,0.0195969646268379,0,1232953.33266,0.2179611714,5654727.87225015,1e-04,"1_133_12",1,133,12,1992,1,NA,NA,NA,NA,NA,NA,NA,3,FALSE,NA,NA,NA,NA,NA
"859","holiday",0,0,0,0,0,0,0,0,0,TRUE,NA,NA,NA,NA,NA,NA,NA,NA,0.63811169156,0.0267905881546737,-0.132490985583072,-0.637362896112202,0.15687062598615,0.214767287481549,0.326121216313833,0.214767287481549,0.0195969646268379,0,1232953.33266,0.2179611714,5654727.87225015,1e-04,"1_133_12",1,133,12,1992,1,NA,NA,NA,NA,NA,NA,NA,3,FALSE,NA,NA,NA,NA,NA
"860","Google_Impressions",12588.4248668219,270499.6338709,0.0260126821157592,2393.80206965398,0.0260126821157592,270499.6338709,0.0260126821157592,2393.80206965398,0.0260126821157592,TRUE,0.743363900415277,0.743363900415277,490276.628318584,55401259,NA,NA,0.748478124723552,0.748478124723552,0.63811169156,0.0267905881546737,-0.132490985583072,-0.637362896112202,0.15687062598615,0.214767287481549,0.326121216313833,0.214767287481549,0.0195969646268379,0,1232953.33266,0.2179611714,5654727.87225015,1e-04,"1_133_12",1,133,12,1992,1,2393.80206965398,615276.328043221,124999.699724637,0.00488255391219358,0.00488255391219358,204.810846533127,204.810846533127,3,FALSE,0.00614836150170441,0.000208230508885948,0.00308252913534494,0.00922081584551984,0.280009845355916
"861","Facebook_Impressions",19085.6685095972,90899.8846131012,0.00874141590863784,804.423757638064,0.00874141590863784,90899.8846131012,0.00874141590863784,804.423757638064,0.00874141590863784,TRUE,0.244677122195661,0.244677122195661,161373.82300885,18235242,NA,NA,0.251521875276448,0.251521875276448,0.63811169156,0.0267905881546737,-0.132490985583072,-0.637362896112202,0.15687062598615,0.214767287481549,0.326121216313833,0.214767287481549,0.0195969646268379,0,1232953.33266,0.2179611714,5654727.87225015,1e-04,"1_133_12",1,133,12,1992,1,804.423757638064,163672.267167247,2298.44415839696,0.00498484662902204,0.00498484662902204,200.607977420598,200.607977420598,3,FALSE,0.00666154589379305,0.000271917387353167,0.00265856156013475,0.0106742308008493,6.57994942692352e-06
"862","Affiliate_Impressions",0,0,0,0,0,0,0,0,0,TRUE,0.0119589773890613,0.0119589773890613,7887.3982300885,891276,NA,NA,0,0,0.63811169156,0.0267905881546737,-0.132490985583072,-0.637362896112202,0.15687062598615,0.214767287481549,0.326121216313833,0.214767287481549,0.0195969646268379,0,1232953.33266,0.2179611714,5654727.87225015,1e-04,"1_133_12",1,133,12,1992,1,0,9433.66565562421,1546.26742553571,0,0,Inf,Inf,3,FALSE,0,0,0,0,NA
"863","Organic_Views",0,0,0,0,0,0,0,0,0,TRUE,NA,NA,NA,NA,8051.88495575221,8051.88495575221,NA,NA,0.63811169156,0.0267905881546737,-0.132490985583072,-0.637362896112202,0.15687062598615,0.214767287481549,0.326121216313833,0.214767287481549,0.0195969646268379,0,1232953.33266,0.2179611714,5654727.87225015,1e-04,"1_133_12",1,133,12,1992,1,0,9552.17301591563,1500.28806016342,NA,NA,NA,NA,3,FALSE,NA,NA,NA,NA,NA
"864","Email_Impressions",8845.77867293545,196014.237855783,0.0188497706504801,1734.63927306003,0.0188497706504801,196014.237855783,0.0188497706504801,1734.63927306003,0.0188497706504801,TRUE,NA,NA,NA,NA,389433.016085841,389433.016085841,NA,NA,0.63811169156,0.0267905881546737,-0.132490985583072,-0.637362896112202,0.15687062598615,0.214767287481549,0.326121216313833,0.214767287481549,0.0195969646268379,0,1232953.33266,0.2179611714,5654727.87225015,1e-04,"1_133_12",1,133,12,1992,1,1734.63927306003,433667.579141704,44234.5630558637,NA,NA,NA,NA,3,FALSE,NA,NA,NA,NA,0.0116513590222166
"865","(Intercept)",62375.2700078783,7048405.51089025,0.667371528105383,62375.2700078783,0.667371528105383,7048405.51089025,0.667371528105383,62375.2700078783,0.667371528105383,TRUE,NA,NA,NA,NA,NA,NA,NA,NA,0.6361292198,0.15208834948522,-0.110971803808305,-0.373467845386461,0.146424510464116,0.212717036299586,0.298686661930484,0.212717036299586,0.0498863237727027,0,611960.443695393,0.1081318377,5654727.87225015,1e-04,"1_134_10",1,134,10,2005,1,NA,NA,NA,NA,NA,NA,NA,3,FALSE,NA,NA,NA,NA,NA
"866","trend",0.167762755090169,2008937.33662826,0.19021430849035,17778.2065188342,0.19021430849035,2008937.33662826,0.19021430849035,17778.2065188342,0.19021430849035,TRUE,NA,NA,NA,NA,NA,NA,NA,NA,0.6361292198,0.15208834948522,-0.110971803808305,-0.373467845386461,0.146424510464116,0.212717036299586,0.298686661930484,0.212717036299586,0.0498863237727027,0,611960.443695393,0.1081318377,5654727.87225015,1e-04,"1_134_10",1,134,10,2005,1,NA,NA,NA,NA,NA,NA,NA,3,FALSE,NA,NA,NA,NA,NA
"867","season",0.0597866262900733,-17071.5840273235,-0.00161640659038292,-151.075964843571,-0.00161640659038292,-17071.5840273235,-0.00161640659038292,-151.075964843571,-0.00161640659038292,FALSE,NA,NA,NA,NA,NA,NA,NA,NA,0.6361292198,0.15208834948522,-0.110971803808305,-0.373467845386461,0.146424510464116,0.212717036299586,0.298686661930484,0.212717036299586,0.0498863237727027,0,611960.443695393,0.1081318377,5654727.87225015,1e-04,"1_134_10",1,134,10,2005,1,NA,NA,NA,NA,NA,NA,NA,3,FALSE,NA,NA,NA,NA,NA
"868","holiday",0,0,0,0,0,0,0,0,0,TRUE,NA,NA,NA,NA,NA,NA,NA,NA,0.6361292198,0.15208834948522,-0.110971803808305,-0.373467845386461,0.146424510464116,0.212717036299586,0.298686661930484,0.212717036299586,0.0498863237727027,0,611960.443695393,0.1081318377,5654727.87225015,1e-04,"1_134_10",1,134,10,2005,1,NA,NA,NA,NA,NA,NA,NA,3,FALSE,NA,NA,NA,NA,NA
"869","Google_Impressions",25566.769520466,500510.492578551,0.0473903568330217,4429.29639450045,0.0473903568330217,500510.492578551,0.0473903568330217,4429.29639450045,0.0473903568330217,TRUE,0.743363900415277,0.743363900415277,490276.628318584,55401259,NA,NA,0.724998602494277,0.724998602494277,0.6361292198,0.15208834948522,-0.110971803808305,-0.373467845386461,0.146424510464116,0.212717036299586,0.298686661930484,0.212717036299586,0.0498863237727027,0,611960.443695393,0.1081318377,5654727.87225015,1e-04,"1_134_10",1,134,10,2005,1,4429.29639450045,648164.521290597,157887.892972013,0.0090342801158824,0.0090342801158824,110.689505657677,110.689505657677,3,FALSE,0.00614836150170441,0.000208230508885948,0.00308252913534494,0.00922081584551984,0.27718995321704
"870","Facebook_Impressions",23924.8596729799,189850.138264875,0.0179757785912129,1680.08971915819,0.0179757785912129,189850.138264875,0.0179757785912129,1680.08971915819,0.0179757785912129,TRUE,0.244677122195661,0.244677122195661,161373.82300885,18235242,NA,NA,0.275001397505724,0.275001397505724,0.6361292198,0.15208834948522,-0.110971803808305,-0.373467845386461,0.146424510464116,0.212717036299586,0.298686661930484,0.212717036299586,0.0498863237727027,0,611960.443695393,0.1081318377,5654727.87225015,1e-04,"1_134_10",1,134,10,2005,1,1680.08971915819,164637.564205337,3263.74119648752,0.0104111663703106,0.0104111663703106,96.0507175115066,96.0507175115066,3,FALSE,0.00666154589379305,0.000271917387353167,0.00265856156013475,0.0106742308008493,2.98526638211183e-05
"871","Affiliate_Impressions",0,0,0,0,0,0,0,0,0,TRUE,0.0119589773890613,0.0119589773890613,7887.3982300885,891276,NA,NA,0,0,0.6361292198,0.15208834948522,-0.110971803808305,-0.373467845386461,0.146424510464116,0.212717036299586,0.298686661930484,0.212717036299586,0.0498863237727027,0,611960.443695393,0.1081318377,5654727.87225015,1e-04,"1_134_10",1,134,10,2005,1,0,10371.8557440845,2484.45751399597,0,0,Inf,Inf,3,FALSE,0,0,0,0,NA
"872","Organic_Views",0,0,0,0,0,0,0,0,0,TRUE,NA,NA,NA,NA,8051.88495575221,8051.88495575221,NA,NA,0.6361292198,0.15208834948522,-0.110971803808305,-0.373467845386461,0.146424510464116,0.212717036299586,0.298686661930484,0.212717036299586,0.0498863237727027,0,611960.443695393,0.1081318377,5654727.87225015,1e-04,"1_134_10",1,134,10,2005,1,0,9089.89659610592,1038.01164035371,NA,NA,NA,NA,3,FALSE,NA,NA,NA,NA,NA
"873","Email_Impressions",18524.4792617931,830809.842474471,0.0786644345704153,7352.29949092453,0.0786644345704153,830809.842474471,0.0786644345704153,7352.29949092453,0.0786644345704153,TRUE,NA,NA,NA,NA,389433.016085841,389433.016085841,NA,NA,0.6361292198,0.15208834948522,-0.110971803808305,-0.373467845386461,0.146424510464116,0.212717036299586,0.298686661930484,0.212717036299586,0.0498863237727027,0,611960.443695393,0.1081318377,5654727.87225015,1e-04,"1_134_10",1,134,10,2005,1,7352.29949092453,433405.273547261,43972.2574614199,NA,NA,NA,NA,3,FALSE,NA,NA,NA,NA,0.163718172547741
"874","(Intercept)",82650.597882003,9339517.56066634,0.90468701099318,82650.597882003,0.90468701099318,9339517.56066634,0.90468701099318,82650.597882003,0.90468701099318,TRUE,NA,NA,NA,NA,NA,NA,NA,NA,0.63825284618,-0.0300250779086313,-0.142488494894299,-0.762713934586191,0.161384707229041,0.215713175841421,0.338374400944085,0.215713175841421,0.0195301541957317,0,2208629.08950123,0.3905200206,5654727.87225015,1e-04,"2_34_5",2,34,5,500,3,NA,NA,NA,NA,NA,NA,NA,1,FALSE,NA,NA,NA,NA,NA
"875","trend",0.0575399754217959,689033.778155284,0.0667443371869592,6097.64405447154,0.0667443371869592,689033.778155284,0.0667443371869592,6097.64405447154,0.0667443371869592,TRUE,NA,NA,NA,NA,NA,NA,NA,NA,0.63825284618,-0.0300250779086313,-0.142488494894299,-0.762713934586191,0.161384707229041,0.215713175841421,0.338374400944085,0.215713175841421,0.0195301541957317,0,2208629.08950123,0.3905200206,5654727.87225015,1e-04,"2_34_5",2,34,5,500,3,NA,NA,NA,NA,NA,NA,NA,1,FALSE,NA,NA,NA,NA,NA
"876","season",0.0183502138283418,-5239.75405084705,-0.000507556991012501,-46.3695048747526,-0.000507556991012501,-5239.75405084705,-0.000507556991012501,-46.3695048747526,-0.000507556991012501,FALSE,NA,NA,NA,NA,NA,NA,NA,NA,0.63825284618,-0.0300250779086313,-0.142488494894299,-0.762713934586191,0.161384707229041,0.215713175841421,0.338374400944085,0.215713175841421,0.0195301541957317,0,2208629.08950123,0.3905200206,5654727.87225015,1e-04,"2_34_5",2,34,5,500,3,NA,NA,NA,NA,NA,NA,NA,1,FALSE,NA,NA,NA,NA,NA
"877","holiday",0,0,0,0,0,0,0,0,0,TRUE,NA,NA,NA,NA,NA,NA,NA,NA,0.63825284618,-0.0300250779086313,-0.142488494894299,-0.762713934586191,0.161384707229041,0.215713175841421,0.338374400944085,0.215713175841421,0.0195301541957317,0,2208629.08950123,0.3905200206,5654727.87225015,1e-04,"2_34_5",2,34,5,500,3,NA,NA,NA,NA,NA,NA,NA,1,FALSE,NA,NA,NA,NA,NA
"878","Google_Impressions",8756.41846353186,153504.744513218,0.0148694777417418,1358.44906648866,0.0148694777417418,153504.744513218,0.0148694777417418,1358.44906648866,0.0148694777417418,TRUE,0.743363900415277,0.743363900415277,490276.628318584,55401259,NA,NA,0.749459436186945,0.749459436186945,0.63825284618,-0.0300250779086313,-0.142488494894299,-0.762713934586191,0.161384707229041,0.215713175841421,0.338374400944085,0.215713175841421,0.0195301541957317,0,2208629.08950123,0.3905200206,5654727.87225015,1e-04,"2_34_5",2,34,5,500,3,1358.44906648866,591442.913504225,101166.285185641,0.00277078079603242,0.00277078079603242,360.909098775311,360.909098775311,1,FALSE,0.00782942360134586,0.00074135540919751,0,0.019703727690251,0.162493137616574
"879","Facebook_Impressions",21369.7489737769,51315.8729897258,0.00497079249008537,454.122769820583,0.00497079249008537,51315.8729897258,0.00497079249008537,454.122769820583,0.00497079249008537,TRUE,0.244677122195661,0.244677122195661,161373.82300885,18235242,NA,NA,0.250540563813055,0.250540563813055,0.63825284618,-0.0300250779086313,-0.142488494894299,-0.762713934586191,0.161384707229041,0.215713175841421,0.338374400944085,0.215713175841421,0.0195301541957317,0,2208629.08950123,0.3905200206,5654727.87225015,1e-04,"2_34_5",2,34,5,500,3,454.122769820583,163067.165075611,1693.34206676175,0.00281410430361856,0.00281410430361856,355.352855512191,355.352855512191,1,FALSE,0.00891222269670811,0.000954082668229271,0,0.0241936972477182,1.94864916040223e-06
"880","Affiliate_Impressions",0,0,0,0,0,0,0,0,0,TRUE,0.0119589773890613,0.0119589773890613,7887.3982300885,891276,NA,NA,0,0,0.63825284618,-0.0300250779086313,-0.142488494894299,-0.762713934586191,0.161384707229041,0.215713175841421,0.338374400944085,0.215713175841421,0.0195301541957317,0,2208629.08950123,0.3905200206,5654727.87225015,1e-04,"2_34_5",2,34,5,500,3,0,10477.9191775108,2590.52094742235,0,0,Inf,Inf,1,FALSE,0,0,0,0,NA
"881","Organic_Views",0,0,0,0,0,0,0,0,0,TRUE,NA,NA,NA,NA,8051.88495575221,8051.88495575221,NA,NA,0.63825284618,-0.0300250779086313,-0.142488494894299,-0.762713934586191,0.161384707229041,0.215713175841421,0.338374400944085,0.215713175841421,0.0195301541957317,0,2208629.08950123,0.3905200206,5654727.87225015,1e-04,"2_34_5",2,34,5,500,3,0,8532.80692197944,480.921966227226,NA,NA,NA,NA,1,FALSE,NA,NA,NA,NA,NA
"882","Email_Impressions",7266.97560021568,95347.0200191589,0.00923593857904641,843.778938222645,0.00923593857904641,95347.0200191589,0.00923593857904641,843.778938222645,0.00923593857904641,TRUE,NA,NA,NA,NA,389433.016085841,389433.016085841,NA,NA,0.63825284618,-0.0300250779086313,-0.142488494894299,-0.762713934586191,0.161384707229041,0.215713175841421,0.338374400944085,0.215713175841421,0.0195301541957317,0,2208629.08950123,0.3905200206,5654727.87225015,1e-04,"2_34_5",2,34,5,500,3,843.778938222645,492059.191048426,102626.174962586,NA,NA,NA,NA,1,FALSE,NA,NA,NA,NA,0.0173559000234006
"883","(Intercept)",80077.7584708026,9048786.70720069,0.874487159999785,80077.7584708026,0.874487159999785,9048786.70720069,0.874487159999785,80077.7584708026,0.874487159999785,TRUE,NA,NA,NA,NA,NA,NA,NA,NA,0.63732697535,-0.012360673806296,-0.141274166205851,-0.723858360426438,0.159994890138428,0.215598506704448,0.334624219167033,0.215598506704448,0.0195294846714647,0,1776674.8177906,0.3141242185,5654727.87225015,1e-04,"2_36_5",2,36,5,530,2,NA,NA,NA,NA,NA,NA,NA,3,FALSE,NA,NA,NA,NA,NA
"884","trend",0.0700442707951532,838771.101140137,0.0810599897931335,7422.75310743484,0.0810599897931335,838771.101140137,0.0810599897931335,7422.75310743484,0.0810599897931335,TRUE,NA,NA,NA,NA,NA,NA,NA,NA,0.63732697535,-0.012360673806296,-0.141274166205851,-0.723858360426438,0.159994890138428,0.215598506704448,0.334624219167033,0.215598506704448,0.0195294846714647,0,1776674.8177906,0.3141242185,5654727.87225015,1e-04,"2_36_5",2,36,5,530,2,NA,NA,NA,NA,NA,NA,NA,3,FALSE,NA,NA,NA,NA,NA
"885","season",0.0226119463971262,-6456.65706352069,-0.000623980195497112,-57.1385580842539,-0.000623980195497112,-6456.65706352069,-0.000623980195497112,-57.1385580842539,-0.000623980195497112,FALSE,NA,NA,NA,NA,NA,NA,NA,NA,0.63732697535,-0.012360673806296,-0.141274166205851,-0.723858360426438,0.159994890138428,0.215598506704448,0.334624219167033,0.215598506704448,0.0195294846714647,0,1776674.8177906,0.3141242185,5654727.87225015,1e-04,"2_36_5",2,36,5,530,2,NA,NA,NA,NA,NA,NA,NA,3,FALSE,NA,NA,NA,NA,NA
"886","holiday",0,0,0,0,0,0,0,0,0,TRUE,NA,NA,NA,NA,NA,NA,NA,NA,0.63732697535,-0.012360673806296,-0.141274166205851,-0.723858360426438,0.159994890138428,0.215598506704448,0.334624219167033,0.215598506704448,0.0195294846714647,0,1776674.8177906,0.3141242185,5654727.87225015,1e-04,"2_36_5",2,36,5,530,2,NA,NA,NA,NA,NA,NA,NA,3,FALSE,NA,NA,NA,NA,NA
"887","Google_Impressions",10760.3198693622,188634.218351497,0.0182298696192842,1669.32936594245,0.0182298696192842,188634.218351497,0.0182298696192842,1669.32936594245,0.0182298696192842,TRUE,0.743363900415277,0.743363900415277,490276.628318584,55401259,NA,NA,0.74942156742899,0.74942156742899,0.63732697535,-0.012360673806296,-0.141274166205851,-0.723858360426438,0.159994890138428,0.215598506704448,0.334624219167033,0.215598506704448,0.0195294846714647,0,1776674.8177906,0.3141242185,5654727.87225015,1e-04,"2_36_5",2,36,5,530,2,1669.32936594245,591442.913504225,101166.285185641,0.00340487241186157,0.00340487241186157,293.696761298983,293.696761298983,3,FALSE,0.00614836150170441,0.000208230508885948,0.00308252913534494,0.00922081584551984,0.162493137616574
"888","Facebook_Impressions",26265.500251354,63072.199704547,0.00609538389833828,558.161059332274,0.00609538389833828,63072.199704547,0.00609538389833828,558.161059332274,0.00609538389833828,TRUE,0.244677122195661,0.244677122195661,161373.82300885,18235242,NA,NA,0.25057843257101,0.25057843257101,0.63732697535,-0.012360673806296,-0.141274166205851,-0.723858360426438,0.159994890138428,0.215598506704448,0.334624219167033,0.215598506704448,0.0195294846714647,0,1776674.8177906,0.3141242185,5654727.87225015,1e-04,"2_36_5",2,36,5,530,2,558.161059332274,163067.165075611,1693.34206676175,0.00345880793381009,0.00345880793381009,289.116949867302,289.116949867302,3,FALSE,0.00666154589379305,0.000271917387353167,0.00265856156013475,0.0106742308008493,1.94864916040223e-06
"889","Affiliate_Impressions",0,0,0,0,0,0,0,0,0,TRUE,0.0119589773890613,0.0119589773890613,7887.3982300885,891276,NA,NA,0,0,0.63732697535,-0.012360673806296,-0.141274166205851,-0.723858360426438,0.159994890138428,0.215598506704448,0.334624219167033,0.215598506704448,0.0195294846714647,0,1776674.8177906,0.3141242185,5654727.87225015,1e-04,"2_36_5",2,36,5,530,2,0,9123.62491305864,1236.22668297015,0,0,Inf,Inf,3,FALSE,0,0,0,0,NA
"890","Organic_Views",0,0,0,0,0,0,0,0,0,TRUE,NA,NA,NA,NA,8051.88495575221,8051.88495575221,NA,NA,0.63732697535,-0.012360673806296,-0.141274166205851,-0.723858360426438,0.159994890138428,0.215598506704448,0.334624219167033,0.215598506704448,0.0195294846714647,0,1776674.8177906,0.3141242185,5654727.87225015,1e-04,"2_36_5",2,36,5,530,2,0,10290.1504877236,2238.26553197141,NA,NA,NA,NA,3,FALSE,NA,NA,NA,NA,NA
"891","Email_Impressions",7131.1109852688,214727.673154279,0.0207515768849565,1900.24489517061,0.0207515768849565,214727.673154279,0.0207515768849565,1900.24489517061,0.0207515768849565,TRUE,NA,NA,NA,NA,389433.016085841,389433.016085841,NA,NA,0.63732697535,-0.012360673806296,-0.141274166205851,-0.723858360426438,0.159994890138428,0.215598506704448,0.334624219167033,0.215598506704448,0.0195294846714647,0,1776674.8177906,0.3141242185,5654727.87225015,1e-04,"2_36_5",2,36,5,530,2,1900.24489517061,430971.788718104,41538.7726322629,NA,NA,NA,NA,3,FALSE,NA,NA,NA,NA,0.0667570108794145
"892","(Intercept)",74528.633359403,8421735.56961254,0.806749889325475,74528.633359403,0.806749889325475,8421735.56961254,0.806749889325475,74528.633359403,0.806749889325475,TRUE,NA,NA,NA,NA,NA,NA,NA,NA,0.63604703123,0.0611799736090234,-0.133769464784751,-0.566958249269228,0.154074104421587,0.214888479643236,0.319032769225257,0.214888479643236,0.0196246955256858,0,1015470.87077305,0.1794970371,5654727.87225015,1e-04,"2_68_13",2,68,13,1018,3,NA,NA,NA,NA,NA,NA,NA,3,FALSE,NA,NA,NA,NA,NA
"893","trend",0.113576329211937,1360061.8813658,0.130285469449634,12035.9458527946,0.130285469449634,1360061.8813658,0.130285469449634,12035.9458527946,0.130285469449634,TRUE,NA,NA,NA,NA,NA,NA,NA,NA,0.63604703123,0.0611799736090234,-0.133769464784751,-0.566958249269228,0.154074104421587,0.214888479643236,0.319032769225257,0.214888479643236,0.0196246955256858,0,1015470.87077305,0.1794970371,5654727.87225015,1e-04,"2_68_13",2,68,13,1018,3,NA,NA,NA,NA,NA,NA,NA,3,FALSE,NA,NA,NA,NA,NA
"894","season",0.0380274423080262,-10858.4263235715,-0.00104016970877099,-96.0922683501905,-0.00104016970877099,-10858.4263235715,-0.00104016970877099,-96.0922683501905,-0.00104016970877099,FALSE,NA,NA,NA,NA,NA,NA,NA,NA,0.63604703123,0.0611799736090234,-0.133769464784751,-0.566958249269228,0.154074104421587,0.214888479643236,0.319032769225257,0.214888479643236,0.0196246955256858,0,1015470.87077305,0.1794970371,5654727.87225015,1e-04,"2_68_13",2,68,13,1018,3,NA,NA,NA,NA,NA,NA,NA,3,FALSE,NA,NA,NA,NA,NA
"895","holiday",0,0,0,0,0,0,0,0,0,TRUE,NA,NA,NA,NA,NA,NA,NA,NA,0.63604703123,0.0611799736090234,-0.133769464784751,-0.566958249269228,0.154074104421587,0.214888479643236,0.319032769225257,0.214888479643236,0.0196246955256858,0,1015470.87077305,0.1794970371,5654727.87225015,1e-04,"2_68_13",2,68,13,1018,3,NA,NA,NA,NA,NA,NA,NA,3,FALSE,NA,NA,NA,NA,NA
"896","Google_Impressions",15935.8392556745,322282.625821362,0.0308726711452505,2852.05863558727,0.0308726711452506,322282.625821362,0.0308726711452505,2852.05863558727,0.0308726711452506,TRUE,0.743363900415277,0.743363900415277,490276.628318584,55401259,NA,NA,0.750370318782317,0.750370318782317,0.63604703123,0.0611799736090234,-0.133769464784751,-0.566958249269228,0.154074104421587,0.214888479643236,0.319032769225257,0.214888479643236,0.0196246955256858,0,1015470.87077305,0.1794970371,5654727.87225015,1e-04,"2_68_13",2,68,13,1018,3,2852.05863558727,683919.135250642,193642.506932058,0.00581724371681449,0.00581724371681449,171.902716936123,171.902716936123,3,FALSE,0.00614836150170441,0.000208230508885948,0.00308252913534494,0.00922081584551984,0.294475245081401
"897","Facebook_Impressions",23893.2695281638,107215.473656179,0.0102705755590567,948.809501382115,0.0102705755590567,107215.473656179,0.0102705755590567,948.809501382115,0.0102705755590567,TRUE,0.244677122195661,0.244677122195661,161373.82300885,18235242,NA,NA,0.249629681217682,0.249629681217682,0.63604703123,0.0611799736090234,-0.133769464784751,-0.566958249269228,0.154074104421587,0.214888479643236,0.319032769225257,0.214888479643236,0.0196246955256858,0,1015470.87077305,0.1794970371,5654727.87225015,1e-04,"2_68_13",2,68,13,1018,3,948.809501382115,163911.389703285,2537.56669443518,0.00587957503696299,0.00587957503696299,170.080319362084,170.080319362084,3,FALSE,0.00666154589379305,0.000271917387353167,0.00265856156013475,0.0106742308008493,8.26384493548217e-06
"898","Affiliate_Impressions",0,0,0,0,0,0,0,0,0,TRUE,0.0119589773890613,0.0119589773890613,7887.3982300885,891276,NA,NA,0,0,0.63604703123,0.0611799736090234,-0.133769464784751,-0.566958249269228,0.154074104421587,0.214888479643236,0.319032769225257,0.214888479643236,0.0196246955256858,0,1015470.87077305,0.1794970371,5654727.87225015,1e-04,"2_68_13",2,68,13,1018,3,0,9078.20736671053,1190.80913662204,0,0,Inf,Inf,3,FALSE,0,0,0,0,NA
"899","Organic_Views",0,0,0,0,0,0,0,0,0,TRUE,NA,NA,NA,NA,8051.88495575221,8051.88495575221,NA,NA,0.63604703123,0.0611799736090234,-0.133769464784751,-0.566958249269228,0.154074104421587,0.214888479643236,0.319032769225257,0.214888479643236,0.0196246955256858,0,1015470.87077305,0.1794970371,5654727.87225015,1e-04,"2_68_13",2,68,13,1018,3,0,10446.9559871745,2395.07103142228,NA,NA,NA,NA,3,FALSE,NA,NA,NA,NA,NA
"900","Email_Impressions",7820.1109288507,238653.951112794,0.0228615642293542,2111.98186825481,0.0228615642293542,238653.951112794,0.0228615642293542,2111.98186825481,0.0228615642293542,TRUE,NA,NA,NA,NA,389433.016085841,389433.016085841,NA,NA,0.63604703123,0.0611799736090234,-0.133769464784751,-0.566958249269228,0.154074104421587,0.214888479643236,0.319032769225257,0.214888479643236,0.0196246955256858,0,1015470.87077305,0.1794970371,5654727.87225015,1e-04,"2_68_13",2,68,13,1018,3,2111.98186825481,409793.781450253,20360.7653644121,NA,NA,NA,NA,3,FALSE,NA,NA,NA,NA,0.00346148845073947
"901","(Intercept)",74528.633359403,8421735.56961254,0.806749889325475,74528.633359403,0.806749889325475,8421735.56961254,0.806749889325475,74528.633359403,0.806749889325475,TRUE,NA,NA,NA,NA,NA,NA,NA,NA,0.63604703123,0.0611799736090234,-0.133769464784751,-0.566958249269228,0.154074104421587,0.214888479643236,0.319032769225257,0.214888479643236,0.0196246955256858,0,1015470.87077305,0.1794970371,5654727.87225015,1e-04,"2_70_13",2,70,13,1048,3,NA,NA,NA,NA,NA,NA,NA,3,FALSE,NA,NA,NA,NA,NA
"902","trend",0.113576329211937,1360061.8813658,0.130285469449634,12035.9458527946,0.130285469449634,1360061.8813658,0.130285469449634,12035.9458527946,0.130285469449634,TRUE,NA,NA,NA,NA,NA,NA,NA,NA,0.63604703123,0.0611799736090234,-0.133769464784751,-0.566958249269228,0.154074104421587,0.214888479643236,0.319032769225257,0.214888479643236,0.0196246955256858,0,1015470.87077305,0.1794970371,5654727.87225015,1e-04,"2_70_13",2,70,13,1048,3,NA,NA,NA,NA,NA,NA,NA,3,FALSE,NA,NA,NA,NA,NA
"903","season",0.0380274423080262,-10858.4263235715,-0.00104016970877099,-96.0922683501905,-0.00104016970877099,-10858.4263235715,-0.00104016970877099,-96.0922683501905,-0.00104016970877099,FALSE,NA,NA,NA,NA,NA,NA,NA,NA,0.63604703123,0.0611799736090234,-0.133769464784751,-0.566958249269228,0.154074104421587,0.214888479643236,0.319032769225257,0.214888479643236,0.0196246955256858,0,1015470.87077305,0.1794970371,5654727.87225015,1e-04,"2_70_13",2,70,13,1048,3,NA,NA,NA,NA,NA,NA,NA,3,FALSE,NA,NA,NA,NA,NA
"904","holiday",0,0,0,0,0,0,0,0,0,TRUE,NA,NA,NA,NA,NA,NA,NA,NA,0.63604703123,0.0611799736090234,-0.133769464784751,-0.566958249269228,0.154074104421587,0.214888479643236,0.319032769225257,0.214888479643236,0.0196246955256858,0,1015470.87077305,0.1794970371,5654727.87225015,1e-04,"2_70_13",2,70,13,1048,3,NA,NA,NA,NA,NA,NA,NA,3,FALSE,NA,NA,NA,NA,NA
"905","Google_Impressions",15935.8392556745,322282.625821362,0.0308726711452505,2852.05863558727,0.0308726711452506,322282.625821362,0.0308726711452505,2852.05863558727,0.0308726711452506,TRUE,0.743363900415277,0.743363900415277,490276.628318584,55401259,NA,NA,0.750370318782317,0.750370318782317,0.63604703123,0.0611799736090234,-0.133769464784751,-0.566958249269228,0.154074104421587,0.214888479643236,0.319032769225257,0.214888479643236,0.0196246955256858,0,1015470.87077305,0.1794970371,5654727.87225015,1e-04,"2_70_13",2,70,13,1048,3,2852.05863558727,683919.135250642,193642.506932058,0.00581724371681449,0.00581724371681449,171.902716936123,171.902716936123,3,FALSE,0.00614836150170441,0.000208230508885948,0.00308252913534494,0.00922081584551984,0.294475245081401
"906","Facebook_Impressions",23893.2695281638,107215.473656179,0.0102705755590567,948.809501382115,0.0102705755590567,107215.473656179,0.0102705755590567,948.809501382115,0.0102705755590567,TRUE,0.244677122195661,0.244677122195661,161373.82300885,18235242,NA,NA,0.249629681217682,0.249629681217682,0.63604703123,0.0611799736090234,-0.133769464784751,-0.566958249269228,0.154074104421587,0.214888479643236,0.319032769225257,0.214888479643236,0.0196246955256858,0,1015470.87077305,0.1794970371,5654727.87225015,1e-04,"2_70_13",2,70,13,1048,3,948.809501382115,163911.389703285,2537.56669443518,0.00587957503696299,0.00587957503696299,170.080319362084,170.080319362084,3,FALSE,0.00666154589379305,0.000271917387353167,0.00265856156013475,0.0106742308008493,8.26384493548217e-06
"907","Affiliate_Impressions",0,0,0,0,0,0,0,0,0,TRUE,0.0119589773890613,0.0119589773890613,7887.3982300885,891276,NA,NA,0,0,0.63604703123,0.0611799736090234,-0.133769464784751,-0.566958249269228,0.154074104421587,0.214888479643236,0.319032769225257,0.214888479643236,0.0196246955256858,0,1015470.87077305,0.1794970371,5654727.87225015,1e-04,"2_70_13",2,70,13,1048,3,0,8394.54814553789,507.149915449396,0,0,Inf,Inf,3,FALSE,0,0,0,0,NA
"908","Organic_Views",0,0,0,0,0,0,0,0,0,TRUE,NA,NA,NA,NA,8051.88495575221,8051.88495575221,NA,NA,0.63604703123,0.0611799736090234,-0.133769464784751,-0.566958249269228,0.154074104421587,0.214888479643236,0.319032769225257,0.214888479643236,0.0196246955256858,0,1015470.87077305,0.1794970371,5654727.87225015,1e-04,"2_70_13",2,70,13,1048,3,0,10446.9559871745,2395.07103142228,NA,NA,NA,NA,3,FALSE,NA,NA,NA,NA,NA
"909","Email_Impressions",7820.1109288507,238653.951112794,0.0228615642293542,2111.98186825481,0.0228615642293542,238653.951112794,0.0228615642293542,2111.98186825481,0.0228615642293542,TRUE,NA,NA,NA,NA,389433.016085841,389433.016085841,NA,NA,0.63604703123,0.0611799736090234,-0.133769464784751,-0.566958249269228,0.154074104421587,0.214888479643236,0.319032769225257,0.214888479643236,0.0196246955256858,0,1015470.87077305,0.1794970371,5654727.87225015,1e-04,"2_70_13",2,70,13,1048,3,2111.98186825481,409793.781450253,20360.7653644121,NA,NA,NA,NA,3,FALSE,NA,NA,NA,NA,0.00346148845073947
"910","(Intercept)",74528.633359403,8421735.56961254,0.806749889325475,74528.633359403,0.806749889325475,8421735.56961254,0.806749889325475,74528.633359403,0.806749889325475,TRUE,NA,NA,NA,NA,NA,NA,NA,NA,0.63604703123,0.0611799736090234,-0.133769464784751,-0.566958249269228,0.154074104421587,0.214888479643236,0.319032769225257,0.214888479643236,0.0196246955256858,0,1015470.87077305,0.1794970371,5654727.87225015,1e-04,"2_76_13",2,76,13,1138,3,NA,NA,NA,NA,NA,NA,NA,3,FALSE,NA,NA,NA,NA,NA
"911","trend",0.113576329211937,1360061.8813658,0.130285469449634,12035.9458527946,0.130285469449634,1360061.8813658,0.130285469449634,12035.9458527946,0.130285469449634,TRUE,NA,NA,NA,NA,NA,NA,NA,NA,0.63604703123,0.0611799736090234,-0.133769464784751,-0.566958249269228,0.154074104421587,0.214888479643236,0.319032769225257,0.214888479643236,0.0196246955256858,0,1015470.87077305,0.1794970371,5654727.87225015,1e-04,"2_76_13",2,76,13,1138,3,NA,NA,NA,NA,NA,NA,NA,3,FALSE,NA,NA,NA,NA,NA
"912","season",0.0380274423080262,-10858.4263235715,-0.00104016970877099,-96.0922683501905,-0.00104016970877099,-10858.4263235715,-0.00104016970877099,-96.0922683501905,-0.00104016970877099,FALSE,NA,NA,NA,NA,NA,NA,NA,NA,0.63604703123,0.0611799736090234,-0.133769464784751,-0.566958249269228,0.154074104421587,0.214888479643236,0.319032769225257,0.214888479643236,0.0196246955256858,0,1015470.87077305,0.1794970371,5654727.87225015,1e-04,"2_76_13",2,76,13,1138,3,NA,NA,NA,NA,NA,NA,NA,3,FALSE,NA,NA,NA,NA,NA
"913","holiday",0,0,0,0,0,0,0,0,0,TRUE,NA,NA,NA,NA,NA,NA,NA,NA,0.63604703123,0.0611799736090234,-0.133769464784751,-0.566958249269228,0.154074104421587,0.214888479643236,0.319032769225257,0.214888479643236,0.0196246955256858,0,1015470.87077305,0.1794970371,5654727.87225015,1e-04,"2_76_13",2,76,13,1138,3,NA,NA,NA,NA,NA,NA,NA,3,FALSE,NA,NA,NA,NA,NA
"914","Google_Impressions",15935.8392556745,322282.625821362,0.0308726711452505,2852.05863558727,0.0308726711452506,322282.625821362,0.0308726711452505,2852.05863558727,0.0308726711452506,TRUE,0.743363900415277,0.743363900415277,490276.628318584,55401259,NA,NA,0.750370318782317,0.750370318782317,0.63604703123,0.0611799736090234,-0.133769464784751,-0.566958249269228,0.154074104421587,0.214888479643236,0.319032769225257,0.214888479643236,0.0196246955256858,0,1015470.87077305,0.1794970371,5654727.87225015,1e-04,"2_76_13",2,76,13,1138,3,2852.05863558727,683919.135250642,193642.506932058,0.00581724371681449,0.00581724371681449,171.902716936123,171.902716936123,3,FALSE,0.00614836150170441,0.000208230508885948,0.00308252913534494,0.00922081584551984,0.294475245081401
"915","Facebook_Impressions",23893.2695281638,107215.473656179,0.0102705755590567,948.809501382115,0.0102705755590567,107215.473656179,0.0102705755590567,948.809501382115,0.0102705755590567,TRUE,0.244677122195661,0.244677122195661,161373.82300885,18235242,NA,NA,0.249629681217682,0.249629681217682,0.63604703123,0.0611799736090234,-0.133769464784751,-0.566958249269228,0.154074104421587,0.214888479643236,0.319032769225257,0.214888479643236,0.0196246955256858,0,1015470.87077305,0.1794970371,5654727.87225015,1e-04,"2_76_13",2,76,13,1138,3,948.809501382115,163911.389703285,2537.56669443518,0.00587957503696299,0.00587957503696299,170.080319362084,170.080319362084,3,FALSE,0.00666154589379305,0.000271917387353167,0.00265856156013475,0.0106742308008493,8.26384493548217e-06
"916","Affiliate_Impressions",0,0,0,0,0,0,0,0,0,TRUE,0.0119589773890613,0.0119589773890613,7887.3982300885,891276,NA,NA,0,0,0.63604703123,0.0611799736090234,-0.133769464784751,-0.566958249269228,0.154074104421587,0.214888479643236,0.319032769225257,0.214888479643236,0.0196246955256858,0,1015470.87077305,0.1794970371,5654727.87225015,1e-04,"2_76_13",2,76,13,1138,3,0,9078.20736671053,1190.80913662204,0,0,Inf,Inf,3,FALSE,0,0,0,0,NA
"917","Organic_Views",0,0,0,0,0,0,0,0,0,TRUE,NA,NA,NA,NA,8051.88495575221,8051.88495575221,NA,NA,0.63604703123,0.0611799736090234,-0.133769464784751,-0.566958249269228,0.154074104421587,0.214888479643236,0.319032769225257,0.214888479643236,0.0196246955256858,0,1015470.87077305,0.1794970371,5654727.87225015,1e-04,"2_76_13",2,76,13,1138,3,0,10302.5080349961,2250.62307924391,NA,NA,NA,NA,3,FALSE,NA,NA,NA,NA,NA
"918","Email_Impressions",7820.1109288507,238653.951112794,0.0228615642293542,2111.98186825481,0.0228615642293542,238653.951112794,0.0228615642293542,2111.98186825481,0.0228615642293542,TRUE,NA,NA,NA,NA,389433.016085841,389433.016085841,NA,NA,0.63604703123,0.0611799736090234,-0.133769464784751,-0.566958249269228,0.154074104421587,0.214888479643236,0.319032769225257,0.214888479643236,0.0196246955256858,0,1015470.87077305,0.1794970371,5654727.87225015,1e-04,"2_76_13",2,76,13,1138,3,2111.98186825481,409793.781450253,20360.7653644121,NA,NA,NA,NA,3,FALSE,NA,NA,NA,NA,0.00346148845073947
"919","(Intercept)",63936.5298845498,7224827.87695413,0.684065623331547,63936.5298845498,0.684065623331547,7224827.87695413,0.684065623331547,63936.5298845498,0.684065623331547,TRUE,NA,NA,NA,NA,NA,NA,NA,NA,0.63517377812,0.145360279544538,-0.0942043588883681,-0.374764358924857,0.147004292445975,0.211105707609941,0.298827604420278,0.211105707609941,0.0762815638713693,0,629181.641617699,0.1111775935,5654727.87225015,1e-04,"2_107_11",2,107,11,1601,3,NA,NA,NA,NA,NA,NA,NA,3,FALSE,NA,NA,NA,NA,NA
"920","trend",0.164190711603522,1966162.57697123,0.186161421655073,17399.6688227543,0.186161421655073,1966162.57697123,0.186161421655073,17399.6688227543,0.186161421655073,TRUE,NA,NA,NA,NA,NA,NA,NA,NA,0.63517377812,0.145360279544538,-0.0942043588883681,-0.374764358924857,0.147004292445975,0.211105707609941,0.298827604420278,0.211105707609941,0.0762815638713693,0,629181.641617699,0.1111775935,5654727.87225015,1e-04,"2_107_11",2,107,11,1601,3,NA,NA,NA,NA,NA,NA,NA,3,FALSE,NA,NA,NA,NA,NA
"921","season",0.0583958946168974,-16674.4719289942,-0.00157878266833404,-147.561698486674,-0.00157878266833404,-16674.4719289942,-0.00157878266833404,-147.561698486674,-0.00157878266833404,FALSE,NA,NA,NA,NA,NA,NA,NA,NA,0.63517377812,0.145360279544538,-0.0942043588883681,-0.374764358924857,0.147004292445975,0.211105707609941,0.298827604420278,0.211105707609941,0.0762815638713693,0,629181.641617699,0.1111775935,5654727.87225015,1e-04,"2_107_11",2,107,11,1601,3,NA,NA,NA,NA,NA,NA,NA,3,FALSE,NA,NA,NA,NA,NA
"922","holiday",0,0,0,0,0,0,0,0,0,TRUE,NA,NA,NA,NA,NA,NA,NA,NA,0.63517377812,0.145360279544538,-0.0942043588883681,-0.374764358924857,0.147004292445975,0.211105707609941,0.298827604420278,0.211105707609941,0.0762815638713693,0,629181.641617699,0.1111775935,5654727.87225015,1e-04,"2_107_11",2,107,11,1601,3,NA,NA,NA,NA,NA,NA,NA,3,FALSE,NA,NA,NA,NA,NA
"923","Google_Impressions",23497.6886139958,490834.130257785,0.0464734608194904,4343.66486953792,0.0464734608194904,490834.130257785,0.0464734608194904,4343.66486953792,0.0464734608194904,TRUE,0.743363900415277,0.743363900415277,490276.628318584,55401259,NA,NA,0.710237170968001,0.710237170968001,0.63517377812,0.145360279544538,-0.0942043588883681,-0.374764358924857,0.147004292445975,0.211105707609941,0.298827604420278,0.211105707609941,0.0762815638713693,0,629181.641617699,0.1111775935,5654727.87225015,1e-04,"2_107_11",2,107,11,1601,3,4343.66486953792,672857.878700925,182581.250382341,0.00885962050533518,0.00885962050533518,112.871651714406,112.871651714406,3,FALSE,0.00614836150170441,0.000208230508885948,0.00308252913534494,0.00922081584551984,0.32769676372073
"924","Facebook_Impressions",24294.463057675,200250.693687453,0.0189602600827125,1772.13003263233,0.0189602600827125,200250.693687453,0.0189602600827125,1772.13003263233,0.0189602600827125,TRUE,0.244677122195661,0.244677122195661,161373.82300885,18235242,NA,NA,0.289762829031999,0.289762829031999,0.63517377812,0.145360279544538,-0.0942043588883681,-0.374764358924857,0.147004292445975,0.211105707609941,0.298827604420278,0.211105707609941,0.0762815638713693,0,629181.641617699,0.1111775935,5654727.87225015,1e-04,"2_107_11",2,107,11,1601,3,1772.13003263233,178192.583521236,16818.760512386,0.0109815210397237,0.0109815210397237,91.0620665737178,91.0620665737178,3,FALSE,0.00666154589379305,0.000271917387353167,0.00265856156013475,0.0106742308008493,0.00303461883084787
"925","Affiliate_Impressions",0,0,0,0,0,0,0,0,0,TRUE,0.0119589773890613,0.0119589773890613,7887.3982300885,891276,NA,NA,0,0,0.63517377812,0.145360279544538,-0.0942043588883681,-0.374764358924857,0.147004292445975,0.211105707609941,0.298827604420278,0.211105707609941,0.0762815638713693,0,629181.641617699,0.1111775935,5654727.87225015,1e-04,"2_107_11",2,107,11,1601,3,0,8651.69291803426,764.294687945765,0,0,Inf,Inf,3,FALSE,0,0,0,0,NA
"926","Organic_Views",0,0,0,0,0,0,0,0,0,TRUE,NA,NA,NA,NA,8051.88495575221,8051.88495575221,NA,NA,0.63517377812,0.145360279544538,-0.0942043588883681,-0.374764358924857,0.147004292445975,0.211105707609941,0.298827604420278,0.211105707609941,0.0762815638713693,0,629181.641617699,0.1111775935,5654727.87225015,1e-04,"2_107_11",2,107,11,1601,3,0,10833.8702371058,2781.98528135359,NA,NA,NA,NA,3,FALSE,NA,NA,NA,NA,NA
"927","Email_Impressions",17810.7854595291,696199.763558815,0.0659180167795103,6161.05985450278,0.0659180167795103,696199.763558815,0.0659180167795103,6161.05985450278,0.0659180167795103,TRUE,NA,NA,NA,NA,389433.016085841,389433.016085841,NA,NA,0.63517377812,0.145360279544538,-0.0942043588883681,-0.374764358924857,0.147004292445975,0.211105707609941,0.298827604420278,0.211105707609941,0.0762815638713693,0,629181.641617699,0.1111775935,5654727.87225015,1e-04,"2_107_11",2,107,11,1601,3,6161.05985450278,397798.262362017,8365.24627617591,NA,NA,NA,NA,3,FALSE,NA,NA,NA,NA,0.0291081169579716
"928","(Intercept)",59841.1299871243,6762047.68854505,0.63954269815202,59841.1299871243,0.63954269815202,6762047.68854505,0.63954269815202,59841.1299871243,0.63954269815202,TRUE,NA,NA,NA,NA,NA,NA,NA,NA,0.63476727695,0.16225956318881,-0.108076685301699,-0.354301495536881,0.145543635501596,0.212439692284131,0.296595296848065,0.212439692284131,0.0549677834201012,0,590242.670219158,0.1042908137,5654727.87225015,1e-04,"2_131_11",2,131,11,1961,1,NA,NA,NA,NA,NA,NA,NA,3,FALSE,NA,NA,NA,NA,NA
"929","trend",0.172826103533251,2069570.28063422,0.195736354171857,18314.7812445506,0.195736354171857,2069570.28063422,0.195736354171857,18314.7812445506,0.195736354171857,TRUE,NA,NA,NA,NA,NA,NA,NA,NA,0.63476727695,0.16225956318881,-0.108076685301699,-0.354301495536881,0.145543635501596,0.212439692284131,0.296595296848065,0.212439692284131,0.0549677834201012,0,590242.670219158,0.1042908137,5654727.87225015,1e-04,"2_131_11",2,131,11,1961,1,NA,NA,NA,NA,NA,NA,NA,3,FALSE,NA,NA,NA,NA,NA
"930","season",0.061605224963514,-17590.8700615444,-0.00166371386600237,-155.671416473844,-0.00166371386600237,-17590.8700615444,-0.00166371386600237,-155.671416473844,-0.00166371386600237,FALSE,NA,NA,NA,NA,NA,NA,NA,NA,0.63476727695,0.16225956318881,-0.108076685301699,-0.354301495536881,0.145543635501596,0.212439692284131,0.296595296848065,0.212439692284131,0.0549677834201012,0,590242.670219158,0.1042908137,5654727.87225015,1e-04,"2_131_11",2,131,11,1961,1,NA,NA,NA,NA,NA,NA,NA,3,FALSE,NA,NA,NA,NA,NA
"931","holiday",0,0,0,0,0,0,0,0,0,TRUE,NA,NA,NA,NA,NA,NA,NA,NA,0.63476727695,0.16225956318881,-0.108076685301699,-0.354301495536881,0.145543635501596,0.212439692284131,0.296595296848065,0.212439692284131,0.0549677834201012,0,590242.670219158,0.1042908137,5654727.87225015,1e-04,"2_131_11",2,131,11,1961,1,NA,NA,NA,NA,NA,NA,NA,3,FALSE,NA,NA,NA,NA,NA
"932","Google_Impressions",29015.4299436394,507340.122973315,0.0479833455887598,4489.73560153376,0.0479833455887598,507340.122973315,0.0479833455887598,4489.73560153376,0.0479833455887598,TRUE,0.743363900415277,0.743363900415277,490276.628318584,55401259,NA,NA,0.722094132490095,0.722094132490095,0.63476727695,0.16225956318881,-0.108076685301699,-0.354301495536881,0.145543635501596,0.212439692284131,0.296595296848065,0.212439692284131,0.0549677834201012,0,590242.670219158,0.1042908137,5654727.87225015,1e-04,"2_131_11",2,131,11,1961,1,4489.73560153376,588040.37025427,97763.7419356861,0.00915755584134497,0.00915755584134497,109.199443314902,109.199443314902,3,FALSE,0.00614836150170441,0.000208230508885948,0.00308252913534494,0.00922081584551984,0.175650059296255
"933","Facebook_Impressions",24446.4483864073,195255.42537131,0.0184669182062004,1727.92411833018,0.0184669182062004,195255.42537131,0.0184669182062004,1727.92411833018,0.0184669182062004,TRUE,0.244677122195661,0.244677122195661,161373.82300885,18235242,NA,NA,0.277905867509905,0.277905867509905,0.63476727695,0.16225956318881,-0.108076685301699,-0.354301495536881,0.145543635501596,0.212439692284131,0.296595296848065,0.212439692284131,0.0549677834201012,0,590242.670219158,0.1042908137,5654727.87225015,1e-04,"2_131_11",2,131,11,1961,1,1727.92411833018,165385.284698075,4011.46168922595,0.0107075861878504,0.0107075861878504,93.3917301674086,93.3917301674086,3,FALSE,0.00666154589379305,0.000271917387353167,0.00265856156013475,0.0106742308008493,5.14250315889381e-05
"934","Affiliate_Impressions",0,0,0,0,0,0,0,0,0,TRUE,0.0119589773890613,0.0119589773890613,7887.3982300885,891276,NA,NA,0,0,0.63476727695,0.16225956318881,-0.108076685301699,-0.354301495536881,0.145543635501596,0.212439692284131,0.296595296848065,0.212439692284131,0.0549677834201012,0,590242.670219158,0.1042908137,5654727.87225015,1e-04,"2_131_11",2,131,11,1961,1,0,8163.17067569123,275.772445602733,0,0,Inf,Inf,3,FALSE,0,0,0,0,NA
"935","Organic_Views",0,0,0,0,0,0,0,0,0,TRUE,NA,NA,NA,NA,8051.88495575221,8051.88495575221,NA,NA,0.63476727695,0.16225956318881,-0.108076685301699,-0.354301495536881,0.145543635501596,0.212439692284131,0.296595296848065,0.212439692284131,0.0549677834201012,0,590242.670219158,0.1042908137,5654727.87225015,1e-04,"2_131_11",2,131,11,1961,1,0,10351.3652746283,2299.48031887607,NA,NA,NA,NA,3,FALSE,NA,NA,NA,NA,NA
"936","Email_Impressions",24947.074894783,1056631.8171484,0.0999343977471653,9350.72404556108,0.0999343977471653,1056631.8171484,0.0999343977471653,9350.72404556108,0.0999343977471653,TRUE,NA,NA,NA,NA,389433.016085841,389433.016085841,NA,NA,0.63476727695,0.16225956318881,-0.108076685301699,-0.354301495536881,0.145543635501596,0.212439692284131,0.296595296848065,0.212439692284131,0.0549677834201012,0,590242.670219158,0.1042908137,5654727.87225015,1e-04,"2_131_11",2,131,11,1961,1,9350.72404556108,432625.141155426,43192.1250695857,NA,NA,NA,NA,3,FALSE,NA,NA,NA,NA,0.248244969262014
"937","(Intercept)",59841.1299871243,6762047.68854505,0.63954269815202,59841.1299871243,0.63954269815202,6762047.68854505,0.63954269815202,59841.1299871243,0.63954269815202,TRUE,NA,NA,NA,NA,NA,NA,NA,NA,0.63476727695,0.16225956318881,-0.108076685301699,-0.354301495536881,0.145543635501596,0.212439692284131,0.296595296848065,0.212439692284131,0.0549677834201012,0,590242.670219158,0.1042908137,5654727.87225015,1e-04,"2_133_11",2,133,11,1991,1,NA,NA,NA,NA,NA,NA,NA,3,FALSE,NA,NA,NA,NA,NA
"938","trend",0.172826103533251,2069570.28063422,0.195736354171857,18314.7812445506,0.195736354171857,2069570.28063422,0.195736354171857,18314.7812445506,0.195736354171857,TRUE,NA,NA,NA,NA,NA,NA,NA,NA,0.63476727695,0.16225956318881,-0.108076685301699,-0.354301495536881,0.145543635501596,0.212439692284131,0.296595296848065,0.212439692284131,0.0549677834201012,0,590242.670219158,0.1042908137,5654727.87225015,1e-04,"2_133_11",2,133,11,1991,1,NA,NA,NA,NA,NA,NA,NA,3,FALSE,NA,NA,NA,NA,NA
"939","season",0.061605224963514,-17590.8700615444,-0.00166371386600237,-155.671416473844,-0.00166371386600237,-17590.8700615444,-0.00166371386600237,-155.671416473844,-0.00166371386600237,FALSE,NA,NA,NA,NA,NA,NA,NA,NA,0.63476727695,0.16225956318881,-0.108076685301699,-0.354301495536881,0.145543635501596,0.212439692284131,0.296595296848065,0.212439692284131,0.0549677834201012,0,590242.670219158,0.1042908137,5654727.87225015,1e-04,"2_133_11",2,133,11,1991,1,NA,NA,NA,NA,NA,NA,NA,3,FALSE,NA,NA,NA,NA,NA
"940","holiday",0,0,0,0,0,0,0,0,0,TRUE,NA,NA,NA,NA,NA,NA,NA,NA,0.63476727695,0.16225956318881,-0.108076685301699,-0.354301495536881,0.145543635501596,0.212439692284131,0.296595296848065,0.212439692284131,0.0549677834201012,0,590242.670219158,0.1042908137,5654727.87225015,1e-04,"2_133_11",2,133,11,1991,1,NA,NA,NA,NA,NA,NA,NA,3,FALSE,NA,NA,NA,NA,NA
"941","Google_Impressions",29015.4299436394,507340.122973315,0.0479833455887598,4489.73560153376,0.0479833455887598,507340.122973315,0.0479833455887598,4489.73560153376,0.0479833455887598,TRUE,0.743363900415277,0.743363900415277,490276.628318584,55401259,NA,NA,0.722094132490095,0.722094132490095,0.63476727695,0.16225956318881,-0.108076685301699,-0.354301495536881,0.145543635501596,0.212439692284131,0.296595296848065,0.212439692284131,0.0549677834201012,0,590242.670219158,0.1042908137,5654727.87225015,1e-04,"2_133_11",2,133,11,1991,1,4489.73560153376,588040.37025427,97763.7419356861,0.00915755584134497,0.00915755584134497,109.199443314902,109.199443314902,3,FALSE,0.00614836150170441,0.000208230508885948,0.00308252913534494,0.00922081584551984,0.175650059296255
"942","Facebook_Impressions",24446.4483864073,195255.42537131,0.0184669182062004,1727.92411833018,0.0184669182062004,195255.42537131,0.0184669182062004,1727.92411833018,0.0184669182062004,TRUE,0.244677122195661,0.244677122195661,161373.82300885,18235242,NA,NA,0.277905867509905,0.277905867509905,0.63476727695,0.16225956318881,-0.108076685301699,-0.354301495536881,0.145543635501596,0.212439692284131,0.296595296848065,0.212439692284131,0.0549677834201012,0,590242.670219158,0.1042908137,5654727.87225015,1e-04,"2_133_11",2,133,11,1991,1,1727.92411833018,165385.284698075,4011.46168922595,0.0107075861878504,0.0107075861878504,93.3917301674086,93.3917301674086,3,FALSE,0.00666154589379305,0.000271917387353167,0.00265856156013475,0.0106742308008493,5.14250315889381e-05
"943","Affiliate_Impressions",0,0,0,0,0,0,0,0,0,TRUE,0.0119589773890613,0.0119589773890613,7887.3982300885,891276,NA,NA,0,0,0.63476727695,0.16225956318881,-0.108076685301699,-0.354301495536881,0.145543635501596,0.212439692284131,0.296595296848065,0.212439692284131,0.0549677834201012,0,590242.670219158,0.1042908137,5654727.87225015,1e-04,"2_133_11",2,133,11,1991,1,0,8163.17067569123,275.772445602733,0,0,Inf,Inf,3,FALSE,0,0,0,0,NA
"944","Organic_Views",0,0,0,0,0,0,0,0,0,TRUE,NA,NA,NA,NA,8051.88495575221,8051.88495575221,NA,NA,0.63476727695,0.16225956318881,-0.108076685301699,-0.354301495536881,0.145543635501596,0.212439692284131,0.296595296848065,0.212439692284131,0.0549677834201012,0,590242.670219158,0.1042908137,5654727.87225015,1e-04,"2_133_11",2,133,11,1991,1,0,10351.3652746283,2299.48031887607,NA,NA,NA,NA,3,FALSE,NA,NA,NA,NA,NA
"945","Email_Impressions",24947.074894783,1056631.8171484,0.0999343977471653,9350.72404556108,0.0999343977471653,1056631.8171484,0.0999343977471653,9350.72404556108,0.0999343977471653,TRUE,NA,NA,NA,NA,389433.016085841,389433.016085841,NA,NA,0.63476727695,0.16225956318881,-0.108076685301699,-0.354301495536881,0.145543635501596,0.212439692284131,0.296595296848065,0.212439692284131,0.0549677834201012,0,590242.670219158,0.1042908137,5654727.87225015,1e-04,"2_133_11",2,133,11,1991,1,9350.72404556108,432625.141155426,43192.1250695857,NA,NA,NA,NA,3,FALSE,NA,NA,NA,NA,0.248244969262014
"946","(Intercept)",63791.2099701981,7208406.72663238,0.656801065303531,63791.2099701981,0.656801065303531,7208406.72663238,0.656801065303531,63791.2099701981,0.656801065303531,TRUE,NA,NA,NA,NA,NA,NA,NA,NA,0.72401523671,0.709932515281484,0.513561351174206,0.477109705156269,0.0815594975801443,0.163740552086682,0.207853589030906,0.163740552086682,0.148771831026439,0,74260.3123914251,0.01303373239,5654727.87225015,1e-04,"3_69_9",3,69,9,1029,1,NA,NA,NA,NA,NA,NA,NA,2,FALSE,NA,NA,NA,NA,NA
"947","trend",0.0481913770777528,577085.519744797,0.0525817144500529,5106.95150216634,0.0525817144500529,577085.519744797,0.0525817144500529,5106.95150216634,0.0525817144500529,TRUE,NA,NA,NA,NA,NA,NA,NA,NA,0.72401523671,0.709932515281484,0.513561351174206,0.477109705156269,0.0815594975801443,0.163740552086682,0.207853589030906,0.163740552086682,0.148771831026439,0,74260.3123914251,0.01303373239,5654727.87225015,1e-04,"3_69_9",3,69,9,1029,1,NA,NA,NA,NA,NA,NA,NA,2,FALSE,NA,NA,NA,NA,NA
"948","season",0.237168167574056,-67721.4379299919,-0.0061705053922624,-599.304760442407,-0.0061705053922624,-67721.4379299919,-0.0061705053922624,-599.304760442407,-0.0061705053922624,FALSE,NA,NA,NA,NA,NA,NA,NA,NA,0.72401523671,0.709932515281484,0.513561351174206,0.477109705156269,0.0815594975801443,0.163740552086682,0.207853589030906,0.163740552086682,0.148771831026439,0,74260.3123914251,0.01303373239,5654727.87225015,1e-04,"3_69_9",3,69,9,1029,1,NA,NA,NA,NA,NA,NA,NA,2,FALSE,NA,NA,NA,NA,NA
"949","holiday",0,0,0,0,0,0,0,0,0,TRUE,NA,NA,NA,NA,NA,NA,NA,NA,0.72401523671,0.709932515281484,0.513561351174206,0.477109705156269,0.0815594975801443,0.163740552086682,0.207853589030906,0.163740552086682,0.148771831026439,0,74260.3123914251,0.01303373239,5654727.87225015,1e-04,"3_69_9",3,69,9,1029,1,NA,NA,NA,NA,NA,NA,NA,2,FALSE,NA,NA,NA,NA,NA
"950","Google_Impressions",102734.078956333,1591181.32273715,0.144982050472211,14081.2506436916,0.144982050472211,1591181.32273715,0.144982050472211,14081.2506436916,0.144982050472211,TRUE,0.743363900415277,0.743363900415277,490276.628318584,55401259,NA,NA,0.671127919892151,0.671127919892151,0.72401523671,0.709932515281484,0.513561351174206,0.477109705156269,0.0815594975801443,0.163740552086682,0.207853589030906,0.163740552086682,0.148771831026439,0,74260.3123914251,0.01303373239,5654727.87225015,1e-04,"3_69_9",3,69,9,1029,1,14081.2506436916,681324.62416294,191047.995844356,0.0287210318223481,0.0287210318223481,34.8176906103314,34.8176906103314,2,FALSE,0.0256983568867457,0.00393028924683548,0,0.0574541807549012,0.199169514910212
"951","Facebook_Impressions",50094.8790086165,779724.842205071,0.0710453955257283,6900.21984252275,0.0710453955257283,779724.842205071,0.0710453955257283,6900.21984252275,0.0710453955257283,TRUE,0.244677122195661,0.244677122195661,161373.82300885,18235242,NA,NA,0.328872080107849,0.328872080107849,0.72401523671,0.709932515281484,0.513561351174206,0.477109705156269,0.0815594975801443,0.163740552086682,0.207853589030906,0.163740552086682,0.148771831026439,0,74260.3123914251,0.01303373239,5654727.87225015,1e-04,"3_69_9",3,69,9,1029,1,6900.21984252275,178915.141743368,17541.3187345185,0.0427592264585834,0.0427592264585834,23.3867654497586,23.3867654497586,2,FALSE,0.0343703021894356,0.00552693475505328,0,0.0790484193393257,0.00722792496897861
"952","Affiliate_Impressions",0,0,0,0,0,0,0,0,0,TRUE,0.0119589773890613,0.0119589773890613,7887.3982300885,891276,NA,NA,0,0,0.72401523671,0.709932515281484,0.513561351174206,0.477109705156269,0.0815594975801443,0.163740552086682,0.207853589030906,0.163740552086682,0.148771831026439,0,74260.3123914251,0.01303373239,5654727.87225015,1e-04,"3_69_9",3,69,9,1029,1,0,9489.10730860398,1601.70907851549,0,0,Inf,Inf,2,FALSE,0,0,0,0,NA
"953","Organic_Views",0,0,0,0,0,0,0,0,0,TRUE,NA,NA,NA,NA,8051.88495575221,8051.88495575221,NA,NA,0.72401523671,0.709932515281484,0.513561351174206,0.477109705156269,0.0815594975801443,0.163740552086682,0.207853589030906,0.163740552086682,0.148771831026439,0,74260.3123914251,0.01303373239,5654727.87225015,1e-04,"3_69_9",3,69,9,1029,1,0,8381.67852932052,329.793573568308,NA,NA,NA,NA,2,FALSE,NA,NA,NA,NA,NA
"954","Email_Impressions",80853.9576906949,886345.917752098,0.0807602796407388,7843.76918364688,0.0807602796407388,886345.917752098,0.0807602796407388,7843.76918364688,0.0807602796407388,TRUE,NA,NA,NA,NA,389433.016085841,389433.016085841,NA,NA,0.72401523671,0.709932515281484,0.513561351174206,0.477109705156269,0.0815594975801443,0.163740552086682,0.207853589030906,0.163740552086682,0.148771831026439,0,74260.3123914251,0.01303373239,5654727.87225015,1e-04,"3_69_9",3,69,9,1029,1,7843.76918364688,409044.362701198,19611.346615357,NA,NA,NA,NA,2,FALSE,NA,NA,NA,NA,0.000295377933678828
"955","(Intercept)",60062.9679830373,6787115.38208321,0.61974529196779,60062.9679830373,0.61974529196779,6787115.38208321,0.61974529196779,60062.9679830373,0.61974529196779,TRUE,NA,NA,NA,NA,NA,NA,NA,NA,0.72401523671,0.684264766232918,0.358670736252921,0.47376637626548,0.0850915709511576,0.188010776119096,0.208517031850071,0.188010776119096,0.118412539025336,0,74260.3123914251,0.01303373239,5654727.87225015,1e-04,"3_71_9",3,71,9,1059,2,NA,NA,NA,NA,NA,NA,NA,2,FALSE,NA,NA,NA,NA,NA
"956","trend",0.053330494876236,638625.792001024,0.0583142182858184,5651.55568142499,0.0583142182858184,638625.792001024,0.0583142182858184,5651.55568142499,0.0583142182858184,TRUE,NA,NA,NA,NA,NA,NA,NA,NA,0.72401523671,0.684264766232918,0.358670736252921,0.47376637626548,0.0850915709511576,0.188010776119096,0.208517031850071,0.188010776119096,0.118412539025336,0,74260.3123914251,0.01303373239,5654727.87225015,1e-04,"3_71_9",3,71,9,1059,2,NA,NA,NA,NA,NA,NA,NA,2,FALSE,NA,NA,NA,NA,NA
"957","season",0.252658286922307,-72144.515304586,-0.00658766223708899,-638.447038093682,-0.00658766223708899,-72144.515304586,-0.00658766223708899,-638.447038093682,-0.00658766223708899,FALSE,NA,NA,NA,NA,NA,NA,NA,NA,0.72401523671,0.684264766232918,0.358670736252921,0.47376637626548,0.0850915709511576,0.188010776119096,0.208517031850071,0.188010776119096,0.118412539025336,0,74260.3123914251,0.01303373239,5654727.87225015,1e-04,"3_71_9",3,71,9,1059,2,NA,NA,NA,NA,NA,NA,NA,2,FALSE,NA,NA,NA,NA,NA
"958","holiday",0,0,0,0,0,0,0,0,0,TRUE,NA,NA,NA,NA,NA,NA,NA,NA,0.72401523671,0.684264766232918,0.358670736252921,0.47376637626548,0.0850915709511576,0.188010776119096,0.208517031850071,0.188010776119096,0.118412539025336,0,74260.3123914251,0.01303373239,5654727.87225015,1e-04,"3_71_9",3,71,9,1059,2,NA,NA,NA,NA,NA,NA,NA,2,FALSE,NA,NA,NA,NA,NA
"959","Google_Impressions",77255.7347396835,1733011.88215971,0.158244835166345,15336.3883376966,0.158244835166345,1733011.88215971,0.158244835166345,15336.3883376966,0.158244835166345,TRUE,0.743363900415277,0.743363900415277,490276.628318584,55401259,NA,NA,0.68740557926668,0.68740557926668,0.72401523671,0.684264766232918,0.358670736252921,0.47376637626548,0.0850915709511576,0.188010776119096,0.208517031850071,0.188010776119096,0.118412539025336,0,74260.3123914251,0.01303373239,5654727.87225015,1e-04,"3_71_9",3,71,9,1059,2,15336.3883376966,666943.794890883,176667.166572299,0.0312810920444915,0.0312810920444915,31.9681933922795,31.9681933922795,2,FALSE,0.0256983568867457,0.00393028924683548,0,0.0574541807549012,0.359534056703119
"960","Facebook_Impressions",59292.1998722566,788078.918424826,0.0719610868384772,6974.14972057368,0.0719610868384771,788078.918424826,0.0719610868384772,6974.14972057368,0.0719610868384771,TRUE,0.244677122195661,0.244677122195661,161373.82300885,18235242,NA,NA,0.31259442073332,0.31259442073332,0.72401523671,0.684264766232918,0.358670736252921,0.47376637626548,0.0850915709511576,0.188010776119096,0.208517031850071,0.188010776119096,0.118412539025336,0,74260.3123914251,0.01303373239,5654727.87225015,1e-04,"3_71_9",3,71,9,1059,2,6974.14972057368,162801.581940229,1427.7589313799,0.0432173545283811,0.0432173545283811,23.1388526880629,23.1388526880629,2,FALSE,0.0343703021894356,0.00552693475505328,0,0.0790484193393257,9.07163259800552e-06
"961","Affiliate_Impressions",0,0,0,0,0,0,0,0,0,TRUE,0.0119589773890613,0.0119589773890613,7887.3982300885,891276,NA,NA,0,0,0.72401523671,0.684264766232918,0.358670736252921,0.47376637626548,0.0850915709511576,0.188010776119096,0.208517031850071,0.188010776119096,0.118412539025336,0,74260.3123914251,0.01303373239,5654727.87225015,1e-04,"3_71_9",3,71,9,1059,2,0,9489.10730860398,1601.70907851549,0,0,Inf,Inf,2,FALSE,0,0,0,0,NA
"962","Organic_Views",0,0,0,0,0,0,0,0,0,TRUE,NA,NA,NA,NA,8051.88495575221,8051.88495575221,NA,NA,0.72401523671,0.684264766232918,0.358670736252921,0.47376637626548,0.0850915709511576,0.188010776119096,0.208517031850071,0.188010776119096,0.118412539025336,0,74260.3123914251,0.01303373239,5654727.87225015,1e-04,"3_71_9",3,71,9,1059,2,0,8381.67852932052,329.793573568308,NA,NA,NA,NA,2,FALSE,NA,NA,NA,NA,NA
"963","Email_Impressions",88576.0355771396,1076771.90635852,0.0983222299786584,9528.95492352673,0.0983222299786583,1076771.90635852,0.0983222299786584,9528.95492352673,0.0983222299786583,TRUE,NA,NA,NA,NA,389433.016085841,389433.016085841,NA,NA,0.72401523671,0.684264766232918,0.358670736252921,0.47376637626548,0.0850915709511576,0.188010776119096,0.208517031850071,0.188010776119096,0.118412539025336,0,74260.3123914251,0.01303373239,5654727.87225015,1e-04,"3_71_9",3,71,9,1059,2,9528.95492352673,480396.74245614,90963.7263702996,NA,NA,NA,NA,2,FALSE,NA,NA,NA,NA,0.0127337324620378
"964","(Intercept)",63791.2099701981,7208406.72663238,0.656801065303531,63791.2099701981,0.656801065303531,7208406.72663238,0.656801065303531,63791.2099701981,0.656801065303531,TRUE,NA,NA,NA,NA,NA,NA,NA,NA,0.72401523671,0.709932515281484,0.513561351174206,0.477109705156269,0.0815594975801443,0.163740552086682,0.207853589030906,0.163740552086682,0.148771831026439,0,74260.3123914251,0.01303373239,5654727.87225015,1e-04,"3_73_9",3,73,9,1089,1,NA,NA,NA,NA,NA,NA,NA,2,FALSE,NA,NA,NA,NA,NA
"965","trend",0.0481913770777528,577085.519744797,0.0525817144500529,5106.95150216634,0.0525817144500529,577085.519744797,0.0525817144500529,5106.95150216634,0.0525817144500529,TRUE,NA,NA,NA,NA,NA,NA,NA,NA,0.72401523671,0.709932515281484,0.513561351174206,0.477109705156269,0.0815594975801443,0.163740552086682,0.207853589030906,0.163740552086682,0.148771831026439,0,74260.3123914251,0.01303373239,5654727.87225015,1e-04,"3_73_9",3,73,9,1089,1,NA,NA,NA,NA,NA,NA,NA,2,FALSE,NA,NA,NA,NA,NA
"966","season",0.237168167574056,-67721.4379299919,-0.0061705053922624,-599.304760442407,-0.0061705053922624,-67721.4379299919,-0.0061705053922624,-599.304760442407,-0.0061705053922624,FALSE,NA,NA,NA,NA,NA,NA,NA,NA,0.72401523671,0.709932515281484,0.513561351174206,0.477109705156269,0.0815594975801443,0.163740552086682,0.207853589030906,0.163740552086682,0.148771831026439,0,74260.3123914251,0.01303373239,5654727.87225015,1e-04,"3_73_9",3,73,9,1089,1,NA,NA,NA,NA,NA,NA,NA,2,FALSE,NA,NA,NA,NA,NA
"967","holiday",0,0,0,0,0,0,0,0,0,TRUE,NA,NA,NA,NA,NA,NA,NA,NA,0.72401523671,0.709932515281484,0.513561351174206,0.477109705156269,0.0815594975801443,0.163740552086682,0.207853589030906,0.163740552086682,0.148771831026439,0,74260.3123914251,0.01303373239,5654727.87225015,1e-04,"3_73_9",3,73,9,1089,1,NA,NA,NA,NA,NA,NA,NA,2,FALSE,NA,NA,NA,NA,NA
"968","Google_Impressions",102734.078956333,1591181.32273715,0.144982050472211,14081.2506436916,0.144982050472211,1591181.32273715,0.144982050472211,14081.2506436916,0.144982050472211,TRUE,0.743363900415277,0.743363900415277,490276.628318584,55401259,NA,NA,0.671127919892151,0.671127919892151,0.72401523671,0.709932515281484,0.513561351174206,0.477109705156269,0.0815594975801443,0.163740552086682,0.207853589030906,0.163740552086682,0.148771831026439,0,74260.3123914251,0.01303373239,5654727.87225015,1e-04,"3_73_9",3,73,9,1089,1,14081.2506436916,681324.62416294,191047.995844356,0.0287210318223481,0.0287210318223481,34.8176906103314,34.8176906103314,2,FALSE,0.0256983568867457,0.00393028924683548,0,0.0574541807549012,0.199169514910212
"969","Facebook_Impressions",50094.8790086165,779724.842205071,0.0710453955257283,6900.21984252275,0.0710453955257283,779724.842205071,0.0710453955257283,6900.21984252275,0.0710453955257283,TRUE,0.244677122195661,0.244677122195661,161373.82300885,18235242,NA,NA,0.328872080107849,0.328872080107849,0.72401523671,0.709932515281484,0.513561351174206,0.477109705156269,0.0815594975801443,0.163740552086682,0.207853589030906,0.163740552086682,0.148771831026439,0,74260.3123914251,0.01303373239,5654727.87225015,1e-04,"3_73_9",3,73,9,1089,1,6900.21984252275,178915.141743368,17541.3187345185,0.0427592264585834,0.0427592264585834,23.3867654497586,23.3867654497586,2,FALSE,0.0343703021894356,0.00552693475505328,0,0.0790484193393257,0.00722792496897861
"970","Affiliate_Impressions",0,0,0,0,0,0,0,0,0,TRUE,0.0119589773890613,0.0119589773890613,7887.3982300885,891276,NA,NA,0,0,0.72401523671,0.709932515281484,0.513561351174206,0.477109705156269,0.0815594975801443,0.163740552086682,0.207853589030906,0.163740552086682,0.148771831026439,0,74260.3123914251,0.01303373239,5654727.87225015,1e-04,"3_73_9",3,73,9,1089,1,0,9489.10730860398,1601.70907851549,0,0,Inf,Inf,2,FALSE,0,0,0,0,NA
"971","Organic_Views",0,0,0,0,0,0,0,0,0,TRUE,NA,NA,NA,NA,8051.88495575221,8051.88495575221,NA,NA,0.72401523671,0.709932515281484,0.513561351174206,0.477109705156269,0.0815594975801443,0.163740552086682,0.207853589030906,0.163740552086682,0.148771831026439,0,74260.3123914251,0.01303373239,5654727.87225015,1e-04,"3_73_9",3,73,9,1089,1,0,8381.67852932052,329.793573568308,NA,NA,NA,NA,2,FALSE,NA,NA,NA,NA,NA
"972","Email_Impressions",80853.9576906949,886345.917752098,0.0807602796407388,7843.76918364688,0.0807602796407388,886345.917752098,0.0807602796407388,7843.76918364688,0.0807602796407388,TRUE,NA,NA,NA,NA,389433.016085841,389433.016085841,NA,NA,0.72401523671,0.709932515281484,0.513561351174206,0.477109705156269,0.0815594975801443,0.163740552086682,0.207853589030906,0.163740552086682,0.148771831026439,0,74260.3123914251,0.01303373239,5654727.87225015,1e-04,"3_73_9",3,73,9,1089,1,7843.76918364688,409044.362701198,19611.346615357,NA,NA,NA,NA,2,FALSE,NA,NA,NA,NA,0.000295377933678828
"973","(Intercept)",62864.7645484278,7103718.39397235,0.645420671562054,62864.7645484278,0.645420671562054,7103718.39397235,0.645420671562054,62864.7645484278,0.645420671562054,TRUE,NA,NA,NA,NA,NA,NA,NA,NA,0.72401523671,0.711427097307276,0.254776790737096,0.532308608224957,0.0813491072548015,0.202668101710728,0.196576648142189,0.202668101710728,0.079603276341296,0,74260.3123914251,0.01303373239,5654727.87225015,1e-04,"3_75_9",3,75,9,1119,3,NA,NA,NA,NA,NA,NA,NA,2,FALSE,NA,NA,NA,NA,NA
"974","trend",0.0529134615773369,633631.872079255,0.05756972415285,5607.36169981642,0.05756972415285,633631.872079255,0.05756972415285,5607.36169981642,0.05756972415285,TRUE,NA,NA,NA,NA,NA,NA,NA,NA,0.72401523671,0.711427097307276,0.254776790737096,0.532308608224957,0.0813491072548015,0.202668101710728,0.196576648142189,0.202668101710728,0.079603276341296,0,74260.3123914251,0.01303373239,5654727.87225015,1e-04,"3_75_9",3,75,9,1119,3,NA,NA,NA,NA,NA,NA,NA,2,FALSE,NA,NA,NA,NA,NA
"975","season",0.24142841913817,-68937.9180538484,-0.00626347426780864,-610.070071272995,-0.00626347426780864,-68937.9180538484,-0.00626347426780864,-610.070071272995,-0.00626347426780864,FALSE,NA,NA,NA,NA,NA,NA,NA,NA,0.72401523671,0.711427097307276,0.254776790737096,0.532308608224957,0.0813491072548015,0.202668101710728,0.196576648142189,0.202668101710728,0.079603276341296,0,74260.3123914251,0.01303373239,5654727.87225015,1e-04,"3_75_9",3,75,9,1119,3,NA,NA,NA,NA,NA,NA,NA,2,FALSE,NA,NA,NA,NA,NA
"976","holiday",0,0,0,0,0,0,0,0,0,TRUE,NA,NA,NA,NA,NA,NA,NA,NA,0.72401523671,0.711427097307276,0.254776790737096,0.532308608224957,0.0813491072548015,0.202668101710728,0.196576648142189,0.202668101710728,0.079603276341296,0,74260.3123914251,0.01303373239,5654727.87225015,1e-04,"3_75_9",3,75,9,1119,3,NA,NA,NA,NA,NA,NA,NA,2,FALSE,NA,NA,NA,NA,NA
"977","Google_Impressions",93974.5144071293,1707496.20848945,0.15513753339491,15110.5859158359,0.15513753339491,1707496.20848945,0.15513753339491,15110.5859158359,0.15513753339491,TRUE,0.743363900415277,0.743363900415277,490276.628318584,55401259,NA,NA,0.708417494543452,0.708417494543452,0.72401523671,0.711427097307276,0.254776790737096,0.532308608224957,0.0813491072548015,0.202668101710728,0.196576648142189,0.202668101710728,0.079603276341296,0,74260.3123914251,0.01303373239,5654727.87225015,1e-04,"3_75_9",3,75,9,1119,3,15110.5859158359,686181.325724039,195904.697405455,0.0308205307841371,0.0308205307841371,32.4459045499205,32.4459045499205,2,FALSE,0.0256983568867457,0.00393028924683548,0,0.0574541807549012,0.256227559873614
"978","Facebook_Impressions",91288.8821348105,702800.292714078,0.063854141132962,6219.47161693874,0.063854141132962,702800.292714078,0.063854141132962,6219.47161693874,0.063854141132962,TRUE,0.244677122195661,0.244677122195661,161373.82300885,18235242,NA,NA,0.291582505456548,0.291582505456548,0.72401523671,0.711427097307276,0.254776790737096,0.532308608224957,0.0813491072548015,0.202668101710728,0.196576648142189,0.202668101710728,0.079603276341296,0,74260.3123914251,0.01303373239,5654727.87225015,1e-04,"3_75_9",3,75,9,1119,3,6219.47161693874,177047.59459502,15673.7715861709,0.0385407713653637,0.0385407713653637,25.946548669721,25.946548669721,2,FALSE,0.0343703021894356,0.00552693475505328,0,0.0790484193393257,0.0025127436342572
"979","Affiliate_Impressions",0,0,0,0,0,0,0,0,0,TRUE,0.0119589773890613,0.0119589773890613,7887.3982300885,891276,NA,NA,0,0,0.72401523671,0.711427097307276,0.254776790737096,0.532308608224957,0.0813491072548015,0.202668101710728,0.196576648142189,0.202668101710728,0.079603276341296,0,74260.3123914251,0.01303373239,5654727.87225015,1e-04,"3_75_9",3,75,9,1119,3,0,9489.10730860398,1601.70907851549,0,0,Inf,Inf,2,FALSE,0,0,0,0,NA
"980","Organic_Views",0,0,0,0,0,0,0,0,0,TRUE,NA,NA,NA,NA,8051.88495575221,8051.88495575221,NA,NA,0.72401523671,0.711427097307276,0.254776790737096,0.532308608224957,0.0813491072548015,0.202668101710728,0.196576648142189,0.202668101710728,0.079603276341296,0,74260.3123914251,0.01303373239,5654727.87225015,1e-04,"3_75_9",3,75,9,1119,3,0,8381.67852932052,329.793573568308,NA,NA,NA,NA,2,FALSE,NA,NA,NA,NA,NA
"981","Email_Impressions",43696.1981318276,927629.662981558,0.0842814040250326,8209.1120617837,0.0842814040250326,927629.662981558,0.0842814040250326,8209.1120617837,0.0842814040250326,TRUE,NA,NA,NA,NA,389433.016085841,389433.016085841,NA,NA,0.72401523671,0.711427097307276,0.254776790737096,0.532308608224957,0.0813491072548015,0.202668101710728,0.196576648142189,0.202668101710728,0.079603276341296,0,74260.3123914251,0.01303373239,5654727.87225015,1e-04,"3_75_9",3,75,9,1119,3,8209.1120617837,407853.98469236,18420.9686065192,NA,NA,NA,NA,2,FALSE,NA,NA,NA,NA,0.000296246589927233
"982","(Intercept)",63791.2099701981,7208406.72663238,0.656801065303531,63791.2099701981,0.656801065303531,7208406.72663238,0.656801065303531,63791.2099701981,0.656801065303531,TRUE,NA,NA,NA,NA,NA,NA,NA,NA,0.72401523671,0.709932515281484,0.513561351174206,0.477109705156269,0.0815594975801443,0.163740552086682,0.207853589030906,0.163740552086682,0.148771831026439,0,74260.3123914251,0.01303373239,5654727.87225015,1e-04,"3_77_9",3,77,9,1149,1,NA,NA,NA,NA,NA,NA,NA,NA,NA,NA,NA,NA,NA,NA
"983","trend",0.0481913770777528,577085.519744797,0.0525817144500529,5106.95150216634,0.0525817144500529,577085.519744797,0.0525817144500529,5106.95150216634,0.0525817144500529,TRUE,NA,NA,NA,NA,NA,NA,NA,NA,0.72401523671,0.709932515281484,0.513561351174206,0.477109705156269,0.0815594975801443,0.163740552086682,0.207853589030906,0.163740552086682,0.148771831026439,0,74260.3123914251,0.01303373239,5654727.87225015,1e-04,"3_77_9",3,77,9,1149,1,NA,NA,NA,NA,NA,NA,NA,NA,NA,NA,NA,NA,NA,NA
"984","season",0.237168167574056,-67721.4379299919,-0.0061705053922624,-599.304760442407,-0.0061705053922624,-67721.4379299919,-0.0061705053922624,-599.304760442407,-0.0061705053922624,FALSE,NA,NA,NA,NA,NA,NA,NA,NA,0.72401523671,0.709932515281484,0.513561351174206,0.477109705156269,0.0815594975801443,0.163740552086682,0.207853589030906,0.163740552086682,0.148771831026439,0,74260.3123914251,0.01303373239,5654727.87225015,1e-04,"3_77_9",3,77,9,1149,1,NA,NA,NA,NA,NA,NA,NA,NA,NA,NA,NA,NA,NA,NA
"985","holiday",0,0,0,0,0,0,0,0,0,TRUE,NA,NA,NA,NA,NA,NA,NA,NA,0.72401523671,0.709932515281484,0.513561351174206,0.477109705156269,0.0815594975801443,0.163740552086682,0.207853589030906,0.163740552086682,0.148771831026439,0,74260.3123914251,0.01303373239,5654727.87225015,1e-04,"3_77_9",3,77,9,1149,1,NA,NA,NA,NA,NA,NA,NA,NA,NA,NA,NA,NA,NA,NA
"986","Google_Impressions",102734.078956333,1591181.32273715,0.144982050472211,14081.2506436916,0.144982050472211,1591181.32273715,0.144982050472211,14081.2506436916,0.144982050472211,TRUE,0.743363900415277,0.743363900415277,490276.628318584,55401259,NA,NA,0.671127919892151,0.671127919892151,0.72401523671,0.709932515281484,0.513561351174206,0.477109705156269,0.0815594975801443,0.163740552086682,0.207853589030906,0.163740552086682,0.148771831026439,0,74260.3123914251,0.01303373239,5654727.87225015,1e-04,"3_77_9",3,77,9,1149,1,14081.2506436916,681324.62416294,191047.995844356,0.0287210318223481,0.0287210318223481,34.8176906103314,34.8176906103314,NA,NA,NA,NA,NA,NA,0.199169514910212
"987","Facebook_Impressions",50094.8790086165,779724.842205071,0.0710453955257283,6900.21984252275,0.0710453955257283,779724.842205071,0.0710453955257283,6900.21984252275,0.0710453955257283,TRUE,0.244677122195661,0.244677122195661,161373.82300885,18235242,NA,NA,0.328872080107849,0.328872080107849,0.72401523671,0.709932515281484,0.513561351174206,0.477109705156269,0.0815594975801443,0.163740552086682,0.207853589030906,0.163740552086682,0.148771831026439,0,74260.3123914251,0.01303373239,5654727.87225015,1e-04,"3_77_9",3,77,9,1149,1,6900.21984252275,178915.141743368,17541.3187345185,0.0427592264585834,0.0427592264585834,23.3867654497586,23.3867654497586,NA,NA,NA,NA,NA,NA,0.00722792496897861
"988","Affiliate_Impressions",0,0,0,0,0,0,0,0,0,TRUE,0.0119589773890613,0.0119589773890613,7887.3982300885,891276,NA,NA,0,0,0.72401523671,0.709932515281484,0.513561351174206,0.477109705156269,0.0815594975801443,0.163740552086682,0.207853589030906,0.163740552086682,0.148771831026439,0,74260.3123914251,0.01303373239,5654727.87225015,1e-04,"3_77_9",3,77,9,1149,1,0,9489.10730860398,1601.70907851549,0,0,Inf,Inf,NA,NA,NA,NA,NA,NA,NA
"989","Organic_Views",0,0,0,0,0,0,0,0,0,TRUE,NA,NA,NA,NA,8051.88495575221,8051.88495575221,NA,NA,0.72401523671,0.709932515281484,0.513561351174206,0.477109705156269,0.0815594975801443,0.163740552086682,0.207853589030906,0.163740552086682,0.148771831026439,0,74260.3123914251,0.01303373239,5654727.87225015,1e-04,"3_77_9",3,77,9,1149,1,0,8381.67852932052,329.793573568308,NA,NA,NA,NA,NA,NA,NA,NA,NA,NA,NA
"990","Email_Impressions",80853.9576906949,886345.917752098,0.0807602796407388,7843.76918364688,0.0807602796407388,886345.917752098,0.0807602796407388,7843.76918364688,0.0807602796407388,TRUE,NA,NA,NA,NA,389433.016085841,389433.016085841,NA,NA,0.72401523671,0.709932515281484,0.513561351174206,0.477109705156269,0.0815594975801443,0.163740552086682,0.207853589030906,0.163740552086682,0.148771831026439,0,74260.3123914251,0.01303373239,5654727.87225015,1e-04,"3_77_9",3,77,9,1149,1,7843.76918364688,409044.362701198,19611.346615357,NA,NA,NA,NA,NA,NA,NA,NA,NA,NA,0.000295377933678828
"991","(Intercept)",64052.1151834039,7237889.01572464,0.652913955893356,64052.1151834039,0.652913955893356,7237889.01572464,0.652913955893356,64052.1151834039,0.652913955893356,TRUE,NA,NA,NA,NA,NA,NA,NA,NA,0.72578002907,0.77054540396102,0.444042880657722,0.579520878966752,0.0725393062632843,0.175050300902506,0.186390792636841,0.175050300902506,0.125089057298296,0,53918.0884289281,0.009435989254,5654727.87225015,1e-04,"3_79_9",3,79,9,1179,1,NA,NA,NA,NA,NA,NA,NA,2,FALSE,NA,NA,NA,NA,NA
"992","trend",0.0217434642204187,260375.17729464,0.0234878687217418,2304.20510880212,0.0234878687217418,260375.17729464,0.0234878687217418,2304.20510880212,0.0234878687217418,TRUE,NA,NA,NA,NA,NA,NA,NA,NA,0.72578002907,0.77054540396102,0.444042880657722,0.579520878966752,0.0725393062632843,0.175050300902506,0.186390792636841,0.175050300902506,0.125089057298296,0,53918.0884289281,0.009435989254,5654727.87225015,1e-04,"3_79_9",3,79,9,1179,1,NA,NA,NA,NA,NA,NA,NA,2,FALSE,NA,NA,NA,NA,NA
"993","season",0.272811530474314,-77899.1098028933,-0.00702710636091259,-689.372653122949,-0.00702710636091259,-77899.1098028933,-0.00702710636091259,-689.372653122949,-0.00702710636091259,FALSE,NA,NA,NA,NA,NA,NA,NA,NA,0.72578002907,0.77054540396102,0.444042880657722,0.579520878966752,0.0725393062632843,0.175050300902506,0.186390792636841,0.175050300902506,0.125089057298296,0,53918.0884289281,0.009435989254,5654727.87225015,1e-04,"3_79_9",3,79,9,1179,1,NA,NA,NA,NA,NA,NA,NA,2,FALSE,NA,NA,NA,NA,NA
"994","holiday",0,0,0,0,0,0,0,0,0,TRUE,NA,NA,NA,NA,NA,NA,NA,NA,0.72578002907,0.77054540396102,0.444042880657722,0.579520878966752,0.0725393062632843,0.175050300902506,0.186390792636841,0.175050300902506,0.125089057298296,0,53918.0884289281,0.009435989254,5654727.87225015,1e-04,"3_79_9",3,79,9,1179,1,NA,NA,NA,NA,NA,NA,NA,2,FALSE,NA,NA,NA,NA,NA
"995","Google_Impressions",113127.713090762,1808389.70326445,0.163130834472597,16003.4487014553,0.163130834472597,1808389.70326445,0.163130834472597,16003.4487014553,0.163130834472597,TRUE,0.743363900415277,0.743363900415277,490276.628318584,55401259,NA,NA,0.683818336902327,0.683818336902327,0.72578002907,0.77054540396102,0.444042880657722,0.579520878966752,0.0725393062632843,0.175050300902506,0.186390792636841,0.175050300902506,0.125089057298296,0,53918.0884289281,0.009435989254,5654727.87225015,1e-04,"3_79_9",3,79,9,1179,1,16003.4487014553,695780.856163362,205504.227844778,0.0326416716137164,0.0326416716137164,30.6356859364944,30.6356859364944,2,FALSE,0.0256983568867457,0.00393028924683548,0,0.0574541807549012,0.221913416736966
"996","Facebook_Impressions",70869.159810542,836157.25559072,0.075427896215401,7399.62173089133,0.075427896215401,836157.25559072,0.075427896215401,7399.62173089133,0.075427896215401,TRUE,0.244677122195661,0.244677122195661,161373.82300885,18235242,NA,NA,0.316181663097673,0.316181663097673,0.72578002907,0.77054540396102,0.444042880657722,0.579520878966752,0.0725393062632843,0.175050300902506,0.186390792636841,0.175050300902506,0.125089057298296,0,53918.0884289281,0.009435989254,5654727.87225015,1e-04,"3_79_9",3,79,9,1179,1,7399.62173089133,178482.64838956,17108.8253807105,0.0458539160374576,0.0458539160374576,21.8083881687032,21.8083881687032,2,FALSE,0.0343703021894356,0.00552693475505328,0,0.0790484193393257,0.00522238481390215
"997","Affiliate_Impressions",0,0,0,0,0,0,0,0,0,TRUE,0.0119589773890613,0.0119589773890613,7887.3982300885,891276,NA,NA,0,0,0.72578002907,0.77054540396102,0.444042880657722,0.579520878966752,0.0725393062632843,0.175050300902506,0.186390792636841,0.175050300902506,0.125089057298296,0,53918.0884289281,0.009435989254,5654727.87225015,1e-04,"3_79_9",3,79,9,1179,1,0,9489.10730860398,1601.70907851549,0,0,Inf,Inf,2,FALSE,0,0,0,0,NA
"998","Organic_Views",0,0,0,0,0,0,0,0,0,TRUE,NA,NA,NA,NA,8051.88495575221,8051.88495575221,NA,NA,0.72578002907,0.77054540396102,0.444042880657722,0.579520878966752,0.0725393062632843,0.175050300902506,0.186390792636841,0.175050300902506,0.125089057298296,0,53918.0884289281,0.009435989254,5654727.87225015,1e-04,"3_79_9",3,79,9,1179,1,0,8588.26765733066,536.382701578446,NA,NA,NA,NA,2,FALSE,NA,NA,NA,NA,NA
"999","Email_Impressions",59149.5749814445,1020605.35328159,0.0920665510578165,9031.90578125304,0.0920665510578165,1020605.35328159,0.0920665510578165,9031.90578125304,0.0920665510578165,TRUE,NA,NA,NA,NA,389433.016085841,389433.016085841,NA,NA,0.72578002907,0.77054540396102,0.444042880657722,0.579520878966752,0.0725393062632843,0.175050300902506,0.186390792636841,0.175050300902506,0.125089057298296,0,53918.0884289281,0.009435989254,5654727.87225015,1e-04,"3_79_9",3,79,9,1179,1,9031.90578125304,435225.605743906,45792.5896580655,NA,NA,NA,NA,2,FALSE,NA,NA,NA,NA,0.00279196345568817
"1000","(Intercept)",57272.5840540447,6471801.99810705,0.577183334183565,57272.5840540447,0.577625581817933,6471801.99810705,0.577183334183565,57272.5840540447,0.577625581817933,TRUE,NA,NA,NA,NA,NA,NA,NA,NA,0.64219890281,0.837338415126177,0.0235140539719283,0.648356412425156,0.0641329148590368,0.199426907020254,0.151132522880542,0.199426907020254,0.0686106287320071,0,29641.7270655338,0.005142451211,5654727.87225015,1e-04,"3_92_2",3,92,2,1367,2,NA,NA,NA,NA,NA,NA,NA,2,FALSE,NA,NA,NA,NA,NA
"1001","trend",0,0,0,0,0,0,0,0,0,TRUE,NA,NA,NA,NA,NA,NA,NA,NA,0.64219890281,0.837338415126177,0.0235140539719283,0.648356412425156,0.0641329148590368,0.199426907020254,0.151132522880542,0.199426907020254,0.0686106287320071,0,29641.7270655338,0.005142451211,5654727.87225015,1e-04,"3_92_2",3,92,2,1367,2,NA,NA,NA,NA,NA,NA,NA,2,FALSE,NA,NA,NA,NA,NA
"1002","season",0.377894163683036,-107904.599557932,-0.0096233995670458,-954.907960689662,-0.00963077317858489,-107904.599557932,-0.0096233995670458,-954.907960689662,-0.00963077317858489,FALSE,NA,NA,NA,NA,NA,NA,NA,NA,0.64219890281,0.837338415126177,0.0235140539719283,0.648356412425156,0.0641329148590368,0.199426907020254,0.151132522880542,0.199426907020254,0.0686106287320071,0,29641.7270655338,0.005142451211,5654727.87225015,1e-04,"3_92_2",3,92,2,1367,2,NA,NA,NA,NA,NA,NA,NA,2,FALSE,NA,NA,NA,NA,NA
"1003","holiday",0.127299276586718,-2075.44785901019,-0.000185097429670751,-94.3385390459178,-0.000951456170596929,-2075.44785901019,-0.000185097429670751,-94.3385390459178,-0.000951456170596929,FALSE,NA,NA,NA,NA,NA,NA,NA,NA,0.64219890281,0.837338415126177,0.0235140539719283,0.648356412425156,0.0641329148590368,0.199426907020254,0.151132522880542,0.199426907020254,0.0686106287320071,0,29641.7270655338,0.005142451211,5654727.87225015,1e-04,"3_92_2",3,92,2,1367,2,NA,NA,NA,NA,NA,NA,NA,2,FALSE,NA,NA,NA,NA,NA
"1004","Google_Impressions",108651.746656021,2351079.4286411,0.209679446922259,20806.0126428416,0.209840106861459,2351079.4286411,0.209679446922259,20806.0126428416,0.209840106861459,TRUE,0.743363900415277,0.743363900415277,490276.628318584,55401259,NA,NA,0.714462182668157,0.714462182668157,0.64219890281,0.837338415126177,0.0235140539719283,0.648356412425156,0.0641329148590368,0.199426907020254,0.151132522880542,0.199426907020254,0.0686106287320071,0,29641.7270655338,0.005142451211,5654727.87225015,1e-04,"3_92_2",3,92,2,1367,2,20806.0126428416,672492.107517733,182215.479199149,0.042437292420396,0.042437292420396,23.5641800634619,23.5641800634619,2,FALSE,0.0256983568867457,0.00393028924683548,0,0.0574541807549012,0.282438815809107
"1005","Facebook_Impressions",59908.105989632,939618.785589076,0.0837992731678818,8315.21049193873,0.0838634815885436,939618.785589076,0.0837992731678818,8315.21049193873,0.0838634815885436,TRUE,0.244677122195661,0.244677122195661,161373.82300885,18235242,NA,NA,0.285537817331843,0.285537817331843,0.64219890281,0.837338415126177,0.0235140539719283,0.648356412425156,0.0641329148590368,0.199426907020254,0.151132522880542,0.199426907020254,0.0686106287320071,0,29641.7270655338,0.005142451211,5654727.87225015,1e-04,"3_92_2",3,92,2,1367,2,8315.21049193873,174620.587142607,13246.7641337577,0.0515276290596569,0.0515276290596569,19.4070640984128,19.4070640984128,2,FALSE,0.0343703021894356,0.00552693475505328,0,0.0790484193393257,0.00352746591552647
"1006","Affiliate_Impressions",0,0,0,0,0,0,0,0,0,TRUE,0.0119589773890613,0.0119589773890613,7887.3982300885,891276,NA,NA,0,0,0.64219890281,0.837338415126177,0.0235140539719283,0.648356412425156,0.0641329148590368,0.199426907020254,0.151132522880542,0.199426907020254,0.0686106287320071,0,29641.7270655338,0.005142451211,5654727.87225015,1e-04,"3_92_2",3,92,2,1367,2,0,9103.09452418666,1215.69629409816,0,0,Inf,Inf,2,FALSE,0,0,0,0,NA
"1007","Organic_Views",0,0,0,0,0,0,0,0,0,TRUE,NA,NA,NA,NA,8051.88495575221,8051.88495575221,NA,NA,0.64219890281,0.837338415126177,0.0235140539719283,0.648356412425156,0.0641329148590368,0.199426907020254,0.151132522880542,0.199426907020254,0.0686106287320071,0,29641.7270655338,0.005142451211,5654727.87225015,1e-04,"3_92_2",3,92,2,1367,2,0,8223.67758801557,171.792632263363,NA,NA,NA,NA,2,FALSE,NA,NA,NA,NA,NA
"1008","Email_Impressions",36725.6843476766,1560211.7606498,0.13914644272301,13807.1837225646,0.139253059081246,1560211.7606498,0.13914644272301,13807.1837225646,0.139253059081246,TRUE,NA,NA,NA,NA,389433.016085841,389433.016085841,NA,NA,0.64219890281,0.837338415126177,0.0235140539719283,0.648356412425156,0.0641329148590368,0.199426907020254,0.151132522880542,0.199426907020254,0.0686106287320071,0,29641.7270655338,0.005142451211,5654727.87225015,1e-04,"3_92_2",3,92,2,1367,2,13807.1837225646,496758.558982927,107325.542897086,NA,NA,NA,NA,2,FALSE,NA,NA,NA,NA,0.0220292001268551
"1009","(Intercept)",78149.4743313307,8830890.59944037,0.852406311708655,78149.4743313307,0.852406311708655,8830890.59944037,0.852406311708655,78149.4743313307,0.852406311708655,TRUE,NA,NA,NA,NA,NA,NA,NA,NA,0.63851660003,-0.0076111376928738,-0.143266955776891,-0.707782299098502,0.159619137255407,0.215786653900489,0.333060273985131,0.215786653900489,0.0195292805449771,0,1582503.47799822,0.2797829092,5654727.87225015,1e-04,"3_102_1",3,102,1,1516,2,NA,NA,NA,NA,NA,NA,NA,1,FALSE,NA,NA,NA,NA,NA
"1010","trend",0.0775258374445505,928361.89601215,0.0896106152374619,8215.59200010752,0.0896106152374619,928361.89601215,0.0896106152374619,8215.59200010752,0.0896106152374619,TRUE,NA,NA,NA,NA,NA,NA,NA,NA,0.63851660003,-0.0076111376928738,-0.143266955776891,-0.707782299098502,0.159619137255407,0.215786653900489,0.333060273985131,0.215786653900489,0.0195292805449771,0,1582503.47799822,0.2797829092,5654727.87225015,1e-04,"3_102_1",3,102,1,1516,2,NA,NA,NA,NA,NA,NA,NA,1,FALSE,NA,NA,NA,NA,NA
"1011","season",0.0253236217039778,-7230.95385409612,-0.000697971584575645,-63.9907420716471,-0.000697971584575645,-7230.95385409612,-0.000697971584575645,-63.9907420716471,-0.000697971584575645,FALSE,NA,NA,NA,NA,NA,NA,NA,NA,0.63851660003,-0.0076111376928738,-0.143266955776891,-0.707782299098502,0.159619137255407,0.215786653900489,0.333060273985131,0.215786653900489,0.0195292805449771,0,1582503.47799822,0.2797829092,5654727.87225015,1e-04,"3_102_1",3,102,1,1516,2,NA,NA,NA,NA,NA,NA,NA,1,FALSE,NA,NA,NA,NA,NA
"1012","holiday",0,0,0,0,0,0,0,0,0,TRUE,NA,NA,NA,NA,NA,NA,NA,NA,0.63851660003,-0.0076111376928738,-0.143266955776891,-0.707782299098502,0.159619137255407,0.215786653900489,0.333060273985131,0.215786653900489,0.0195292805449771,0,1582503.47799822,0.2797829092,5654727.87225015,1e-04,"3_102_1",3,102,1,1516,2,NA,NA,NA,NA,NA,NA,NA,1,FALSE,NA,NA,NA,NA,NA
"1013","Google_Impressions",9547.70364777901,215817.064963865,0.0208318545313305,1909.88553065368,0.0208318545313305,215817.064963865,0.0208318545313305,1909.88553065368,0.0208318545313305,TRUE,0.743363900415277,0.743363900415277,490276.628318584,55401259,NA,NA,0.749281184098486,0.749281184098486,0.63851660003,-0.0076111376928738,-0.143266955776891,-0.707782299098502,0.159619137255407,0.215786653900489,0.333060273985131,0.215786653900489,0.0195292805449771,0,1582503.47799822,0.2797829092,5654727.87225015,1e-04,"3_102_1",3,102,1,1516,2,1909.88553065368,659507.762712386,169231.134393802,0.00389552636274684,0.00389552636274684,256.704718921444,256.704718921444,1,FALSE,0.00782942360134586,0.00074135540919751,0,0.019703727690251,0.350041817996692
"1014","Facebook_Impressions",27696.4338542323,72215.077767078,0.00697059797038926,639.071484664407,0.00697059797038926,72215.077767078,0.00697059797038926,639.071484664407,0.00697059797038926,TRUE,0.244677122195661,0.244677122195661,161373.82300885,18235242,NA,NA,0.250718815901514,0.250718815901514,0.63851660003,-0.0076111376928738,-0.143266955776891,-0.707782299098502,0.159619137255407,0.215786653900489,0.333060273985131,0.215786653900489,0.0195292805449771,0,1582503.47799822,0.2797829092,5654727.87225015,1e-04,"3_102_1",3,102,1,1516,2,639.071484664407,164703.600300784,3329.77729193494,0.00396019300248815,0.00396019300248815,252.512945548793,252.512945548793,1,FALSE,0.00891222269670811,0.000954082668229271,0,0.0241936972477182,1.82981685805805e-05
"1015","Affiliate_Impressions",0,0,0,0,0,0,0,0,0,TRUE,0.0119589773890613,0.0119589773890613,7887.3982300885,891276,NA,NA,0,0,0.63851660003,-0.0076111376928738,-0.143266955776891,-0.707782299098502,0.159619137255407,0.215786653900489,0.333060273985131,0.215786653900489,0.0195292805449771,0,1582503.47799822,0.2797829092,5654727.87225015,1e-04,"3_102_1",3,102,1,1516,2,0,9705.28650959179,1817.8882795033,0,0,Inf,Inf,1,FALSE,0,0,0,0,NA
"1016","Organic_Views",0,0,0,0,0,0,0,0,0,TRUE,NA,NA,NA,NA,8051.88495575221,8051.88495575221,NA,NA,0.63851660003,-0.0076111376928738,-0.143266955776891,-0.707782299098502,0.159619137255407,0.215786653900489,0.333060273985131,0.215786653900489,0.0195292805449771,0,1582503.47799822,0.2797829092,5654727.87225015,1e-04,"3_102_1",3,102,1,1516,2,0,9241.4753731491,1189.59041739689,NA,NA,NA,NA,1,FALSE,NA,NA,NA,NA,NA
"1017","Email_Impressions",5709.3892561179,319900.809365994,0.0308785921367388,2830.98061385835,0.0308785921367388,319900.809365994,0.0308785921367388,2830.98061385835,0.0308785921367388,TRUE,NA,NA,NA,NA,389433.016085841,389433.016085841,NA,NA,0.63851660003,-0.0076111376928738,-0.143266955776891,-0.707782299098502,0.159619137255407,0.215786653900489,0.333060273985131,0.215786653900489,0.0195292805449771,0,1582503.47799822,0.2797829092,5654727.87225015,1e-04,"3_102_1",3,102,1,1516,2,2830.98061385835,449743.247514312,60310.2314284709,NA,NA,NA,NA,1,FALSE,NA,NA,NA,NA,0.149200387593922
"1018","(Intercept)",80605.4416984534,9108414.91192523,0.879926524245817,80605.4416984534,0.879926524245817,9108414.91192523,0.879926524245817,80605.4416984534,0.879926524245817,TRUE,NA,NA,NA,NA,NA,NA,NA,NA,0.63466736,-0.00782122961346565,-0.135131669205311,-0.713033590139864,0.159635777079045,0.215017533288466,0.333571947513955,0.215017533288466,0.0195302452106037,0,1733425.82314151,0.3064751643,5654727.87225015,1e-04,"3_110_5",3,110,5,1640,3,NA,NA,NA,NA,NA,NA,NA,3,FALSE,NA,NA,NA,NA,NA
"1019","trend",0.071569979534337,857041.266346466,0.0827952338495392,7584.43598536696,0.0827952338495392,857041.266346466,0.0827952338495392,7584.43598536696,0.0827952338495392,TRUE,NA,NA,NA,NA,NA,NA,NA,NA,0.63466736,-0.00782122961346565,-0.135131669205311,-0.713033590139864,0.159635777079045,0.215017533288466,0.333571947513955,0.215017533288466,0.0195302452106037,0,1733425.82314151,0.3064751643,5654727.87225015,1e-04,"3_110_5",3,110,5,1640,3,NA,NA,NA,NA,NA,NA,NA,3,FALSE,NA,NA,NA,NA,NA
"1020","season",0.0231166049363545,-6600.7581977065,-0.00063767211687849,-58.4137893602345,-0.00063767211687849,-6600.7581977065,-0.00063767211687849,-58.4137893602345,-0.00063767211687849,FALSE,NA,NA,NA,NA,NA,NA,NA,NA,0.63466736,-0.00782122961346565,-0.135131669205311,-0.713033590139864,0.159635777079045,0.215017533288466,0.333571947513955,0.215017533288466,0.0195302452106037,0,1733425.82314151,0.3064751643,5654727.87225015,1e-04,"3_110_5",3,110,5,1640,3,NA,NA,NA,NA,NA,NA,NA,3,FALSE,NA,NA,NA,NA,NA
"1021","holiday",0,0,0,0,0,0,0,0,0,TRUE,NA,NA,NA,NA,NA,NA,NA,NA,0.63466736,-0.00782122961346565,-0.135131669205311,-0.713033590139864,0.159635777079045,0.215017533288466,0.333571947513955,0.215017533288466,0.0195302452106037,0,1733425.82314151,0.3064751643,5654727.87225015,1e-04,"3_110_5",3,110,5,1640,3,NA,NA,NA,NA,NA,NA,NA,3,FALSE,NA,NA,NA,NA,NA
"1022","Google_Impressions",10377.7409725775,197759.853535641,0.0191047665526468,1750.08719943045,0.0191047665526468,197759.853535641,0.0191047665526468,1750.08719943045,0.0191047665526468,TRUE,0.743363900415277,0.743363900415277,490276.628318584,55401259,NA,NA,0.749463667077825,0.749463667077825,0.63466736,-0.00782122961346565,-0.135131669205311,-0.713033590139864,0.159635777079045,0.215017533288466,0.333571947513955,0.215017533288466,0.0195302452106037,0,1733425.82314151,0.3064751643,5654727.87225015,1e-04,"3_110_5",3,110,5,1640,3,1750.08719943045,668726.611786131,178449.983467547,0.00356959132527369,0.00356959132527369,280.144114235073,280.144114235073,3,FALSE,0.00614836150170441,0.000208230508885948,0.00308252913534494,0.00922081584551984,0.286896586176121
"1023","Facebook_Impressions",15390.1662957045,66108.6463300177,0.00638648458049579,585.032268407236,0.00638648458049579,66108.6463300177,0.00638648458049579,585.032268407236,0.00638648458049579,TRUE,0.244677122195661,0.244677122195661,161373.82300885,18235242,NA,NA,0.250536332922175,0.250536332922175,0.63466736,-0.00782122961346565,-0.135131669205311,-0.713033590139864,0.159635777079045,0.215017533288466,0.333571947513955,0.215017533288466,0.0195302452106037,0,1733425.82314151,0.3064751643,5654727.87225015,1e-04,"3_110_5",3,110,5,1640,3,585.032268407236,165186.66969632,3812.84668747046,0.0036253232246667,0.0036253232246667,275.837473799853,275.837473799853,3,FALSE,0.00666154589379305,0.000271917387353167,0.00265856156013475,0.0106742308008493,2.78568031299763e-05
"1024","Affiliate_Impressions",0,0,0,0,0,0,0,0,0,TRUE,0.0119589773890613,0.0119589773890613,7887.3982300885,891276,NA,NA,0,0,0.63466736,-0.00782122961346565,-0.135131669205311,-0.713033590139864,0.159635777079045,0.215017533288466,0.333571947513955,0.215017533288466,0.0195302452106037,0,1733425.82314151,0.3064751643,5654727.87225015,1e-04,"3_110_5",3,110,5,1640,3,0,8939.14990788598,1051.75167779749,0,0,Inf,Inf,3,FALSE,0,0,0,0,NA
"1025","Organic_Views",0,0,0,0,0,0,0,0,0,TRUE,NA,NA,NA,NA,8051.88495575221,8051.88495575221,NA,NA,0.63466736,-0.00782122961346565,-0.135131669205311,-0.713033590139864,0.159635777079045,0.215017533288466,0.333571947513955,0.215017533288466,0.0195302452106037,0,1733425.82314151,0.3064751643,5654727.87225015,1e-04,"3_110_5",3,110,5,1640,3,0,10241.0145066144,2189.12955086216,NA,NA,NA,NA,3,FALSE,NA,NA,NA,NA,NA
"1026","Email_Impressions",7870.21266451739,128611.85747885,0.0124246628883798,1138.15803078628,0.0124246628883798,128611.85747885,0.0124246628883798,1138.15803078628,0.0124246628883798,TRUE,NA,NA,NA,NA,389433.016085841,389433.016085841,NA,NA,0.63466736,-0.00782122961346565,-0.135131669205311,-0.713033590139864,0.159635777079045,0.215017533288466,0.333571947513955,0.215017533288466,0.0195302452106037,0,1733425.82314151,0.3064751643,5654727.87225015,1e-04,"3_110_5",3,110,5,1640,3,1138.15803078628,448547.60409088,59114.588005039,NA,NA,NA,NA,3,FALSE,NA,NA,NA,NA,0.0107578680138826
"1027","(Intercept)",68859.5744903722,7781131.91741206,0.737617206269589,68859.5744903722,0.737617206269588,7781131.91741206,0.737617206269589,68859.5744903722,0.737617206269588,TRUE,NA,NA,NA,NA,NA,NA,NA,NA,0.63711354113,0.140050699875171,-0.168850725542153,-0.402906785797959,0.147460228697858,0.218187708162599,0.301870718886993,0.218187708162599,0.0195290742968069,0,663406.535404794,0.1172306375,5654727.87225015,1e-04,"3_111_9",3,111,9,1659,3,NA,NA,NA,NA,NA,NA,NA,2,FALSE,NA,NA,NA,NA,NA
"1028","trend",0.159892775138397,1914695.34259846,0.181504727648236,16944.2065716678,0.181504727648236,1914695.34259846,0.181504727648236,16944.2065716678,0.181504727648236,TRUE,NA,NA,NA,NA,NA,NA,NA,NA,0.63711354113,0.140050699875171,-0.168850725542153,-0.402906785797959,0.147460228697858,0.218187708162599,0.301870718886993,0.218187708162599,0.0195290742968069,0,663406.535404794,0.1172306375,5654727.87225015,1e-04,"3_111_9",3,111,9,1659,3,NA,NA,NA,NA,NA,NA,NA,2,FALSE,NA,NA,NA,NA,NA
"1029","season",0.0555821107597889,-15871.0188738193,-0.00150450303716893,-140.451494458578,-0.00150450303716893,-15871.0188738193,-0.00150450303716893,-140.451494458578,-0.00150450303716893,FALSE,NA,NA,NA,NA,NA,NA,NA,NA,0.63711354113,0.140050699875171,-0.168850725542153,-0.402906785797959,0.147460228697858,0.218187708162599,0.301870718886993,0.218187708162599,0.0195290742968069,0,663406.535404794,0.1172306375,5654727.87225015,1e-04,"3_111_9",3,111,9,1659,3,NA,NA,NA,NA,NA,NA,NA,2,FALSE,NA,NA,NA,NA,NA
"1030","holiday",0,0,0,0,0,0,0,0,0,TRUE,NA,NA,NA,NA,NA,NA,NA,NA,0.63711354113,0.140050699875171,-0.168850725542153,-0.402906785797959,0.147460228697858,0.218187708162599,0.301870718886993,0.218187708162599,0.0195290742968069,0,663406.535404794,0.1172306375,5654727.87225015,1e-04,"3_111_9",3,111,9,1659,3,NA,NA,NA,NA,NA,NA,NA,2,FALSE,NA,NA,NA,NA,NA
"1031","Google_Impressions",23336.1196803748,470871.690822185,0.0446365727740052,4167.00611347067,0.0446365727740052,470871.690822185,0.0446365727740052,4167.00611347067,0.0446365727740052,TRUE,0.743363900415277,0.743363900415277,490276.628318584,55401259,NA,NA,0.749303341715263,0.749303341715263,0.63711354113,0.140050699875171,-0.168850725542153,-0.402906785797959,0.147460228697858,0.218187708162599,0.301870718886993,0.218187708162599,0.0195290742968069,0,663406.535404794,0.1172306375,5654727.87225015,1e-04,"3_111_9",3,111,9,1659,3,4167.00611347067,674318.851022629,184042.222704045,0.00849929585214274,0.00849929585214274,117.656805622067,117.656805622067,2,FALSE,0.0256983568867457,0.00393028924683548,0,0.0574541807549012,0.3172366794408
"1032","Facebook_Impressions",63151.4194642369,157540.948769535,0.0149341915466579,1394.16768822597,0.0149341915466579,157540.948769535,0.0149341915466579,1394.16768822597,0.0149341915466579,TRUE,0.244677122195661,0.244677122195661,161373.82300885,18235242,NA,NA,0.250696658284737,0.250696658284737,0.63711354113,0.140050699875171,-0.168850725542153,-0.402906785797959,0.147460228697858,0.218187708162599,0.301870718886993,0.218187708162599,0.0195290742968069,0,663406.535404794,0.1172306375,5654727.87225015,1e-04,"3_111_9",3,111,9,1659,3,1394.16768822597,164672.092971363,3298.26996251311,0.00863936704374612,0.00863936704374612,115.7492203927,115.7492203927,2,FALSE,0.0343703021894356,0.00552693475505328,0,0.0790484193393257,1.94773835493811e-05
"1033","Affiliate_Impressions",0,0,0,0,0,0,0,0,0,TRUE,0.0119589773890613,0.0119589773890613,7887.3982300885,891276,NA,NA,0,0,0.63711354113,0.140050699875171,-0.168850725542153,-0.402906785797959,0.147460228697858,0.218187708162599,0.301870718886993,0.218187708162599,0.0195290742968069,0,663406.535404794,0.1172306375,5654727.87225015,1e-04,"3_111_9",3,111,9,1659,3,0,9535.50164251437,1648.10341242587,0,0,Inf,Inf,2,FALSE,0,0,0,0,NA
"1034","Organic_Views",0,0,0,0,0,0,0,0,0,TRUE,NA,NA,NA,NA,8051.88495575221,8051.88495575221,NA,NA,0.63711354113,0.140050699875171,-0.168850725542153,-0.402906785797959,0.147460228697858,0.218187708162599,0.301870718886993,0.218187708162599,0.0195290742968069,0,663406.535404794,0.1172306375,5654727.87225015,1e-04,"3_111_9",3,111,9,1659,3,0,8133.11057729937,81.2256215471603,NA,NA,NA,NA,2,FALSE,NA,NA,NA,NA,NA
"1035","Email_Impressions",12396.4199367052,240641.976494131,0.0228118047986814,2129.5750132224,0.0228118047986814,240641.976494131,0.0228118047986814,2129.5750132224,0.0228118047986814,TRUE,NA,NA,NA,NA,389433.016085841,389433.016085841,NA,NA,0.63711354113,0.140050699875171,-0.168850725542153,-0.402906785797959,0.147460228697858,0.218187708162599,0.301870718886993,0.218187708162599,0.0195290742968069,0,663406.535404794,0.1172306375,5654727.87225015,1e-04,"3_111_9",3,111,9,1659,3,2129.5750132224,398076.408740607,8643.39265476664,NA,NA,NA,NA,2,FALSE,NA,NA,NA,NA,1.65428590316369e-05
"1036","(Intercept)",80717.3400404611,9121059.4245721,0.881205979958712,80717.3400404611,0.881205979958713,9121059.4245721,0.881205979958712,80717.3400404611,0.881205979958713,TRUE,NA,NA,NA,NA,NA,NA,NA,NA,0.63607953866,-0.00799977236453864,-0.134165489490673,-0.714630256428337,0.159649916763624,0.214926006547717,0.333727367418877,0.214926006547717,0.0195842209489154,0,1733425.82314151,0.3064751643,5654727.87225015,1e-04,"3_116_5",3,116,5,1730,2,NA,NA,NA,NA,NA,NA,NA,1,FALSE,NA,NA,NA,NA,NA
"1037","trend",0.0715649391800345,856980.908754325,0.082794845023191,7583.90184738341,0.082794845023191,856980.908754325,0.082794845023191,7583.90184738341,0.082794845023191,TRUE,NA,NA,NA,NA,NA,NA,NA,NA,0.63607953866,-0.00799977236453864,-0.134165489490673,-0.714630256428337,0.159649916763624,0.214926006547717,0.333727367418877,0.214926006547717,0.0195842209489154,0,1733425.82314151,0.3064751643,5654727.87225015,1e-04,"3_116_5",3,116,5,1730,2,NA,NA,NA,NA,NA,NA,NA,1,FALSE,NA,NA,NA,NA,NA
"1038","season",0.0231192303394721,-6601.50786017633,-0.000637786460140811,-58.4204235413835,-0.000637786460140811,-6601.50786017633,-0.000637786460140811,-58.4204235413835,-0.000637786460140811,FALSE,NA,NA,NA,NA,NA,NA,NA,NA,0.63607953866,-0.00799977236453864,-0.134165489490673,-0.714630256428337,0.159649916763624,0.214926006547717,0.333727367418877,0.214926006547717,0.0195842209489154,0,1733425.82314151,0.3064751643,5654727.87225015,1e-04,"3_116_5",3,116,5,1730,2,NA,NA,NA,NA,NA,NA,NA,1,FALSE,NA,NA,NA,NA,NA
"1039","holiday",0,0,0,0,0,0,0,0,0,TRUE,NA,NA,NA,NA,NA,NA,NA,NA,0.63607953866,-0.00799977236453864,-0.134165489490673,-0.714630256428337,0.159649916763624,0.214926006547717,0.333727367418877,0.214926006547717,0.0195842209489154,0,1733425.82314151,0.3064751643,5654727.87225015,1e-04,"3_116_5",3,116,5,1730,2,NA,NA,NA,NA,NA,NA,NA,1,FALSE,NA,NA,NA,NA,NA
"1040","Google_Impressions",10660.8974702619,198430.327334426,0.0191707983593654,1756.02059587988,0.0191707983593654,198430.327334426,0.0191707983593654,1756.02059587988,0.0191707983593654,TRUE,0.743363900415277,0.743363900415277,490276.628318584,55401259,NA,NA,0.74856348472918,0.74856348472918,0.63607953866,-0.00799977236453864,-0.134165489490673,-0.714630256428337,0.159649916763624,0.214926006547717,0.333727367418877,0.214926006547717,0.0195842209489154,0,1733425.82314151,0.3064751643,5654727.87225015,1e-04,"3_116_5",3,116,5,1730,2,1756.02059587988,667873.639303275,177597.01098469,0.00358169346538544,0.00358169346538544,279.197538724154,279.197538724154,1,FALSE,0.00782942360134586,0.00074135540919751,0,0.019703727690251,0.296540201872887
"1041","Facebook_Impressions",13521.1100152387,66651.1672648135,0.00643931855182901,589.833338626668,0.00643931855182901,66651.1672648135,0.00643931855182901,589.833338626668,0.00643931855182901,TRUE,0.244677122195661,0.244677122195661,161373.82300885,18235242,NA,NA,0.25143651527082,0.25143651527082,0.63607953866,-0.00799977236453864,-0.134165489490673,-0.714630256428337,0.159649916763624,0.214926006547717,0.333727367418877,0.214926006547717,0.0195842209489154,0,1733425.82314151,0.3064751643,5654727.87225015,1e-04,"3_116_5",3,116,5,1730,2,589.833338626668,162911.789951377,1537.96694252732,0.00365507445773483,0.00365507445773483,273.59223774055,273.59223774055,1,FALSE,0.00891222269670811,0.000954082668229271,0,0.0241936972477182,2.31976295148539e-06
"1042","Affiliate_Impressions",0,0,0,0,0,0,0,0,0,TRUE,0.0119589773890613,0.0119589773890613,7887.3982300885,891276,NA,NA,0,0,0.63607953866,-0.00799977236453864,-0.134165489490673,-0.714630256428337,0.159649916763624,0.214926006547717,0.333727367418877,0.214926006547717,0.0195842209489154,0,1733425.82314151,0.3064751643,5654727.87225015,1e-04,"3_116_5",3,116,5,1730,2,0,9388.82164915274,1501.42341906425,0,0,Inf,Inf,1,FALSE,0,0,0,0,NA
"1043","Organic_Views",0,0,0,0,0,0,0,0,0,TRUE,NA,NA,NA,NA,8051.88495575221,8051.88495575221,NA,NA,0.63607953866,-0.00799977236453864,-0.134165489490673,-0.714630256428337,0.159649916763624,0.214926006547717,0.333727367418877,0.214926006547717,0.0195842209489154,0,1733425.82314151,0.3064751643,5654727.87225015,1e-04,"3_116_5",3,116,5,1730,2,0,9029.55792294389,977.672967191676,NA,NA,NA,NA,1,FALSE,NA,NA,NA,NA,NA
"1044","Email_Impressions",6399.02998197501,114135.068132686,0.0110268445670428,1010.04485073173,0.0110268445670428,114135.068132686,0.0110268445670428,1010.04485073173,0.0110268445670428,TRUE,NA,NA,NA,NA,389433.016085841,389433.016085841,NA,NA,0.63607953866,-0.00799977236453864,-0.134165489490673,-0.714630256428337,0.159649916763624,0.214926006547717,0.333727367418877,0.214926006547717,0.0195842209489154,0,1733425.82314151,0.3064751643,5654727.87225015,1e-04,"3_116_5",3,116,5,1730,2,1010.04485073173,438316.998516624,48883.9824307835,NA,NA,NA,NA,1,FALSE,NA,NA,NA,NA,0.00334692732453207
"1045","(Intercept)",80605.4416984534,9108414.91192523,0.879926524245817,80605.4416984534,0.879926524245817,9108414.91192523,0.879926524245817,80605.4416984534,0.879926524245817,TRUE,NA,NA,NA,NA,NA,NA,NA,NA,0.63466736,-0.00782122961346565,-0.135131669205311,-0.713033590139864,0.159635777079045,0.215017533288466,0.333571947513955,0.215017533288466,0.0195302452106037,0,1733425.82314151,0.3064751643,5654727.87225015,1e-04,"3_118_5",3,118,5,1760,3,NA,NA,NA,NA,NA,NA,NA,3,FALSE,NA,NA,NA,NA,NA
"1046","trend",0.071569979534337,857041.266346466,0.0827952338495392,7584.43598536696,0.0827952338495392,857041.266346466,0.0827952338495392,7584.43598536696,0.0827952338495392,TRUE,NA,NA,NA,NA,NA,NA,NA,NA,0.63466736,-0.00782122961346565,-0.135131669205311,-0.713033590139864,0.159635777079045,0.215017533288466,0.333571947513955,0.215017533288466,0.0195302452106037,0,1733425.82314151,0.3064751643,5654727.87225015,1e-04,"3_118_5",3,118,5,1760,3,NA,NA,NA,NA,NA,NA,NA,3,FALSE,NA,NA,NA,NA,NA
"1047","season",0.0231166049363545,-6600.7581977065,-0.00063767211687849,-58.4137893602345,-0.00063767211687849,-6600.7581977065,-0.00063767211687849,-58.4137893602345,-0.00063767211687849,FALSE,NA,NA,NA,NA,NA,NA,NA,NA,0.63466736,-0.00782122961346565,-0.135131669205311,-0.713033590139864,0.159635777079045,0.215017533288466,0.333571947513955,0.215017533288466,0.0195302452106037,0,1733425.82314151,0.3064751643,5654727.87225015,1e-04,"3_118_5",3,118,5,1760,3,NA,NA,NA,NA,NA,NA,NA,3,FALSE,NA,NA,NA,NA,NA
"1048","holiday",0,0,0,0,0,0,0,0,0,TRUE,NA,NA,NA,NA,NA,NA,NA,NA,0.63466736,-0.00782122961346565,-0.135131669205311,-0.713033590139864,0.159635777079045,0.215017533288466,0.333571947513955,0.215017533288466,0.0195302452106037,0,1733425.82314151,0.3064751643,5654727.87225015,1e-04,"3_118_5",3,118,5,1760,3,NA,NA,NA,NA,NA,NA,NA,3,FALSE,NA,NA,NA,NA,NA
"1049","Google_Impressions",10377.7409725775,197759.853535641,0.0191047665526468,1750.08719943045,0.0191047665526468,197759.853535641,0.0191047665526468,1750.08719943045,0.0191047665526468,TRUE,0.743363900415277,0.743363900415277,490276.628318584,55401259,NA,NA,0.749463667077825,0.749463667077825,0.63466736,-0.00782122961346565,-0.135131669205311,-0.713033590139864,0.159635777079045,0.215017533288466,0.333571947513955,0.215017533288466,0.0195302452106037,0,1733425.82314151,0.3064751643,5654727.87225015,1e-04,"3_118_5",3,118,5,1760,3,1750.08719943045,668726.611786131,178449.983467547,0.00356959132527369,0.00356959132527369,280.144114235073,280.144114235073,3,FALSE,0.00614836150170441,0.000208230508885948,0.00308252913534494,0.00922081584551984,0.286896586176121
"1050","Facebook_Impressions",15390.1662957045,66108.6463300177,0.00638648458049579,585.032268407236,0.00638648458049579,66108.6463300177,0.00638648458049579,585.032268407236,0.00638648458049579,TRUE,0.244677122195661,0.244677122195661,161373.82300885,18235242,NA,NA,0.250536332922175,0.250536332922175,0.63466736,-0.00782122961346565,-0.135131669205311,-0.713033590139864,0.159635777079045,0.215017533288466,0.333571947513955,0.215017533288466,0.0195302452106037,0,1733425.82314151,0.3064751643,5654727.87225015,1e-04,"3_118_5",3,118,5,1760,3,585.032268407236,165186.66969632,3812.84668747046,0.0036253232246667,0.0036253232246667,275.837473799853,275.837473799853,3,FALSE,0.00666154589379305,0.000271917387353167,0.00265856156013475,0.0106742308008493,2.78568031299763e-05
"1051","Affiliate_Impressions",0,0,0,0,0,0,0,0,0,TRUE,0.0119589773890613,0.0119589773890613,7887.3982300885,891276,NA,NA,0,0,0.63466736,-0.00782122961346565,-0.135131669205311,-0.713033590139864,0.159635777079045,0.215017533288466,0.333571947513955,0.215017533288466,0.0195302452106037,0,1733425.82314151,0.3064751643,5654727.87225015,1e-04,"3_118_5",3,118,5,1760,3,0,8939.14990788598,1051.75167779749,0,0,Inf,Inf,3,FALSE,0,0,0,0,NA
"1052","Organic_Views",0,0,0,0,0,0,0,0,0,TRUE,NA,NA,NA,NA,8051.88495575221,8051.88495575221,NA,NA,0.63466736,-0.00782122961346565,-0.135131669205311,-0.713033590139864,0.159635777079045,0.215017533288466,0.333571947513955,0.215017533288466,0.0195302452106037,0,1733425.82314151,0.3064751643,5654727.87225015,1e-04,"3_118_5",3,118,5,1760,3,0,10241.0145066144,2189.12955086216,NA,NA,NA,NA,3,FALSE,NA,NA,NA,NA,NA
"1053","Email_Impressions",7870.21266451739,128611.85747885,0.0124246628883798,1138.15803078628,0.0124246628883798,128611.85747885,0.0124246628883798,1138.15803078628,0.0124246628883798,TRUE,NA,NA,NA,NA,389433.016085841,389433.016085841,NA,NA,0.63466736,-0.00782122961346565,-0.135131669205311,-0.713033590139864,0.159635777079045,0.215017533288466,0.333571947513955,0.215017533288466,0.0195302452106037,0,1733425.82314151,0.3064751643,5654727.87225015,1e-04,"3_118_5",3,118,5,1760,3,1138.15803078628,448547.60409088,59114.588005039,NA,NA,NA,NA,3,FALSE,NA,NA,NA,NA,0.0107578680138826
"1054","(Intercept)",78302.0644171427,8848133.27913713,0.855071765370802,78302.0644171427,0.855071765370802,8848133.27913713,0.855071765370802,78302.0644171427,0.855071765370802,TRUE,NA,NA,NA,NA,NA,NA,NA,NA,0.64178968628,-0.0152377563908392,-0.143171450770381,-0.726800170990975,0.160222077906987,0.215777640635434,0.334909620063923,0.215777640635434,0.0195296992776456,0,1756163.45202514,0.3104965608,5654727.87225015,1e-04,"3_120_14",3,120,14,1799,3,NA,NA,NA,NA,NA,NA,NA,3,FALSE,NA,NA,NA,NA,NA
"1055","trend",0.0706135583492976,845588.2461148,0.0817165170971174,7483.08182402478,0.0817165170971174,845588.2461148,0.0817165170971174,7483.08182402478,0.0817165170971174,TRUE,NA,NA,NA,NA,NA,NA,NA,NA,0.64178968628,-0.0152377563908392,-0.143171450770381,-0.726800170990975,0.160222077906987,0.215777640635434,0.334909620063923,0.215777640635434,0.0195296992776456,0,1756163.45202514,0.3104965608,5654727.87225015,1e-04,"3_120_14",3,120,14,1799,3,NA,NA,NA,NA,NA,NA,NA,3,FALSE,NA,NA,NA,NA,NA
"1056","season",0.0229086352287452,-6541.37414212582,-0.000632149647750775,-57.8882667444763,-0.000632149647750775,-6541.37414212582,-0.000632149647750775,-57.8882667444763,-0.000632149647750775,FALSE,NA,NA,NA,NA,NA,NA,NA,NA,0.64178968628,-0.0152377563908392,-0.143171450770381,-0.726800170990975,0.160222077906987,0.215777640635434,0.334909620063923,0.215777640635434,0.0195296992776456,0,1756163.45202514,0.3104965608,5654727.87225015,1e-04,"3_120_14",3,120,14,1799,3,NA,NA,NA,NA,NA,NA,NA,3,FALSE,NA,NA,NA,NA,NA
"1057","holiday",0,0,0,0,0,0,0,0,0,TRUE,NA,NA,NA,NA,NA,NA,NA,NA,0.64178968628,-0.0152377563908392,-0.143171450770381,-0.726800170990975,0.160222077906987,0.215777640635434,0.334909620063923,0.215777640635434,0.0195296992776456,0,1756163.45202514,0.3104965608,5654727.87225015,1e-04,"3_120_14",3,120,14,1799,3,NA,NA,NA,NA,NA,NA,NA,3,FALSE,NA,NA,NA,NA,NA
"1058","Google_Impressions",7797.1347067602,194397.636545175,0.0187863275812686,1720.33306677146,0.0187863275812686,194397.636545175,0.0187863275812686,1720.33306677146,0.0187863275812686,TRUE,0.743363900415277,0.743363900415277,490276.628318584,55401259,NA,NA,0.749435418362557,0.749435418362557,0.64178968628,-0.0152377563908392,-0.143171450770381,-0.726800170990975,0.160222077906987,0.215777640635434,0.334909620063923,0.215777640635434,0.0195296992776456,0,1756163.45202514,0.3104965608,5654727.87225015,1e-04,"3_120_14",3,120,14,1799,3,1720.33306677146,654259.554391038,163982.926072453,0.00350890286708421,0.00350890286708421,284.989365017952,284.989365017952,3,FALSE,0.00614836150170441,0.000208230508885948,0.00308252913534494,0.00922081584551984,0.277721571224922
"1059","Facebook_Impressions",28608.4183930386,64994.4762134061,0.00628097924860457,575.172355870851,0.00628097924860457,64994.4762134061,0.00628097924860457,575.172355870851,0.00628097924860457,TRUE,0.244677122195661,0.244677122195661,161373.82300885,18235242,NA,NA,0.250564581637442,0.250564581637442,0.64178968628,-0.0152377563908392,-0.143171450770381,-0.726800170990975,0.160222077906987,0.215777640635434,0.334909620063923,0.215777640635434,0.0195296992776456,0,1756163.45202514,0.3104965608,5654727.87225015,1e-04,"3_120_14",3,120,14,1799,3,575.172355870851,164726.22659574,3352.40358689047,0.00356422339848334,0.00356422339848334,280.566027490175,280.566027490175,3,FALSE,0.00666154589379305,0.000271917387353167,0.00265856156013475,0.0106742308008493,1.49701226520686e-05
"1060","Affiliate_Impressions",0,0,0,0,0,0,0,0,0,TRUE,0.0119589773890613,0.0119589773890613,7887.3982300885,891276,NA,NA,0,0,0.64178968628,-0.0152377563908392,-0.143171450770381,-0.726800170990975,0.160222077906987,0.215777640635434,0.334909620063923,0.215777640635434,0.0195296992776456,0,1756163.45202514,0.3104965608,5654727.87225015,1e-04,"3_120_14",3,120,14,1799,3,0,10207.0608413947,2319.66261130619,0,0,Inf,Inf,3,FALSE,0,0,0,0,NA
"1061","Organic_Views",0,0,0,0,0,0,0,0,0,TRUE,NA,NA,NA,NA,8051.88495575221,8051.88495575221,NA,NA,0.64178968628,-0.0152377563908392,-0.143171450770381,-0.726800170990975,0.160222077906987,0.215777640635434,0.334909620063923,0.215777640635434,0.0195296992776456,0,1756163.45202514,0.3104965608,5654727.87225015,1e-04,"3_120_14",3,120,14,1799,3,0,10770.2874751271,2718.40251937486,NA,NA,NA,NA,3,FALSE,NA,NA,NA,NA,NA
"1062","Email_Impressions",9649.50736625416,401253.073692767,0.0387765603499583,3550.91215657316,0.0387765603499583,401253.073692767,0.0387765603499583,3550.91215657316,0.0387765603499583,TRUE,NA,NA,NA,NA,389433.016085841,389433.016085841,NA,NA,0.64178968628,-0.0152377563908392,-0.143171450770381,-0.726800170990975,0.160222077906987,0.215777640635434,0.334909620063923,0.215777640635434,0.0195296992776456,0,1756163.45202514,0.3104965608,5654727.87225015,1e-04,"3_120_14",3,120,14,1799,3,3550.91215657316,419795.616270546,30362.6001847053,NA,NA,NA,NA,3,FALSE,NA,NA,NA,NA,0.214070436202788
"1063","(Intercept)",67859.6694921341,7668142.65261116,0.72683118417271,67859.6694921341,0.72683118417271,7668142.65261116,0.72683118417271,67859.6694921341,0.72683118417271,TRUE,NA,NA,NA,NA,NA,NA,NA,NA,0.63691504898,0.143711772847978,-0.104425608760142,-0.393803712863866,0.147146001757291,0.212089412576999,0.30088974730963,0.212089412576999,0.0634235265689804,0,647627.091221894,0.1144398715,5654727.87225015,1e-04,"3_123_5",3,123,5,1835,3,NA,NA,NA,NA,NA,NA,NA,2,FALSE,NA,NA,NA,NA,NA
"1064","trend",0.161389584460807,1932619.4410194,0.183184917196735,17102.8269116761,0.183184917196735,1932619.4410194,0.183184917196735,17102.8269116761,0.183184917196735,TRUE,NA,NA,NA,NA,NA,NA,NA,NA,0.63691504898,0.143711772847978,-0.104425608760142,-0.393803712863866,0.147146001757291,0.212089412576999,0.30088974730963,0.212089412576999,0.0634235265689804,0,647627.091221894,0.1144398715,5654727.87225015,1e-04,"3_123_5",3,123,5,1835,3,NA,NA,NA,NA,NA,NA,NA,2,FALSE,NA,NA,NA,NA,NA
"1065","season",0.0567837099124525,-16214.1257218681,-0.00153686919149027,-143.48783824662,-0.00153686919149027,-16214.1257218681,-0.00153686919149027,-143.48783824662,-0.00153686919149027,FALSE,NA,NA,NA,NA,NA,NA,NA,NA,0.63691504898,0.143711772847978,-0.104425608760142,-0.393803712863866,0.147146001757291,0.212089412576999,0.30088974730963,0.212089412576999,0.0634235265689804,0,647627.091221894,0.1144398715,5654727.87225015,1e-04,"3_123_5",3,123,5,1835,3,NA,NA,NA,NA,NA,NA,NA,2,FALSE,NA,NA,NA,NA,NA
"1066","holiday",0,0,0,0,0,0,0,0,0,TRUE,NA,NA,NA,NA,NA,NA,NA,NA,0.63691504898,0.143711772847978,-0.104425608760142,-0.393803712863866,0.147146001757291,0.212089412576999,0.30088974730963,0.212089412576999,0.0634235265689804,0,647627.091221894,0.1144398715,5654727.87225015,1e-04,"3_123_5",3,123,5,1835,3,NA,NA,NA,NA,NA,NA,NA,2,FALSE,NA,NA,NA,NA,NA
"1067","Google_Impressions",21402.5885142147,476428.235433962,0.0451586406541179,4216.17907463684,0.0451586406541179,476428.235433962,0.0451586406541179,4216.17907463684,0.0451586406541179,TRUE,0.743363900415277,0.743363900415277,490276.628318584,55401259,NA,NA,0.717342177151604,0.717342177151604,0.63691504898,0.143711772847978,-0.104425608760142,-0.393803712863866,0.147146001757291,0.212089412576999,0.30088974730963,0.212089412576999,0.0634235265689804,0,647627.091221894,0.1144398715,5654727.87225015,1e-04,"3_123_5",3,123,5,1835,3,4216.17907463684,672461.601291784,182184.9729732,0.00859959221204634,0.00859959221204634,116.284583657257,116.284583657257,2,FALSE,0.0256983568867457,0.00393028924683548,0,0.0574541807549012,0.30453577916462
"1068","Facebook_Impressions",21577.2600558811,187729.332054605,0.0177940785536557,1661.32152260713,0.0177940785536557,187729.332054605,0.0177940785536557,1661.32152260713,0.0177940785536557,TRUE,0.244677122195661,0.244677122195661,161373.82300885,18235242,NA,NA,0.282657822848396,0.282657822848396,0.63691504898,0.143711772847978,-0.104425608760142,-0.393803712863866,0.147146001757291,0.212089412576999,0.30088974730963,0.212089412576999,0.0634235265689804,0,647627.091221894,0.1144398715,5654727.87225015,1e-04,"3_123_5",3,123,5,1835,3,1661.32152260713,164004.951157492,2631.1281486428,0.0102948637618632,0.0102948637618632,97.1358167656818,97.1358167656818,2,FALSE,0.0343703021894356,0.00552693475505328,0,0.0790484193393257,2.11283238226304e-05
"1069","Affiliate_Impressions",0,0,0,0,0,0,0,0,0,TRUE,0.0119589773890613,0.0119589773890613,7887.3982300885,891276,NA,NA,0,0,0.63691504898,0.143711772847978,-0.104425608760142,-0.393803712863866,0.147146001757291,0.212089412576999,0.30088974730963,0.212089412576999,0.0634235265689804,0,647627.091221894,0.1144398715,5654727.87225015,1e-04,"3_123_5",3,123,5,1835,3,0,9856.79395910309,1969.3957290146,0,0,Inf,Inf,2,FALSE,0,0,0,0,NA
"1070","Organic_Views",0,0,0,0,0,0,0,0,0,TRUE,NA,NA,NA,NA,8051.88495575221,8051.88495575221,NA,NA,0.63691504898,0.143711772847978,-0.104425608760142,-0.393803712863866,0.147146001757291,0.212089412576999,0.30088974730963,0.212089412576999,0.0634235265689804,0,647627.091221894,0.1144398715,5654727.87225015,1e-04,"3_123_5",3,123,5,1835,3,0,8712.9918681518,661.106912399588,NA,NA,NA,NA,2,FALSE,NA,NA,NA,NA,NA
"1071","Email_Impressions",13630.3122665715,301395.80806554,0.0285680486142719,2667.21954040301,0.0285680486142719,301395.80806554,0.0285680486142719,2667.21954040301,0.0285680486142719,TRUE,NA,NA,NA,NA,389433.016085841,389433.016085841,NA,NA,0.63691504898,0.143711772847978,-0.104425608760142,-0.393803712863866,0.147146001757291,0.212089412576999,0.30088974730963,0.212089412576999,0.0634235265689804,0,647627.091221894,0.1144398715,5654727.87225015,1e-04,"3_123_5",3,123,5,1835,3,2667.21954040301,393356.497273066,3923.48118722535,NA,NA,NA,NA,2,FALSE,NA,NA,NA,NA,3.73668817595576e-05
"1072","(Intercept)",75997.0496727518,8587666.61302095,0.824905513699179,75997.0496727518,0.824905513699179,8587666.61302095,0.824905513699179,75997.0496727518,0.824905513699179,TRUE,NA,NA,NA,NA,NA,NA,NA,NA,0.63869554844,0.0382364177608162,-0.132303536037555,-0.613322458714137,0.15594542688243,0.21474951263965,0.32371824022033,0.21474951263965,0.0201416568516484,0,1181866.25821173,0.2089258677,5654727.87225015,1e-04,"3_124_5",3,124,5,1850,3,NA,NA,NA,NA,NA,NA,NA,3,FALSE,NA,NA,NA,NA,NA
"1073","trend",0.0999752180760688,1197190.33120682,0.114998514691111,10594.6047009453,0.114998514691111,1197190.33120682,0.114998514691111,10594.6047009453,0.114998514691111,TRUE,NA,NA,NA,NA,NA,NA,NA,NA,0.63869554844,0.0382364177608162,-0.132303536037555,-0.613322458714137,0.15594542688243,0.21474951263965,0.32371824022033,0.21474951263965,0.0201416568516484,0,1181866.25821173,0.2089258677,5654727.87225015,1e-04,"3_124_5",3,124,5,1850,3,NA,NA,NA,NA,NA,NA,NA,3,FALSE,NA,NA,NA,NA,NA
"1074","season",0.0330869428706917,-9447.70696181678,-0.000907518411671924,-83.608026210768,-0.000907518411671924,-9447.70696181678,-0.000907518411671924,-83.608026210768,-0.000907518411671924,FALSE,NA,NA,NA,NA,NA,NA,NA,NA,0.63869554844,0.0382364177608162,-0.132303536037555,-0.613322458714137,0.15594542688243,0.21474951263965,0.32371824022033,0.21474951263965,0.0201416568516484,0,1181866.25821173,0.2089258677,5654727.87225015,1e-04,"3_124_5",3,124,5,1850,3,NA,NA,NA,NA,NA,NA,NA,3,FALSE,NA,NA,NA,NA,NA
"1075","holiday",0,0,0,0,0,0,0,0,0,TRUE,NA,NA,NA,NA,NA,NA,NA,NA,0.63869554844,0.0382364177608162,-0.132303536037555,-0.613322458714137,0.15594542688243,0.21474951263965,0.32371824022033,0.21474951263965,0.0201416568516484,0,1181866.25821173,0.2089258677,5654727.87225015,1e-04,"3_124_5",3,124,5,1850,3,NA,NA,NA,NA,NA,NA,NA,3,FALSE,NA,NA,NA,NA,NA
"1076","Google_Impressions",14781.1862155757,281672.594141583,0.0270566250922038,2492.6778242618,0.0270566250922038,281672.594141583,0.0270566250922038,2492.6778242618,0.0270566250922038,TRUE,0.743363900415277,0.743363900415277,490276.628318584,55401259,NA,NA,0.746728732691437,0.746728732691437,0.63869554844,0.0382364177608162,-0.132303536037555,-0.613322458714137,0.15594542688243,0.21474951263965,0.32371824022033,0.21474951263965,0.0201416568516484,0,1181866.25821173,0.2089258677,5654727.87225015,1e-04,"3_124_5",3,124,5,1850,3,2492.6778242618,668726.611786131,178449.983467547,0.00508422731226349,0.00508422731226349,196.686721222699,196.686721222699,3,FALSE,0.00614836150170441,0.000208230508885948,0.00308252913534494,0.00922081584551984,0.286896586176121
"1077","Facebook_Impressions",21897.6159552604,95536.1321469443,0.00917691448874082,845.452496875613,0.00917691448874082,95536.1321469443,0.00917691448874082,845.452496875613,0.00917691448874082,TRUE,0.244677122195661,0.244677122195661,161373.82300885,18235242,NA,NA,0.253271267308563,0.253271267308563,0.63869554844,0.0382364177608162,-0.132303536037555,-0.613322458714137,0.15594542688243,0.21474951263965,0.32371824022033,0.21474951263965,0.0201416568516484,0,1181866.25821173,0.2089258677,5654727.87225015,1e-04,"3_124_5",3,124,5,1850,3,845.452496875613,165186.66969632,3812.84668747046,0.00523909318817619,0.00523909318817618,190.872726268134,190.872726268134,3,FALSE,0.00666154589379305,0.000271917387353167,0.00265856156013475,0.0106742308008493,3.32804193267084e-05
"1078","Affiliate_Impressions",0,0,0,0,0,0,0,0,0,TRUE,0.0119589773890613,0.0119589773890613,7887.3982300885,891276,NA,NA,0,0,0.63869554844,0.0382364177608162,-0.132303536037555,-0.613322458714137,0.15594542688243,0.21474951263965,0.32371824022033,0.21474951263965,0.0201416568516484,0,1181866.25821173,0.2089258677,5654727.87225015,1e-04,"3_124_5",3,124,5,1850,3,0,9188.21662995615,1300.81839986766,0,0,Inf,Inf,3,FALSE,0,0,0,0,NA
"1079","Organic_Views",0,0,0,0,0,0,0,0,0,TRUE,NA,NA,NA,NA,8051.88495575221,8051.88495575221,NA,NA,0.63869554844,0.0382364177608162,-0.132303536037555,-0.613322458714137,0.15594542688243,0.21474951263965,0.32371824022033,0.21474951263965,0.0201416568516484,0,1181866.25821173,0.2089258677,5654727.87225015,1e-04,"3_124_5",3,124,5,1850,3,0,10636.6375238148,2584.75256806256,NA,NA,NA,NA,3,FALSE,NA,NA,NA,NA,NA
"1080","Email_Impressions",9605.46668897821,257867.201601828,0.0247699504404371,2282.0106336445,0.0247699504404372,257867.201601828,0.0247699504404371,2282.0106336445,0.0247699504404372,TRUE,NA,NA,NA,NA,389433.016085841,389433.016085841,NA,NA,0.63869554844,0.0382364177608162,-0.132303536037555,-0.613322458714137,0.15594542688243,0.21474951263965,0.32371824022033,0.21474951263965,0.0201416568516484,0,1181866.25821173,0.2089258677,5654727.87225015,1e-04,"3_124_5",3,124,5,1850,3,2282.0106336445,466208.297474022,76775.2813881817,NA,NA,NA,NA,3,FALSE,NA,NA,NA,NA,0.0651411279447693
"1081","(Intercept)",69695.6365588612,7875606.93115131,0.748335089167154,69695.6365588612,0.748335089167154,7875606.93115131,0.748335089167154,69695.6365588612,0.748335089167154,TRUE,NA,NA,NA,NA,NA,NA,NA,NA,0.64234012751,0.125067591779591,-0.106045335796587,-0.432354792346171,0.148739299276995,0.212244878501059,0.305022505266767,0.212244878501059,0.0614275087787715,0,712874.011785791,0.1259794977,5654727.87225015,1e-04,"3_125_5",3,125,5,1865,2,NA,NA,NA,NA,NA,NA,NA,2,FALSE,NA,NA,NA,NA,NA
"1082","trend",0.15035784845294,1800515.82635166,0.171083852106718,15933.7683747934,0.171083852106718,1800515.82635166,0.171083852106718,15933.7683747934,0.171083852106718,TRUE,NA,NA,NA,NA,NA,NA,NA,NA,0.64234012751,0.125067591779591,-0.106045335796587,-0.432354792346171,0.148739299276995,0.212244878501059,0.305022505266767,0.212244878501059,0.0614275087787715,0,712874.011785791,0.1259794977,5654727.87225015,1e-04,"3_125_5",3,125,5,1865,2,NA,NA,NA,NA,NA,NA,NA,2,FALSE,NA,NA,NA,NA,NA
"1083","season",0.0521740596155813,-14897.8776365889,-0.00141558672074919,-131.839625102557,-0.00141558672074919,-14897.8776365889,-0.00141558672074919,-131.839625102557,-0.00141558672074919,FALSE,NA,NA,NA,NA,NA,NA,NA,NA,0.64234012751,0.125067591779591,-0.106045335796587,-0.432354792346171,0.148739299276995,0.212244878501059,0.305022505266767,0.212244878501059,0.0614275087787715,0,712874.011785791,0.1259794977,5654727.87225015,1e-04,"3_125_5",3,125,5,1865,2,NA,NA,NA,NA,NA,NA,NA,2,FALSE,NA,NA,NA,NA,NA
"1084","holiday",0,0,0,0,0,0,0,0,0,TRUE,NA,NA,NA,NA,NA,NA,NA,NA,0.64234012751,0.125067591779591,-0.106045335796587,-0.432354792346171,0.148739299276995,0.212244878501059,0.305022505266767,0.212244878501059,0.0614275087787715,0,712874.011785791,0.1259794977,5654727.87225015,1e-04,"3_125_5",3,125,5,1865,2,NA,NA,NA,NA,NA,NA,NA,2,FALSE,NA,NA,NA,NA,NA
"1085","Google_Impressions",19730.2122160541,439200.622139195,0.0417325597384476,3886.73116937341,0.0417325597384476,439200.622139195,0.0417325597384476,3886.73116937341,0.0417325597384476,TRUE,0.743363900415277,0.743363900415277,490276.628318584,55401259,NA,NA,0.718456681740231,0.718456681740231,0.64234012751,0.125067591779591,-0.106045335796587,-0.432354792346171,0.148739299276995,0.212244878501059,0.305022505266767,0.212244878501059,0.0614275087787715,0,712874.011785791,0.1259794977,5654727.87225015,1e-04,"3_125_5",3,125,5,1865,2,3886.73116937341,672461.601291784,182184.9729732,0.00792762890350912,0.00792762890350912,126.141121408616,126.141121408616,2,FALSE,0.0256983568867457,0.00393028924683548,0,0.0574541807549012,0.30453577916462
"1086","Facebook_Impressions",19873.5472121662,172110.586040221,0.0163538368378413,1523.10253132939,0.0163538368378413,172110.586040221,0.0163538368378413,1523.10253132939,0.0163538368378413,TRUE,0.244677122195661,0.244677122195661,161373.82300885,18235242,NA,NA,0.281543318259769,0.281543318259769,0.64234012751,0.125067591779591,-0.106045335796587,-0.432354792346171,0.148739299276995,0.212244878501059,0.305022505266767,0.212244878501059,0.0614275087787715,0,712874.011785791,0.1259794977,5654727.87225015,1e-04,"3_125_5",3,125,5,1865,2,1523.10253132939,164004.951157492,2631.1281486428,0.00943834943568182,0.00943834943568182,105.950728653835,105.950728653835,2,FALSE,0.0343703021894356,0.00552693475505328,0,0.0790484193393257,1.97969852950567e-05
"1087","Affiliate_Impressions",0,0,0,0,0,0,0,0,0,TRUE,0.0119589773890613,0.0119589773890613,7887.3982300885,891276,NA,NA,0,0,0.64234012751,0.125067591779591,-0.106045335796587,-0.432354792346171,0.148739299276995,0.212244878501059,0.305022505266767,0.212244878501059,0.0614275087787715,0,712874.011785791,0.1259794977,5654727.87225015,1e-04,"3_125_5",3,125,5,1865,2,0,9465.91116342932,1578.51293334082,0,0,Inf,Inf,2,FALSE,0,0,0,0,NA
"1088","Organic_Views",0,0,0,0,0,0,0,0,0,TRUE,NA,NA,NA,NA,8051.88495575221,8051.88495575221,NA,NA,0.64234012751,0.125067591779591,-0.106045335796587,-0.432354792346171,0.148739299276995,0.212244878501059,0.305022505266767,0.212244878501059,0.0614275087787715,0,712874.011785791,0.1259794977,5654727.87225015,1e-04,"3_125_5",3,125,5,1865,2,0,8551.71890482159,499.833949069376,NA,NA,NA,NA,2,FALSE,NA,NA,NA,NA,NA
"1089","Email_Impressions",10722.4455060188,251635.563341458,0.0239102488705881,2226.86339240228,0.0239102488705882,251635.563341458,0.0239102488705881,2226.86339240228,0.0239102488705882,TRUE,NA,NA,NA,NA,389433.016085841,389433.016085841,NA,NA,0.64234012751,0.125067591779591,-0.106045335796587,-0.432354792346171,0.148739299276995,0.212244878501059,0.305022505266767,0.212244878501059,0.0614275087787715,0,712874.011785791,0.1259794977,5654727.87225015,1e-04,"3_125_5",3,125,5,1865,2,2226.86339240228,419509.294891509,30076.2788056684,NA,NA,NA,NA,2,FALSE,NA,NA,NA,NA,0.000977587302481465
"1090","(Intercept)",69695.6365588612,7875606.93115131,0.748335089167154,69695.6365588612,0.748335089167154,7875606.93115131,0.748335089167154,69695.6365588612,0.748335089167154,TRUE,NA,NA,NA,NA,NA,NA,NA,NA,0.64234012751,0.125067591779591,-0.106045335796587,-0.432354792346171,0.148739299276995,0.212244878501059,0.305022505266767,0.212244878501059,0.0614275087787715,0,712874.011785791,0.1259794977,5654727.87225015,1e-04,"3_127_5",3,127,5,1895,2,NA,NA,NA,NA,NA,NA,NA,2,FALSE,NA,NA,NA,NA,NA
"1091","trend",0.15035784845294,1800515.82635166,0.171083852106718,15933.7683747934,0.171083852106718,1800515.82635166,0.171083852106718,15933.7683747934,0.171083852106718,TRUE,NA,NA,NA,NA,NA,NA,NA,NA,0.64234012751,0.125067591779591,-0.106045335796587,-0.432354792346171,0.148739299276995,0.212244878501059,0.305022505266767,0.212244878501059,0.0614275087787715,0,712874.011785791,0.1259794977,5654727.87225015,1e-04,"3_127_5",3,127,5,1895,2,NA,NA,NA,NA,NA,NA,NA,2,FALSE,NA,NA,NA,NA,NA
"1092","season",0.0521740596155813,-14897.8776365889,-0.00141558672074919,-131.839625102557,-0.00141558672074919,-14897.8776365889,-0.00141558672074919,-131.839625102557,-0.00141558672074919,FALSE,NA,NA,NA,NA,NA,NA,NA,NA,0.64234012751,0.125067591779591,-0.106045335796587,-0.432354792346171,0.148739299276995,0.212244878501059,0.305022505266767,0.212244878501059,0.0614275087787715,0,712874.011785791,0.1259794977,5654727.87225015,1e-04,"3_127_5",3,127,5,1895,2,NA,NA,NA,NA,NA,NA,NA,2,FALSE,NA,NA,NA,NA,NA
"1093","holiday",0,0,0,0,0,0,0,0,0,TRUE,NA,NA,NA,NA,NA,NA,NA,NA,0.64234012751,0.125067591779591,-0.106045335796587,-0.432354792346171,0.148739299276995,0.212244878501059,0.305022505266767,0.212244878501059,0.0614275087787715,0,712874.011785791,0.1259794977,5654727.87225015,1e-04,"3_127_5",3,127,5,1895,2,NA,NA,NA,NA,NA,NA,NA,2,FALSE,NA,NA,NA,NA,NA
"1094","Google_Impressions",19730.2122160541,439200.622139195,0.0417325597384476,3886.73116937341,0.0417325597384476,439200.622139195,0.0417325597384476,3886.73116937341,0.0417325597384476,TRUE,0.743363900415277,0.743363900415277,490276.628318584,55401259,NA,NA,0.718456681740231,0.718456681740231,0.64234012751,0.125067591779591,-0.106045335796587,-0.432354792346171,0.148739299276995,0.212244878501059,0.305022505266767,0.212244878501059,0.0614275087787715,0,712874.011785791,0.1259794977,5654727.87225015,1e-04,"3_127_5",3,127,5,1895,2,3886.73116937341,672461.601291784,182184.9729732,0.00792762890350912,0.00792762890350912,126.141121408616,126.141121408616,2,FALSE,0.0256983568867457,0.00393028924683548,0,0.0574541807549012,0.30453577916462
"1095","Facebook_Impressions",19873.5472121662,172110.586040221,0.0163538368378413,1523.10253132939,0.0163538368378413,172110.586040221,0.0163538368378413,1523.10253132939,0.0163538368378413,TRUE,0.244677122195661,0.244677122195661,161373.82300885,18235242,NA,NA,0.281543318259769,0.281543318259769,0.64234012751,0.125067591779591,-0.106045335796587,-0.432354792346171,0.148739299276995,0.212244878501059,0.305022505266767,0.212244878501059,0.0614275087787715,0,712874.011785791,0.1259794977,5654727.87225015,1e-04,"3_127_5",3,127,5,1895,2,1523.10253132939,164004.951157492,2631.1281486428,0.00943834943568182,0.00943834943568182,105.950728653835,105.950728653835,2,FALSE,0.0343703021894356,0.00552693475505328,0,0.0790484193393257,1.97969852950567e-05
"1096","Affiliate_Impressions",0,0,0,0,0,0,0,0,0,TRUE,0.0119589773890613,0.0119589773890613,7887.3982300885,891276,NA,NA,0,0,0.64234012751,0.125067591779591,-0.106045335796587,-0.432354792346171,0.148739299276995,0.212244878501059,0.305022505266767,0.212244878501059,0.0614275087787715,0,712874.011785791,0.1259794977,5654727.87225015,1e-04,"3_127_5",3,127,5,1895,2,0,9465.91116342932,1578.51293334082,0,0,Inf,Inf,2,FALSE,0,0,0,0,NA
"1097","Organic_Views",0,0,0,0,0,0,0,0,0,TRUE,NA,NA,NA,NA,8051.88495575221,8051.88495575221,NA,NA,0.64234012751,0.125067591779591,-0.106045335796587,-0.432354792346171,0.148739299276995,0.212244878501059,0.305022505266767,0.212244878501059,0.0614275087787715,0,712874.011785791,0.1259794977,5654727.87225015,1e-04,"3_127_5",3,127,5,1895,2,0,8551.71890482159,499.833949069376,NA,NA,NA,NA,2,FALSE,NA,NA,NA,NA,NA
"1098","Email_Impressions",10722.4455060188,251635.563341458,0.0239102488705881,2226.86339240228,0.0239102488705882,251635.563341458,0.0239102488705881,2226.86339240228,0.0239102488705882,TRUE,NA,NA,NA,NA,389433.016085841,389433.016085841,NA,NA,0.64234012751,0.125067591779591,-0.106045335796587,-0.432354792346171,0.148739299276995,0.212244878501059,0.305022505266767,0.212244878501059,0.0614275087787715,0,712874.011785791,0.1259794977,5654727.87225015,1e-04,"3_127_5",3,127,5,1895,2,2226.86339240228,419509.294891509,30076.2788056684,NA,NA,NA,NA,2,FALSE,NA,NA,NA,NA,0.000977587302481465
"1099","(Intercept)",75875.0246436138,8573877.78472836,0.823618361986846,75875.0246436138,0.823618361986846,8573877.78472836,0.823618361986846,75875.0246436138,0.823618361986846,TRUE,NA,NA,NA,NA,NA,NA,NA,NA,0.63869554844,0.038114067586845,-0.133135445643229,-0.613224014649094,0.155955345818689,0.21482838697615,0.323708363513574,0.21482838697615,0.0195854937138755,0,1181866.25821173,0.2089258677,5654727.87225015,1e-04,"3_128_5",3,128,5,1910,2,NA,NA,NA,NA,NA,NA,NA,3,FALSE,NA,NA,NA,NA,NA
"1100","trend",0.0999297565005604,1196645.93470849,0.114951436137604,10589.7870328185,0.114951436137604,1196645.93470849,0.114951436137604,10589.7870328185,0.114951436137604,TRUE,NA,NA,NA,NA,NA,NA,NA,NA,0.63869554844,0.038114067586845,-0.133135445643229,-0.613224014649094,0.155955345818689,0.21482838697615,0.323708363513574,0.21482838697615,0.0195854937138755,0,1181866.25821173,0.2089258677,5654727.87225015,1e-04,"3_128_5",3,128,5,1910,2,NA,NA,NA,NA,NA,NA,NA,3,FALSE,NA,NA,NA,NA,NA
"1101","season",0.0330865117351037,-9447.5838545623,-0.000907547755449431,-83.606936766038,-0.000907547755449431,-9447.5838545623,-0.000907547755449431,-83.606936766038,-0.000907547755449431,FALSE,NA,NA,NA,NA,NA,NA,NA,NA,0.63869554844,0.038114067586845,-0.133135445643229,-0.613224014649094,0.155955345818689,0.21482838697615,0.323708363513574,0.21482838697615,0.0195854937138755,0,1181866.25821173,0.2089258677,5654727.87225015,1e-04,"3_128_5",3,128,5,1910,2,NA,NA,NA,NA,NA,NA,NA,3,FALSE,NA,NA,NA,NA,NA
"1102","holiday",0,0,0,0,0,0,0,0,0,TRUE,NA,NA,NA,NA,NA,NA,NA,NA,0.63869554844,0.038114067586845,-0.133135445643229,-0.613224014649094,0.155955345818689,0.21482838697615,0.323708363513574,0.21482838697615,0.0195854937138755,0,1181866.25821173,0.2089258677,5654727.87225015,1e-04,"3_128_5",3,128,5,1910,2,NA,NA,NA,NA,NA,NA,NA,3,FALSE,NA,NA,NA,NA,NA
"1103","Google_Impressions",14783.1783881486,281710.557293416,0.0270614993096448,2493.01378135767,0.0270614993096448,281710.557293416,0.0270614993096448,2493.01378135767,0.0270614993096448,TRUE,0.743363900415277,0.743363900415277,490276.628318584,55401259,NA,NA,0.748554546770989,0.748554546770989,0.63869554844,0.038114067586845,-0.133135445643229,-0.613224014649094,0.155955345818689,0.21482838697615,0.323708363513574,0.21482838697615,0.0195854937138755,0,1181866.25821173,0.2089258677,5654727.87225015,1e-04,"3_128_5",3,128,5,1910,2,2493.01378135767,668726.611786131,178449.983467547,0.00508491255213923,0.00508491255213923,196.660215833859,196.660215833859,3,FALSE,0.00614836150170441,0.000208230508885948,0.00308252913534494,0.00922081584551984,0.286896586176121
"1104","Facebook_Impressions",21913.1371998445,94628.8270689127,0.0090901738401329,837.423248397458,0.0090901738401329,94628.8270689127,0.0090901738401329,837.423248397458,0.0090901738401329,TRUE,0.244677122195661,0.244677122195661,161373.82300885,18235242,NA,NA,0.251445453229011,0.251445453229011,0.63869554844,0.038114067586845,-0.133135445643229,-0.613224014649094,0.155955345818689,0.21482838697615,0.323708363513574,0.21482838697615,0.0195854937138755,0,1181866.25821173,0.2089258677,5654727.87225015,1e-04,"3_128_5",3,128,5,1910,2,837.423248397458,165186.66969632,3812.84668747046,0.0051893376062085,0.0051893376062085,192.702821802074,192.702821802074,3,FALSE,0.00666154589379305,0.000271917387353167,0.00265856156013475,0.0106742308008493,2.96256287198667e-05
"1105","Affiliate_Impressions",0,0,0,0,0,0,0,0,0,TRUE,0.0119589773890613,0.0119589773890613,7887.3982300885,891276,NA,NA,0,0,0.63869554844,0.038114067586845,-0.133135445643229,-0.613224014649094,0.155955345818689,0.21482838697615,0.323708363513574,0.21482838697615,0.0195854937138755,0,1181866.25821173,0.2089258677,5654727.87225015,1e-04,"3_128_5",3,128,5,1910,2,0,9188.21662995615,1300.81839986766,0,0,Inf,Inf,3,FALSE,0,0,0,0,NA
"1106","Organic_Views",0,0,0,0,0,0,0,0,0,TRUE,NA,NA,NA,NA,8051.88495575221,8051.88495575221,NA,NA,0.63869554844,0.038114067586845,-0.133135445643229,-0.613224014649094,0.155955345818689,0.21482838697615,0.323708363513574,0.21482838697615,0.0195854937138755,0,1181866.25821173,0.2089258677,5654727.87225015,1e-04,"3_128_5",3,128,5,1910,2,0,10636.6375238148,2584.75256806256,NA,NA,NA,NA,3,FALSE,NA,NA,NA,NA,NA
"1107","Email_Impressions",9455.05138607125,272597.394344072,0.0261860764812219,2412.36632162895,0.0261860764812219,272597.394344072,0.0261860764812219,2412.36632162895,0.0261860764812219,TRUE,NA,NA,NA,NA,389433.016085841,389433.016085841,NA,NA,0.63869554844,0.038114067586845,-0.133135445643229,-0.613224014649094,0.155955345818689,0.21482838697615,0.323708363513574,0.21482838697615,0.0195854937138755,0,1181866.25821173,0.2089258677,5654727.87225015,1e-04,"3_128_5",3,128,5,1910,2,2412.36632162895,513110.451926271,123677.435840431,NA,NA,NA,NA,3,FALSE,NA,NA,NA,NA,0.124011240785293
"1108","(Intercept)",73184.9811959831,8269902.87514609,0.790583184858706,73184.9811959831,0.790583184858706,8269902.87514609,0.790583184858706,73184.9811959831,0.790583184858706,TRUE,NA,NA,NA,NA,NA,NA,NA,NA,0.63526569692,0.0739677404407777,-0.12004884273147,-0.536061269526892,0.153021176785866,0.213584255848025,0.315871796561889,0.213584255848025,0.0378102833441279,0,911099.815734935,0.161037883,5654727.87225015,1e-04,"3_128_7",3,128,7,1912,3,NA,NA,NA,NA,NA,NA,NA,3,FALSE,NA,NA,NA,NA,NA
"1109","trend",0.124440319815789,1490156.7664738,0.142455467756239,13187.228021892,0.142455467756239,1490156.7664738,0.142455467756239,13187.228021892,0.142455467756239,TRUE,NA,NA,NA,NA,NA,NA,NA,NA,0.63526569692,0.0739677404407777,-0.12004884273147,-0.536061269526892,0.153021176785866,0.213584255848025,0.315871796561889,0.213584255848025,0.0378102833441279,0,911099.815734935,0.161037883,5654727.87225015,1e-04,"3_128_7",3,128,7,1912,3,NA,NA,NA,NA,NA,NA,NA,3,FALSE,NA,NA,NA,NA,NA
"1110","season",0.0420702102501119,-12012.8057710993,-0.00114839586256168,-106.308015673445,-0.00114839586256168,-12012.8057710993,-0.00114839586256168,-106.308015673445,-0.00114839586256168,FALSE,NA,NA,NA,NA,NA,NA,NA,NA,0.63526569692,0.0739677404407777,-0.12004884273147,-0.536061269526892,0.153021176785866,0.213584255848025,0.315871796561889,0.213584255848025,0.0378102833441279,0,911099.815734935,0.161037883,5654727.87225015,1e-04,"3_128_7",3,128,7,1912,3,NA,NA,NA,NA,NA,NA,NA,3,FALSE,NA,NA,NA,NA,NA
"1111","holiday",0,0,0,0,0,0,0,0,0,TRUE,NA,NA,NA,NA,NA,NA,NA,NA,0.63526569692,0.0739677404407777,-0.12004884273147,-0.536061269526892,0.153021176785866,0.213584255848025,0.315871796561889,0.213584255848025,0.0378102833441279,0,911099.815734935,0.161037883,5654727.87225015,1e-04,"3_128_7",3,128,7,1912,3,NA,NA,NA,NA,NA,NA,NA,3,FALSE,NA,NA,NA,NA,NA
"1112","Google_Impressions",14787.8021974305,355613.225588792,0.033995784558582,3147.01969547603,0.033995784558582,355613.225588792,0.033995784558582,3147.01969547603,0.033995784558582,TRUE,0.743363900415277,0.743363900415277,490276.628318584,55401259,NA,NA,0.73217315107413,0.73217315107413,0.63526569692,0.0739677404407777,-0.12004884273147,-0.536061269526892,0.153021176785866,0.213584255848025,0.315871796561889,0.213584255848025,0.0378102833441279,0,911099.815734935,0.161037883,5654727.87225015,1e-04,"3_128_7",3,128,7,1912,3,3147.01969547603,687108.086246231,196831.457927647,0.00641886541944456,0.00641886541944456,155.790772146541,155.790772146541,3,FALSE,0.00614836150170441,0.000208230508885948,0.00308252913534494,0.00922081584551984,0.380982365329398
"1113","Facebook_Impressions",17576.9408937604,130082.302944441,0.0124355609622265,1151.17082251718,0.0124355609622265,130082.302944441,0.0124355609622265,1151.17082251718,0.0124355609622265,TRUE,0.244677122195661,0.244677122195661,161373.82300885,18235242,NA,NA,0.26782684892587,0.26782684892587,0.63526569692,0.0739677404407777,-0.12004884273147,-0.536061269526892,0.153021176785866,0.213584255848025,0.315871796561889,0.213584255848025,0.0378102833441279,0,911099.815734935,0.161037883,5654727.87225015,1e-04,"3_128_7",3,128,7,1912,3,1151.17082251718,161624.861143765,251.038134915409,0.00713356603353226,0.00713356603353225,140.182342926297,140.182342926297,3,FALSE,0.00666154589379305,0.000271917387353167,0.00265856156013475,0.0106742308008493,1.29160601202411e-08
"1114","Affiliate_Impressions",0,0,0,0,0,0,0,0,0,TRUE,0.0119589773890613,0.0119589773890613,7887.3982300885,891276,NA,NA,0,0,0.63526569692,0.0739677404407777,-0.12004884273147,-0.536061269526892,0.153021176785866,0.213584255848025,0.315871796561889,0.213584255848025,0.0378102833441279,0,911099.815734935,0.161037883,5654727.87225015,1e-04,"3_128_7",3,128,7,1912,3,0,8577.67229862482,690.274068536321,0,0,Inf,Inf,3,FALSE,0,0,0,0,NA
"1115","Organic_Views",0,0,0,0,0,0,0,0,0,TRUE,NA,NA,NA,NA,8051.88495575221,8051.88495575221,NA,NA,0.63526569692,0.0739677404407777,-0.12004884273147,-0.536061269526892,0.153021176785866,0.213584255848025,0.315871796561889,0.213584255848025,0.0378102833441279,0,911099.815734935,0.161037883,5654727.87225015,1e-04,"3_128_7",3,128,7,1912,3,0,9497.70515026038,1445.82019450817,NA,NA,NA,NA,3,FALSE,NA,NA,NA,NA,NA
"1116","Email_Impressions",14349.6233960949,226767.084252526,0.0216783977268073,2006.78835621704,0.0216783977268073,226767.084252526,0.0216783977268073,2006.78835621704,0.0216783977268073,TRUE,NA,NA,NA,NA,389433.016085841,389433.016085841,NA,NA,0.63526569692,0.0739677404407777,-0.12004884273147,-0.536061269526892,0.153021176785866,0.213584255848025,0.315871796561889,0.213584255848025,0.0378102833441279,0,911099.815734935,0.161037883,5654727.87225015,1e-04,"3_128_7",3,128,7,1912,3,2006.78835621704,430249.056798151,40816.0407123101,NA,NA,NA,NA,3,FALSE,NA,NA,NA,NA,0.00489266001670096
"1117","(Intercept)",75951.0863151576,8582472.75361281,0.824531754622261,75951.0863151576,0.824531754622261,8582472.75361281,0.824531754622261,75951.0863151576,0.824531754622261,TRUE,NA,NA,NA,NA,NA,NA,NA,NA,0.6390884582,0.0372428268637671,-0.133126965449009,-0.61507799035579,0.156025959126384,0.21482758310497,0.323894318814188,0.21482758310497,0.0195856610122878,0,1189060.53642137,0.2101982539,5654727.87225015,1e-04,"3_134_5",3,134,5,2000,2,NA,NA,NA,NA,NA,NA,NA,3,FALSE,NA,NA,NA,NA,NA
"1118","trend",0.0994139577359882,1190469.31108438,0.114370272772397,10535.1266467644,0.114370272772397,1190469.31108438,0.114370272772397,10535.1266467644,0.114370272772397,TRUE,NA,NA,NA,NA,NA,NA,NA,NA,0.6390884582,0.0372428268637671,-0.133126965449009,-0.61507799035579,0.156025959126384,0.21482758310497,0.323894318814188,0.21482758310497,0.0195856610122878,0,1189060.53642137,0.2101982539,5654727.87225015,1e-04,"3_134_5",3,134,5,2000,2,NA,NA,NA,NA,NA,NA,NA,3,FALSE,NA,NA,NA,NA,NA
"1119","season",0.0329019491630955,-9394.88351584359,-0.000902581343649406,-83.1405620871114,-0.000902581343649407,-9394.88351584359,-0.000902581343649406,-83.1405620871114,-0.000902581343649407,FALSE,NA,NA,NA,NA,NA,NA,NA,NA,0.6390884582,0.0372428268637671,-0.133126965449009,-0.61507799035579,0.156025959126384,0.21482758310497,0.323894318814188,0.21482758310497,0.0195856610122878,0,1189060.53642137,0.2101982539,5654727.87225015,1e-04,"3_134_5",3,134,5,2000,2,NA,NA,NA,NA,NA,NA,NA,3,FALSE,NA,NA,NA,NA,NA
"1120","holiday",0,0,0,0,0,0,0,0,0,TRUE,NA,NA,NA,NA,NA,NA,NA,NA,0.6390884582,0.0372428268637671,-0.133126965449009,-0.61507799035579,0.156025959126384,0.21482758310497,0.323894318814188,0.21482758310497,0.0195856610122878,0,1189060.53642137,0.2101982539,5654727.87225015,1e-04,"3_134_5",3,134,5,2000,2,NA,NA,NA,NA,NA,NA,NA,3,FALSE,NA,NA,NA,NA,NA
"1121","Google_Impressions",14701.9014751111,280161.731738742,0.026915581427429,2479.30736051984,0.026915581427429,280161.731738742,0.026915581427429,2479.30736051984,0.026915581427429,TRUE,0.743363900415277,0.743363900415277,490276.628318584,55401259,NA,NA,0.748553379398943,0.748553379398943,0.6390884582,0.0372428268637671,-0.133126965449009,-0.61507799035579,0.156025959126384,0.21482758310497,0.323894318814188,0.21482758310497,0.0195856610122878,0,1189060.53642137,0.2101982539,5654727.87225015,1e-04,"3_134_5",3,134,5,2000,2,2479.30736051984,668726.611786131,178449.983467547,0.00505695604749239,0.00505695604749239,197.747417736777,197.747417736777,3,FALSE,0.00614836150170441,0.000208230508885948,0.00308252913534494,0.00922081584551984,0.286896586176121
"1122","Facebook_Impressions",21792.7954178935,94109.1478659968,0.00904121493229233,832.824317398202,0.00904121493229233,94109.1478659968,0.00904121493229233,832.824317398202,0.00904121493229233,TRUE,0.244677122195661,0.244677122195661,161373.82300885,18235242,NA,NA,0.251446620601057,0.251446620601057,0.6390884582,0.0372428268637671,-0.133126965449009,-0.61507799035579,0.156025959126384,0.21482758310497,0.323894318814188,0.21482758310497,0.0195856610122878,0,1189060.53642137,0.2101982539,5654727.87225015,1e-04,"3_134_5",3,134,5,2000,2,832.824317398202,165186.66969632,3812.84668747046,0.00516083898782351,0.00516083898782351,193.766944165358,193.766944165358,3,FALSE,0.00666154589379305,0.000271917387353167,0.00265856156013475,0.0106742308008493,2.96256287198667e-05
"1123","Affiliate_Impressions",0,0,0,0,0,0,0,0,0,TRUE,0.0119589773890613,0.0119589773890613,7887.3982300885,891276,NA,NA,0,0,0.6390884582,0.0372428268637671,-0.133126965449009,-0.61507799035579,0.156025959126384,0.21482758310497,0.323894318814188,0.21482758310497,0.0195856610122878,0,1189060.53642137,0.2101982539,5654727.87225015,1e-04,"3_134_5",3,134,5,2000,2,0,9188.21662995615,1300.81839986766,0,0,Inf,Inf,3,FALSE,0,0,0,0,NA
"1124","Organic_Views",0,0,0,0,0,0,0,0,0,TRUE,NA,NA,NA,NA,8051.88495575221,8051.88495575221,NA,NA,0.6390884582,0.0372428268637671,-0.133126965449009,-0.61507799035579,0.156025959126384,0.21482758310497,0.323894318814188,0.21482758310497,0.0195856610122878,0,1189060.53642137,0.2101982539,5654727.87225015,1e-04,"3_134_5",3,134,5,2000,2,0,9753.88164228333,1701.99668653111,NA,NA,NA,NA,3,FALSE,NA,NA,NA,NA,NA
"1125","Email_Impressions",9402.66330476586,271087.00017746,0.02604375758927,2399.00000157044,0.02604375758927,271087.00017746,0.02604375758927,2399.00000157044,0.02604375758927,TRUE,NA,NA,NA,NA,389433.016085841,389433.016085841,NA,NA,0.6390884582,0.0372428268637671,-0.133126965449009,-0.61507799035579,0.156025959126384,0.21482758310497,0.323894318814188,0.21482758310497,0.0195856610122878,0,1189060.53642137,0.2101982539,5654727.87225015,1e-04,"3_134_5",3,134,5,2000,2,2399.00000157044,513110.451926271,123677.435840431,NA,NA,NA,NA,3,FALSE,NA,NA,NA,NA,0.124011240785293
"1126","(Intercept)",86288.3312911746,9750581.43590273,0.950068226155518,86288.3312911746,0.950068226155518,9750581.43590273,0.950068226155518,86288.3312911746,0.950068226155518,TRUE,NA,NA,NA,NA,NA,NA,NA,NA,0.63868618454,-0.0803843722693198,-0.146232606675895,-0.869626380143229,0.165282786569143,0.216066349473688,0.348484924078339,0.216066349473688,0.0195289585029439,0,4436297.63850562,0.7845073863,5654727.87225015,1e-04,"4_62_5",4,62,5,920,1,NA,NA,NA,NA,NA,NA,NA,1,FALSE,NA,NA,NA,NA,NA
"1127","trend",0.0297597297257536,356368.921945155,0.0347235487191274,3153.70727385093,0.0347235487191273,356368.921945155,0.0347235487191274,3153.70727385093,0.0347235487191273,TRUE,NA,NA,NA,NA,NA,NA,NA,NA,0.63868618454,-0.0803843722693198,-0.146232606675895,-0.869626380143229,0.165282786569143,0.216066349473688,0.348484924078339,0.216066349473688,0.0195289585029439,0,4436297.63850562,0.7845073863,5654727.87225015,1e-04,"4_62_5",4,62,5,920,1,NA,NA,NA,NA,NA,NA,NA,1,FALSE,NA,NA,NA,NA,NA
"1128","season",0.00936508079637741,-2674.12251968089,-0.000260558701601217,-23.6648010591229,-0.000260558701601217,-2674.12251968089,-0.000260558701601217,-23.6648010591229,-0.000260558701601217,FALSE,NA,NA,NA,NA,NA,NA,NA,NA,0.63868618454,-0.0803843722693198,-0.146232606675895,-0.869626380143229,0.165282786569143,0.216066349473688,0.348484924078339,0.216066349473688,0.0195289585029439,0,4436297.63850562,0.7845073863,5654727.87225015,1e-04,"4_62_5",4,62,5,920,1,NA,NA,NA,NA,NA,NA,NA,1,FALSE,NA,NA,NA,NA,NA
"1129","holiday",0,0,0,0,0,0,0,0,0,TRUE,NA,NA,NA,NA,NA,NA,NA,NA,0.63868618454,-0.0803843722693198,-0.146232606675895,-0.869626380143229,0.165282786569143,0.216066349473688,0.348484924078339,0.216066349473688,0.0195289585029439,0,4436297.63850562,0.7845073863,5654727.87225015,1e-04,"4_62_5",4,62,5,920,1,NA,NA,NA,NA,NA,NA,NA,1,FALSE,NA,NA,NA,NA,NA
"1130","Google_Impressions",3239.95273359774,80529.191720505,0.00784652964898338,712.647714340752,0.00784652964898338,80529.191720505,0.00784652964898338,712.647714340752,0.00784652964898338,TRUE,0.743363900415277,0.743363900415277,490276.628318584,55401259,NA,NA,0.749361604211254,0.749361604211254,0.63868618454,-0.0803843722693198,-0.146232606675895,-0.869626380143229,0.165282786569143,0.216066349473688,0.348484924078339,0.216066349473688,0.0195289585029439,0,4436297.63850562,0.7845073863,5654727.87225015,1e-04,"4_62_5",4,62,5,920,1,712.647714340752,681357.965748974,191081.33743039,0.00145356248529487,0.00145356248529487,687.96492074927,687.96492074927,1,FALSE,0.00782942360134586,0.00074135540919751,0,0.019703727690251,0.34714018323307
"1131","Facebook_Impressions",8539.06353679344,26934.5364288262,0.00262442269883847,238.358729458639,0.00262442269883847,26934.5364288262,0.00262442269883847,238.358729458639,0.00262442269883847,TRUE,0.244677122195661,0.244677122195661,161373.82300885,18235242,NA,NA,0.250638395788746,0.250638395788746,0.63868618454,-0.0803843722693198,-0.146232606675895,-0.869626380143229,0.165282786569143,0.216066349473688,0.348484924078339,0.216066349473688,0.0195289585029439,0,4436297.63850562,0.7845073863,5654727.87225015,1e-04,"4_62_5",4,62,5,920,1,238.358729458639,167449.421782142,6075.59877329237,0.00147705944504747,0.00147705944504747,677.020822251243,677.020822251243,1,FALSE,0.00891222269670811,0.000954082668229271,0,0.0241936972477182,8.89298025233376e-05
"1132","Affiliate_Impressions",0,0,0,0,0,0,0,0,0,TRUE,0.0119589773890613,0.0119589773890613,7887.3982300885,891276,NA,NA,0,0,0.63868618454,-0.0803843722693198,-0.146232606675895,-0.869626380143229,0.165282786569143,0.216066349473688,0.348484924078339,0.216066349473688,0.0195289585029439,0,4436297.63850562,0.7845073863,5654727.87225015,1e-04,"4_62_5",4,62,5,920,1,0,10149.3069292894,2261.90869920091,0,0,Inf,Inf,1,FALSE,0,0,0,0,NA
"1133","Organic_Views",0,0,0,0,0,0,0,0,0,TRUE,NA,NA,NA,NA,8051.88495575221,8051.88495575221,NA,NA,0.63868618454,-0.0803843722693198,-0.146232606675895,-0.869626380143229,0.165282786569143,0.216066349473688,0.348484924078339,0.216066349473688,0.0195289585029439,0,4436297.63850562,0.7845073863,5654727.87225015,1e-04,"4_62_5",4,62,5,920,1,0,9168.85665040572,1116.9716946535,NA,NA,NA,NA,1,FALSE,NA,NA,NA,NA,NA
"1134","Email_Impressions",1390.03793240038,51292.9087602617,0.00499783147913445,453.919546550989,0.00499783147913445,51292.9087602617,0.00499783147913445,453.919546550989,0.00499783147913445,TRUE,NA,NA,NA,NA,389433.016085841,389433.016085841,NA,NA,0.63868618454,-0.0803843722693198,-0.146232606675895,-0.869626380143229,0.165282786569143,0.216066349473688,0.348484924078339,0.216066349473688,0.0195289585029439,0,4436297.63850562,0.7845073863,5654727.87225015,1e-04,"4_62_5",4,62,5,920,1,453.919546550989,477150.804952065,87717.7888662243,NA,NA,NA,NA,1,FALSE,NA,NA,NA,NA,0.0156577647248964
"1135","(Intercept)",86288.3312911746,9750581.43590273,0.950068226155518,86288.3312911746,0.950068226155518,9750581.43590273,0.950068226155518,86288.3312911746,0.950068226155518,TRUE,NA,NA,NA,NA,NA,NA,NA,NA,0.63868618454,-0.0803843722693198,-0.146232606675895,-0.869626380143229,0.165282786569143,0.216066349473688,0.348484924078339,0.216066349473688,0.0195289585029439,0,4436297.63850562,0.7845073863,5654727.87225015,1e-04,"4_66_5",4,66,5,980,1,NA,NA,NA,NA,NA,NA,NA,NA,NA,NA,NA,NA,NA,NA
"1136","trend",0.0297597297257536,356368.921945155,0.0347235487191274,3153.70727385093,0.0347235487191273,356368.921945155,0.0347235487191274,3153.70727385093,0.0347235487191273,TRUE,NA,NA,NA,NA,NA,NA,NA,NA,0.63868618454,-0.0803843722693198,-0.146232606675895,-0.869626380143229,0.165282786569143,0.216066349473688,0.348484924078339,0.216066349473688,0.0195289585029439,0,4436297.63850562,0.7845073863,5654727.87225015,1e-04,"4_66_5",4,66,5,980,1,NA,NA,NA,NA,NA,NA,NA,NA,NA,NA,NA,NA,NA,NA
"1137","season",0.00936508079637741,-2674.12251968089,-0.000260558701601217,-23.6648010591229,-0.000260558701601217,-2674.12251968089,-0.000260558701601217,-23.6648010591229,-0.000260558701601217,FALSE,NA,NA,NA,NA,NA,NA,NA,NA,0.63868618454,-0.0803843722693198,-0.146232606675895,-0.869626380143229,0.165282786569143,0.216066349473688,0.348484924078339,0.216066349473688,0.0195289585029439,0,4436297.63850562,0.7845073863,5654727.87225015,1e-04,"4_66_5",4,66,5,980,1,NA,NA,NA,NA,NA,NA,NA,NA,NA,NA,NA,NA,NA,NA
"1138","holiday",0,0,0,0,0,0,0,0,0,TRUE,NA,NA,NA,NA,NA,NA,NA,NA,0.63868618454,-0.0803843722693198,-0.146232606675895,-0.869626380143229,0.165282786569143,0.216066349473688,0.348484924078339,0.216066349473688,0.0195289585029439,0,4436297.63850562,0.7845073863,5654727.87225015,1e-04,"4_66_5",4,66,5,980,1,NA,NA,NA,NA,NA,NA,NA,NA,NA,NA,NA,NA,NA,NA
"1139","Google_Impressions",3239.95273359774,80529.191720505,0.00784652964898338,712.647714340752,0.00784652964898338,80529.191720505,0.00784652964898338,712.647714340752,0.00784652964898338,TRUE,0.743363900415277,0.743363900415277,490276.628318584,55401259,NA,NA,0.749361604211254,0.749361604211254,0.63868618454,-0.0803843722693198,-0.146232606675895,-0.869626380143229,0.165282786569143,0.216066349473688,0.348484924078339,0.216066349473688,0.0195289585029439,0,4436297.63850562,0.7845073863,5654727.87225015,1e-04,"4_66_5",4,66,5,980,1,712.647714340752,681357.965748974,191081.33743039,0.00145356248529487,0.00145356248529487,687.96492074927,687.96492074927,NA,NA,NA,NA,NA,NA,0.34714018323307
"1140","Facebook_Impressions",8539.06353679344,26934.5364288262,0.00262442269883847,238.358729458639,0.00262442269883847,26934.5364288262,0.00262442269883847,238.358729458639,0.00262442269883847,TRUE,0.244677122195661,0.244677122195661,161373.82300885,18235242,NA,NA,0.250638395788746,0.250638395788746,0.63868618454,-0.0803843722693198,-0.146232606675895,-0.869626380143229,0.165282786569143,0.216066349473688,0.348484924078339,0.216066349473688,0.0195289585029439,0,4436297.63850562,0.7845073863,5654727.87225015,1e-04,"4_66_5",4,66,5,980,1,238.358729458639,167449.421782142,6075.59877329237,0.00147705944504747,0.00147705944504747,677.020822251243,677.020822251243,NA,NA,NA,NA,NA,NA,8.89298025233376e-05
"1141","Affiliate_Impressions",0,0,0,0,0,0,0,0,0,TRUE,0.0119589773890613,0.0119589773890613,7887.3982300885,891276,NA,NA,0,0,0.63868618454,-0.0803843722693198,-0.146232606675895,-0.869626380143229,0.165282786569143,0.216066349473688,0.348484924078339,0.216066349473688,0.0195289585029439,0,4436297.63850562,0.7845073863,5654727.87225015,1e-04,"4_66_5",4,66,5,980,1,0,10149.3069292894,2261.90869920091,0,0,Inf,Inf,NA,NA,NA,NA,NA,NA,NA
"1142","Organic_Views",0,0,0,0,0,0,0,0,0,TRUE,NA,NA,NA,NA,8051.88495575221,8051.88495575221,NA,NA,0.63868618454,-0.0803843722693198,-0.146232606675895,-0.869626380143229,0.165282786569143,0.216066349473688,0.348484924078339,0.216066349473688,0.0195289585029439,0,4436297.63850562,0.7845073863,5654727.87225015,1e-04,"4_66_5",4,66,5,980,1,0,9168.85665040572,1116.9716946535,NA,NA,NA,NA,NA,NA,NA,NA,NA,NA,NA
"1143","Email_Impressions",1390.03793240038,51292.9087602617,0.00499783147913445,453.919546550989,0.00499783147913445,51292.9087602617,0.00499783147913445,453.919546550989,0.00499783147913445,TRUE,NA,NA,NA,NA,389433.016085841,389433.016085841,NA,NA,0.63868618454,-0.0803843722693198,-0.146232606675895,-0.869626380143229,0.165282786569143,0.216066349473688,0.348484924078339,0.216066349473688,0.0195289585029439,0,4436297.63850562,0.7845073863,5654727.87225015,1e-04,"4_66_5",4,66,5,980,1,453.919546550989,477150.804952065,87717.7888662243,NA,NA,NA,NA,NA,NA,NA,NA,NA,NA,0.0156577647248964
"1144","(Intercept)",73200.5363109632,8271660.60313884,0.790682769952869,73200.5363109632,0.790682769952869,8271660.60313884,0.790682769952869,73200.5363109632,0.790682769952869,TRUE,NA,NA,NA,NA,NA,NA,NA,NA,0.63916816508,0.0818112163541164,-0.112975801216286,-0.523347932451686,0.152371755462736,0.212908801889684,0.314561911171982,0.212908801889684,0.0518188370605006,0,933471.990658959,0.164994645,5654727.87225015,1e-04,"4_77_2",4,77,2,1142,3,NA,NA,NA,NA,NA,NA,NA,2,FALSE,NA,NA,NA,NA,NA
"1145","trend",0.121603115270177,1456181.60827931,0.139195472690429,12886.5629051266,0.139195472690429,1456181.60827931,0.139195472690429,12886.5629051266,0.139195472690429,TRUE,NA,NA,NA,NA,NA,NA,NA,NA,0.63916816508,0.0818112163541164,-0.112975801216286,-0.523347932451686,0.152371755462736,0.212908801889684,0.314561911171982,0.212908801889684,0.0518188370605006,0,933471.990658959,0.164994645,5654727.87225015,1e-04,"4_77_2",4,77,2,1142,3,NA,NA,NA,NA,NA,NA,NA,2,FALSE,NA,NA,NA,NA,NA
"1146","season",0.0408685400021095,-11669.6786223558,-0.00111549714867202,-103.271492233237,-0.00111549714867202,-11669.6786223558,-0.00111549714867202,-103.271492233237,-0.00111549714867202,FALSE,NA,NA,NA,NA,NA,NA,NA,NA,0.63916816508,0.0818112163541164,-0.112975801216286,-0.523347932451686,0.152371755462736,0.212908801889684,0.314561911171982,0.212908801889684,0.0518188370605006,0,933471.990658959,0.164994645,5654727.87225015,1e-04,"4_77_2",4,77,2,1142,3,NA,NA,NA,NA,NA,NA,NA,2,FALSE,NA,NA,NA,NA,NA
"1147","holiday",0,0,0,0,0,0,0,0,0,TRUE,NA,NA,NA,NA,NA,NA,NA,NA,0.63916816508,0.0818112163541164,-0.112975801216286,-0.523347932451686,0.152371755462736,0.212908801889684,0.314561911171982,0.212908801889684,0.0518188370605006,0,933471.990658959,0.164994645,5654727.87225015,1e-04,"4_77_2",4,77,2,1142,3,NA,NA,NA,NA,NA,NA,NA,2,FALSE,NA,NA,NA,NA,NA
"1148","Google_Impressions",18090.7195849853,339228.051621442,0.0324265934460578,3002.01815594197,0.0324265934460578,339228.051621442,0.0324265934460578,3002.01815594197,0.0324265934460578,TRUE,0.743363900415277,0.743363900415277,490276.628318584,55401259,NA,NA,0.723888578965091,0.723888578965091,0.63916816508,0.0818112163541164,-0.112975801216286,-0.523347932451686,0.152371755462736,0.212908801889684,0.314561911171982,0.212908801889684,0.0518188370605006,0,933471.990658959,0.164994645,5654727.87225015,1e-04,"4_77_2",4,77,2,1142,3,3002.01815594197,694653.381268181,204376.752949597,0.00612311087770482,0.00612311087770482,163.315677271361,163.315677271361,2,FALSE,0.0256983568867457,0.00393028924683548,0,0.0574541807549012,0.263843219898284
"1149","Facebook_Impressions",17057.6921594867,129391.099831977,0.0123684128412586,1145.05398081395,0.0123684128412586,129391.099831977,0.0123684128412586,1145.05398081395,0.0123684128412586,TRUE,0.244677122195661,0.244677122195661,161373.82300885,18235242,NA,NA,0.276111421034909,0.276111421034909,0.63916816508,0.0818112163541164,-0.112975801216286,-0.523347932451686,0.152371755462736,0.212908801889684,0.314561911171982,0.212908801889684,0.0518188370605006,0,933471.990658959,0.164994645,5654727.87225015,1e-04,"4_77_2",4,77,2,1142,3,1145.05398081395,163478.808189277,2104.98518042718,0.00709566123838535,0.00709566123838535,140.931192513857,140.931192513857,2,FALSE,0.0343703021894356,0.00552693475505328,0,0.0790484193393257,8.52961476648637e-06
"1150","Affiliate_Impressions",0,0,0,0,0,0,0,0,0,TRUE,0.0119589773890613,0.0119589773890613,7887.3982300885,891276,NA,NA,0,0,0.63916816508,0.0818112163541164,-0.112975801216286,-0.523347932451686,0.152371755462736,0.212908801889684,0.314561911171982,0.212908801889684,0.0518188370605006,0,933471.990658959,0.164994645,5654727.87225015,1e-04,"4_77_2",4,77,2,1142,3,0,11180.2836836275,3292.88545353905,0,0,Inf,Inf,2,FALSE,0,0,0,0,NA
"1151","Organic_Views",0,0,0,0,0,0,0,0,0,TRUE,NA,NA,NA,NA,8051.88495575221,8051.88495575221,NA,NA,0.63916816508,0.0818112163541164,-0.112975801216286,-0.523347932451686,0.152371755462736,0.212908801889684,0.314561911171982,0.212908801889684,0.0518188370605006,0,933471.990658959,0.164994645,5654727.87225015,1e-04,"4_77_2",4,77,2,1142,3,0,8058.22299385054,6.33803809832381,NA,NA,NA,NA,2,FALSE,NA,NA,NA,NA,NA
"1152","Email_Impressions",10705.7762927462,276623.332587306,0.0264422482180575,2447.99409369297,0.0264422482180575,276623.332587306,0.0264422482180575,2447.99409369297,0.0264422482180575,TRUE,NA,NA,NA,NA,389433.016085841,389433.016085841,NA,NA,0.63916816508,0.0818112163541164,-0.112975801216286,-0.523347932451686,0.152371755462736,0.212908801889684,0.314561911171982,0.212908801889684,0.0518188370605006,0,933471.990658959,0.164994645,5654727.87225015,1e-04,"4_77_2",4,77,2,1142,3,2447.99409369297,471670.2738832,82237.2577973591,NA,NA,NA,NA,2,FALSE,NA,NA,NA,NA,0.0420762189145338
"1153","(Intercept)",69214.6915805138,7821260.14859806,0.745627922803147,69214.6915805138,0.745627922803147,7821260.14859806,0.745627922803147,69214.6915805138,0.745627922803147,TRUE,NA,NA,NA,NA,NA,NA,NA,NA,0.63742046168,0.0992403880539848,-0.115249040537608,-0.479456191487153,0.150918657060178,0.213126122775992,0.309997103456037,0.213126122775992,0.0478360217702128,0,828381.009781259,0.1464081642,5654727.87225015,1e-04,"4_90_4",4,90,4,1339,3,NA,NA,NA,NA,NA,NA,NA,3,FALSE,NA,NA,NA,NA,NA
"1154","trend",0.134328147055021,1608562.22129806,0.153349829180797,14235.0639052926,0.153349829180797,1608562.22129806,0.153349829180797,14235.0639052926,0.153349829180797,TRUE,NA,NA,NA,NA,NA,NA,NA,NA,0.63742046168,0.0992403880539848,-0.115249040537608,-0.479456191487153,0.150918657060178,0.213126122775992,0.309997103456037,0.213126122775992,0.0478360217702128,0,828381.009781259,0.1464081642,5654727.87225015,1e-04,"4_90_4",4,90,4,1339,3,NA,NA,NA,NA,NA,NA,NA,3,FALSE,NA,NA,NA,NA,NA
"1155","season",0.045623147113144,-13027.3179448879,-0.00124193951286533,-115.285999512282,-0.00124193951286533,-13027.3179448879,-0.00124193951286533,-115.285999512282,-0.00124193951286533,FALSE,NA,NA,NA,NA,NA,NA,NA,NA,0.63742046168,0.0992403880539848,-0.115249040537608,-0.479456191487153,0.150918657060178,0.213126122775992,0.309997103456037,0.213126122775992,0.0478360217702128,0,828381.009781259,0.1464081642,5654727.87225015,1e-04,"4_90_4",4,90,4,1339,3,NA,NA,NA,NA,NA,NA,NA,3,FALSE,NA,NA,NA,NA,NA
"1156","holiday",0,0,0,0,0,0,0,0,0,TRUE,NA,NA,NA,NA,NA,NA,NA,NA,0.63742046168,0.0992403880539848,-0.115249040537608,-0.479456191487153,0.150918657060178,0.213126122775992,0.309997103456037,0.213126122775992,0.0478360217702128,0,828381.009781259,0.1464081642,5654727.87225015,1e-04,"4_90_4",4,90,4,1339,3,NA,NA,NA,NA,NA,NA,NA,3,FALSE,NA,NA,NA,NA,NA
"1157","Google_Impressions",23557.6029608938,372235.194743356,0.0354864752964986,3294.11676764032,0.0354864752964986,372235.194743356,0.0354864752964986,3294.11676764032,0.0354864752964986,TRUE,0.743363900415277,0.743363900415277,490276.628318584,55401259,NA,NA,0.726184863786646,0.726184863786646,0.63742046168,0.0992403880539848,-0.115249040537608,-0.479456191487153,0.150918657060178,0.213126122775992,0.309997103456037,0.213126122775992,0.0478360217702128,0,828381.009781259,0.1464081642,5654727.87225015,1e-04,"4_90_4",4,90,4,1339,3,3294.11676764032,586325.204548566,96048.5762299819,0.00671889414540844,0.00671889414540844,148.834016187527,148.834016187527,3,FALSE,0.00614836150170441,0.000208230508885948,0.00308252913534494,0.00922081584551984,0.144244447794301
"1158","Facebook_Impressions",23214.1273813596,140354.936648751,0.0133805240946159,1242.07908538717,0.0133805240946159,140354.936648751,0.0133805240946159,1242.07908538717,0.0133805240946159,TRUE,0.244677122195661,0.244677122195661,161373.82300885,18235242,NA,NA,0.273815136213354,0.273815136213354,0.63742046168,0.0992403880539848,-0.115249040537608,-0.479456191487153,0.150918657060178,0.213126122775992,0.309997103456037,0.213126122775992,0.0478360217702128,0,828381.009781259,0.1464081642,5654727.87225015,1e-04,"4_90_4",4,90,4,1339,3,1242.07908538717,172758.447764585,11384.6247557355,0.00769690562092626,0.00769690562092626,129.922341425262,129.922341425262,3,FALSE,0.00666154589379305,0.000271917387353167,0.00265856156013475,0.0106742308008493,0.000761816279282059
"1159","Affiliate_Impressions",0,0,0,0,0,0,0,0,0,TRUE,0.0119589773890613,0.0119589773890613,7887.3982300885,891276,NA,NA,0,0,0.63742046168,0.0992403880539848,-0.115249040537608,-0.479456191487153,0.150918657060178,0.213126122775992,0.309997103456037,0.213126122775992,0.0478360217702128,0,828381.009781259,0.1464081642,5654727.87225015,1e-04,"4_90_4",4,90,4,1339,3,0,8026.85459083517,139.456360746679,0,0,Inf,Inf,3,FALSE,0,0,0,0,NA
"1160","Organic_Views",0,0,0,0,0,0,0,0,0,TRUE,NA,NA,NA,NA,8051.88495575221,8051.88495575221,NA,NA,0.63742046168,0.0992403880539848,-0.115249040537608,-0.479456191487153,0.150918657060178,0.213126122775992,0.309997103456037,0.213126122775992,0.0478360217702128,0,828381.009781259,0.1464081642,5654727.87225015,1e-04,"4_90_4",4,90,4,1339,3,0,8915.03929785822,863.154342106011,NA,NA,NA,NA,3,FALSE,NA,NA,NA,NA,NA
"1161","Email_Impressions",16817.7366614502,560109.522265945,0.0533971881378066,4956.72143598182,0.0533971881378066,560109.522265945,0.0533971881378066,4956.72143598182,0.0533971881378066,TRUE,NA,NA,NA,NA,389433.016085841,389433.016085841,NA,NA,0.63742046168,0.0992403880539848,-0.115249040537608,-0.479456191487153,0.150918657060178,0.213126122775992,0.309997103456037,0.213126122775992,0.0478360217702128,0,828381.009781259,0.1464081642,5654727.87225015,1e-04,"4_90_4",4,90,4,1339,3,4956.72143598182,428623.693841392,39190.6777555509,NA,NA,NA,NA,3,FALSE,NA,NA,NA,NA,0.129526139750215
"1162","(Intercept)",69099.1087771926,7808199.29182277,0.744569940934701,69099.1087771926,0.744569940934701,7808199.29182277,0.744569940934701,69099.1087771926,0.744569940934701,TRUE,NA,NA,NA,NA,NA,NA,NA,NA,0.63742046168,0.0974905058004575,-0.100682555462126,-0.489214211634375,0.15106517880722,0.211729707161555,0.311017744170625,0.211729707161555,0.0695316121676794,0,828381.009781259,0.1464081642,5654727.87225015,1e-04,"4_92_4",4,92,4,1369,3,NA,NA,NA,NA,NA,NA,NA,3,FALSE,NA,NA,NA,NA,NA
"1163","trend",0.133278645056748,1595994.57034321,0.152189965773164,14123.8457552497,0.152189965773164,1595994.57034321,0.152189965773164,14123.8457552497,0.152189965773164,TRUE,NA,NA,NA,NA,NA,NA,NA,NA,0.63742046168,0.0974905058004575,-0.100682555462126,-0.489214211634375,0.15106517880722,0.211729707161555,0.311017744170625,0.211729707161555,0.0695316121676794,0,828381.009781259,0.1464081642,5654727.87225015,1e-04,"4_92_4",4,92,4,1369,3,NA,NA,NA,NA,NA,NA,NA,3,FALSE,NA,NA,NA,NA,NA
"1164","season",0.0456417198474194,-13032.6212378394,-0.00124275747360147,-115.332931308313,-0.00124275747360147,-13032.6212378394,-0.00124275747360147,-115.332931308313,-0.00124275747360147,FALSE,NA,NA,NA,NA,NA,NA,NA,NA,0.63742046168,0.0974905058004575,-0.100682555462126,-0.489214211634375,0.15106517880722,0.211729707161555,0.311017744170625,0.211729707161555,0.0695316121676794,0,828381.009781259,0.1464081642,5654727.87225015,1e-04,"4_92_4",4,92,4,1369,3,NA,NA,NA,NA,NA,NA,NA,3,FALSE,NA,NA,NA,NA,NA
"1165","holiday",0,0,0,0,0,0,0,0,0,TRUE,NA,NA,NA,NA,NA,NA,NA,NA,0.63742046168,0.0974905058004575,-0.100682555462126,-0.489214211634375,0.15106517880722,0.211729707161555,0.311017744170625,0.211729707161555,0.0695316121676794,0,828381.009781259,0.1464081642,5654727.87225015,1e-04,"4_92_4",4,92,4,1369,3,NA,NA,NA,NA,NA,NA,NA,3,FALSE,NA,NA,NA,NA,NA
"1166","Google_Impressions",18264.6332658664,379520.999320525,0.0361901531308886,3358.59291434093,0.0361901531308886,379520.999320525,0.0361901531308886,3358.59291434093,0.0361901531308886,TRUE,0.743363900415277,0.743363900415277,490276.628318584,55401259,NA,NA,0.713952979722553,0.713952979722553,0.63742046168,0.0974905058004575,-0.100682555462126,-0.489214211634375,0.15106517880722,0.211729707161555,0.311017744170625,0.211729707161555,0.0695316121676794,0,828381.009781259,0.1464081642,5654727.87225015,1e-04,"4_92_4",4,92,4,1369,3,3358.59291434093,669902.108482721,179625.480164137,0.00685040387476618,0.00685040387476618,145.976794694332,145.976794694332,3,FALSE,0.00614836150170441,0.000208230508885948,0.00308252913534494,0.00922081584551984,0.253850510697291
"1167","Facebook_Impressions",16831.9738537446,152056.023396026,0.0144996740128434,1345.62852562855,0.0144996740128434,152056.023396026,0.0144996740128434,1345.62852562855,0.0144996740128434,TRUE,0.244677122195661,0.244677122195661,161373.82300885,18235242,NA,NA,0.286047020277447,0.286047020277447,0.63742046168,0.0974905058004575,-0.100682555462126,-0.489214211634375,0.15106517880722,0.211729707161555,0.311017744170625,0.211729707161555,0.0695316121676794,0,828381.009781259,0.1464081642,5654727.87225015,1e-04,"4_92_4",4,92,4,1369,3,1345.62852562855,165493.938091822,4120.11508297208,0.00833857995391703,0.00833857995391703,119.924496200369,119.924496200369,3,FALSE,0.00666154589379305,0.000271917387353167,0.00265856156013475,0.0106742308008493,6.23449204443337e-05
"1168","Affiliate_Impressions",0,0,0,0,0,0,0,0,0,TRUE,0.0119589773890613,0.0119589773890613,7887.3982300885,891276,NA,NA,0,0,0.63742046168,0.0974905058004575,-0.100682555462126,-0.489214211634375,0.15106517880722,0.211729707161555,0.311017744170625,0.211729707161555,0.0695316121676794,0,828381.009781259,0.1464081642,5654727.87225015,1e-04,"4_92_4",4,92,4,1369,3,0,8026.85459083517,139.456360746679,0,0,Inf,Inf,3,FALSE,0,0,0,0,NA
"1169","Organic_Views",0,0,0,0,0,0,0,0,0,TRUE,NA,NA,NA,NA,8051.88495575221,8051.88495575221,NA,NA,0.63742046168,0.0974905058004575,-0.100682555462126,-0.489214211634375,0.15106517880722,0.211729707161555,0.311017744170625,0.211729707161555,0.0695316121676794,0,828381.009781259,0.1464081642,5654727.87225015,1e-04,"4_92_4",4,92,4,1369,3,0,8216.20567872648,164.320722974273,NA,NA,NA,NA,3,FALSE,NA,NA,NA,NA,NA
"1170","Email_Impressions",16938.1485721171,564119.803739395,0.0537930236220039,4992.21065256102,0.0537930236220039,564119.803739395,0.0537930236220039,4992.21065256102,0.0537930236220039,TRUE,NA,NA,NA,NA,389433.016085841,389433.016085841,NA,NA,0.63742046168,0.0974905058004575,-0.100682555462126,-0.489214211634375,0.15106517880722,0.211729707161555,0.311017744170625,0.211729707161555,0.0695316121676794,0,828381.009781259,0.1464081642,5654727.87225015,1e-04,"4_92_4",4,92,4,1369,3,4992.21065256102,428623.693841392,39190.6777555509,NA,NA,NA,NA,3,FALSE,NA,NA,NA,NA,0.129526139750215
"1171","(Intercept)",69774.1606337925,7884480.15161856,0.751820114656627,69774.1606337925,0.751820114656627,7884480.15161856,0.751820114656627,69774.1606337925,0.751820114656627,TRUE,NA,NA,NA,NA,NA,NA,NA,NA,0.63742046168,0.0974588365550092,-0.10062318737471,-0.489496223070648,0.151067829238207,0.211723996996893,0.311047191381116,0.211723996996893,0.0695778656591346,0,828381.009781259,0.1464081642,5654727.87225015,1e-04,"4_94_4",4,94,4,1399,3,NA,NA,NA,NA,NA,NA,NA,3,FALSE,NA,NA,NA,NA,NA
"1172","trend",0.133304599504447,1596305.37150409,0.152214789605986,14126.5962080008,0.152214789605986,1596305.37150409,0.152214789605986,14126.5962080008,0.152214789605986,TRUE,NA,NA,NA,NA,NA,NA,NA,NA,0.63742046168,0.0974588365550092,-0.10062318737471,-0.489496223070648,0.151067829238207,0.211723996996893,0.311047191381116,0.211723996996893,0.0695778656591346,0,828381.009781259,0.1464081642,5654727.87225015,1e-04,"4_94_4",4,94,4,1399,3,NA,NA,NA,NA,NA,NA,NA,3,FALSE,NA,NA,NA,NA,NA
"1173","season",0.0456461394408822,-13033.8832167442,-0.00124283851135349,-115.344099263223,-0.00124283851135349,-13033.8832167442,-0.00124283851135349,-115.344099263223,-0.00124283851135349,FALSE,NA,NA,NA,NA,NA,NA,NA,NA,0.63742046168,0.0974588365550092,-0.10062318737471,-0.489496223070648,0.151067829238207,0.211723996996893,0.311047191381116,0.211723996996893,0.0695778656591346,0,828381.009781259,0.1464081642,5654727.87225015,1e-04,"4_94_4",4,94,4,1399,3,NA,NA,NA,NA,NA,NA,NA,3,FALSE,NA,NA,NA,NA,NA
"1174","holiday",0,0,0,0,0,0,0,0,0,TRUE,NA,NA,NA,NA,NA,NA,NA,NA,0.63742046168,0.0974588365550092,-0.10062318737471,-0.489496223070648,0.151067829238207,0.211723996996893,0.311047191381116,0.211723996996893,0.0695778656591346,0,828381.009781259,0.1464081642,5654727.87225015,1e-04,"4_94_4",4,94,4,1399,3,NA,NA,NA,NA,NA,NA,NA,3,FALSE,NA,NA,NA,NA,NA
"1175","Google_Impressions",18263.4889166988,379497.220877601,0.0361867413736211,3358.38248564249,0.0361867413736211,379497.220877601,0.0361867413736211,3358.38248564249,0.0361867413736211,TRUE,0.743363900415277,0.743363900415277,490276.628318584,55401259,NA,NA,0.713927422044039,0.713927422044039,0.63742046168,0.0974588365550092,-0.10062318737471,-0.489496223070648,0.151067829238207,0.211723996996893,0.311047191381116,0.211723996996893,0.0695778656591346,0,828381.009781259,0.1464081642,5654727.87225015,1e-04,"4_94_4",4,94,4,1399,3,3358.38248564249,669902.108482721,179625.480164137,0.00684997467074892,0.00684997467074892,145.985941272199,145.985941272199,3,FALSE,0.00614836150170441,0.000208230508885948,0.00308252913534494,0.00922081584551984,0.253850510697291
"1176","Facebook_Impressions",16833.0256511453,152065.525082017,0.0145001215430815,1345.71261134529,0.0145001215430815,152065.525082017,0.0145001215430815,1345.71261134529,0.0145001215430815,TRUE,0.244677122195661,0.244677122195661,161373.82300885,18235242,NA,NA,0.286072577955961,0.286072577955961,0.63742046168,0.0974588365550092,-0.10062318737471,-0.489496223070648,0.151067829238207,0.211723996996893,0.311047191381116,0.211723996996893,0.0695778656591346,0,828381.009781259,0.1464081642,5654727.87225015,1e-04,"4_94_4",4,94,4,1399,3,1345.71261134529,165493.938091822,4120.11508297208,0.00833910101560579,0.00833910101560579,119.917002819441,119.917002819441,3,FALSE,0.00666154589379305,0.000271917387353167,0.00265856156013475,0.0106742308008493,6.23449204443337e-05
"1177","Affiliate_Impressions",0,0,0,0,0,0,0,0,0,TRUE,0.0119589773890613,0.0119589773890613,7887.3982300885,891276,NA,NA,0,0,0.63742046168,0.0974588365550092,-0.10062318737471,-0.489496223070648,0.151067829238207,0.211723996996893,0.311047191381116,0.211723996996893,0.0695778656591346,0,828381.009781259,0.1464081642,5654727.87225015,1e-04,"4_94_4",4,94,4,1399,3,0,8744.85887005606,857.460639967566,0,0,Inf,Inf,3,FALSE,0,0,0,0,NA
"1178","Organic_Views",0,0,0,0,0,0,0,0,0,TRUE,NA,NA,NA,NA,8051.88495575221,8051.88495575221,NA,NA,0.63742046168,0.0974588365550092,-0.10062318737471,-0.489496223070648,0.151067829238207,0.211723996996893,0.311047191381116,0.211723996996893,0.0695778656591346,0,828381.009781259,0.1464081642,5654727.87225015,1e-04,"4_94_4",4,94,4,1399,3,0,8216.20567872648,164.320722974273,NA,NA,NA,NA,3,FALSE,NA,NA,NA,NA,NA
"1179","Email_Impressions",15612.2921113796,487875.299421861,0.0465210713320374,4317.48052585718,0.0465210713320374,487875.299421861,0.0465210713320374,4317.48052585718,0.0465210713320374,TRUE,NA,NA,NA,NA,389433.016085841,389433.016085841,NA,NA,0.63742046168,0.0974588365550092,-0.10062318737471,-0.489496223070648,0.151067829238207,0.211723996996893,0.311047191381116,0.211723996996893,0.0695778656591346,0,828381.009781259,0.1464081642,5654727.87225015,1e-04,"4_94_4",4,94,4,1399,3,4317.48052585718,401902.553887198,12469.5378013577,NA,NA,NA,NA,3,FALSE,NA,NA,NA,NA,0.0324953861319598
"1180","(Intercept)",84378.1140086057,9534726.88297244,0.926585199153193,84378.1140086057,0.926585199153193,9534726.88297244,0.926585199153193,84378.1140086057,0.926585199153193,TRUE,NA,NA,NA,NA,NA,NA,NA,NA,0.63635186297,-0.0583844376540816,-0.142513080087149,-0.821475217017108,0.163591299450511,0.215715496793238,0.343968137140685,0.215715496793238,0.0195290907299407,0,2987358.01392808,0.5282466845,5654727.87225015,1e-04,"4_133_4",4,133,4,1984,1,NA,NA,NA,NA,NA,NA,NA,1,FALSE,NA,NA,NA,NA,NA
"1181","trend",0.0433648772296216,519288.807089894,0.0504645102729372,4595.47616893711,0.0504645102729372,519288.807089894,0.0504645102729372,4595.47616893711,0.0504645102729372,TRUE,NA,NA,NA,NA,NA,NA,NA,NA,0.63635186297,-0.0583844376540816,-0.142513080087149,-0.821475217017108,0.163591299450511,0.215715496793238,0.343968137140685,0.215715496793238,0.0195290907299407,0,2987358.01392808,0.5282466845,5654727.87225015,1e-04,"4_133_4",4,133,4,1984,1,NA,NA,NA,NA,NA,NA,NA,1,FALSE,NA,NA,NA,NA,NA
"1182","season",0.0137593709706622,-3928.87627659593,-0.000381808378140244,-34.7688166070436,-0.000381808378140244,-3928.87627659593,-0.000381808378140244,-34.7688166070436,-0.000381808378140244,FALSE,NA,NA,NA,NA,NA,NA,NA,NA,0.63635186297,-0.0583844376540816,-0.142513080087149,-0.821475217017108,0.163591299450511,0.215715496793238,0.343968137140685,0.215715496793238,0.0195290907299407,0,2987358.01392808,0.5282466845,5654727.87225015,1e-04,"4_133_4",4,133,4,1984,1,NA,NA,NA,NA,NA,NA,NA,1,FALSE,NA,NA,NA,NA,NA
"1183","holiday",0,0,0,0,0,0,0,0,0,TRUE,NA,NA,NA,NA,NA,NA,NA,NA,0.63635186297,-0.0583844376540816,-0.142513080087149,-0.821475217017108,0.163591299450511,0.215715496793238,0.343968137140685,0.215715496793238,0.0195290907299407,0,2987358.01392808,0.5282466845,5654727.87225015,1e-04,"4_133_4",4,133,4,1984,1,NA,NA,NA,NA,NA,NA,NA,1,FALSE,NA,NA,NA,NA,NA
"1184","Google_Impressions",4793.00526242794,117265.434780398,0.011395860371609,1037.747210446,0.011395860371609,117265.434780398,0.011395860371609,1037.747210446,0.011395860371609,TRUE,0.743363900415277,0.743363900415277,490276.628318584,55401259,NA,NA,0.749301147973756,0.749301147973756,0.63635186297,-0.0583844376540816,-0.142513080087149,-0.821475217017108,0.163591299450511,0.215715496793238,0.343968137140685,0.215715496793238,0.0195290907299407,0,2987358.01392808,0.5282466845,5654727.87225015,1e-04,"4_133_4",4,133,4,1984,1,1037.747210446,622482.484516944,132205.85619836,0.00211665649656803,0.00211665649656803,472.443214863353,472.443214863353,1,FALSE,0.00782942360134586,0.00074135540919751,0,0.019703727690251,0.275195441690851
"1185","Facebook_Impressions",11526.0511308599,39234.3051405998,0.00381279158685315,347.206240182299,0.00381279158685315,39234.3051405998,0.00381279158685315,347.206240182299,0.00381279158685315,TRUE,0.244677122195661,0.244677122195661,161373.82300885,18235242,NA,NA,0.250698852026244,0.250698852026244,0.63635186297,-0.0583844376540816,-0.142513080087149,-0.821475217017108,0.163591299450511,0.215715496793238,0.343968137140685,0.215715496793238,0.0195290907299407,0,2987358.01392808,0.5282466845,5654727.87225015,1e-04,"4_133_4",4,133,4,1984,1,347.206240182299,165266.56150366,3892.73849481066,0.0021515648183117,0.0021515648183117,464.778003195221,464.778003195221,1,FALSE,0.00891222269670811,0.000954082668229271,0,0.0241936972477182,2.78945662079709e-05
"1186","Affiliate_Impressions",0,0,0,0,0,0,0,0,0,TRUE,0.0119589773890613,0.0119589773890613,7887.3982300885,891276,NA,NA,0,0,0.63635186297,-0.0583844376540816,-0.142513080087149,-0.821475217017108,0.163591299450511,0.215715496793238,0.343968137140685,0.215715496793238,0.0195290907299407,0,2987358.01392808,0.5282466845,5654727.87225015,1e-04,"4_133_4",4,133,4,1984,1,0,8899.89587298728,1012.49764289879,0,0,Inf,Inf,1,FALSE,0,0,0,0,NA
"1187","Organic_Views",0,0,0,0,0,0,0,0,0,TRUE,NA,NA,NA,NA,8051.88495575221,8051.88495575221,NA,NA,0.63635186297,-0.0583844376540816,-0.142513080087149,-0.821475217017108,0.163591299450511,0.215715496793238,0.343968137140685,0.215715496793238,0.0195290907299407,0,2987358.01392808,0.5282466845,5654727.87225015,1e-04,"4_133_4",4,133,4,1984,1,0,8307.83905089159,255.954095139372,NA,NA,NA,NA,1,FALSE,NA,NA,NA,NA,NA
"1188","Email_Impressions",3373.11023890966,83591.7177422708,0.00812344699354755,739.74971453337,0.00812344699354755,83591.7177422708,0.00812344699354755,739.74971453337,0.00812344699354755,TRUE,NA,NA,NA,NA,389433.016085841,389433.016085841,NA,NA,0.63635186297,-0.0583844376540816,-0.142513080087149,-0.821475217017108,0.163591299450511,0.215715496793238,0.343968137140685,0.215715496793238,0.0195290907299407,0,2987358.01392808,0.5282466845,5654727.87225015,1e-04,"4_133_4",4,133,4,1984,1,739.74971453337,548887.386450639,159454.370364798,NA,NA,NA,NA,1,FALSE,NA,NA,NA,NA,0.0633959370088098
"1189","(Intercept)",58411.4585228528,6600494.81308236,0.584757189136693,58411.4585228528,0.585376835804288,6600494.81308236,0.584757189136693,58411.4585228528,0.585376835804288,TRUE,NA,NA,NA,NA,NA,NA,NA,NA,0.63581057438,0.861465659921276,0.144279389275648,0.676428035348999,0.0591857560243352,0.186688149695788,0.144974634991996,0.186688149695788,0.140838094308919,0,20790.3418838149,0.003576987654,5654727.87225015,1e-04,"5_115_9",5,115,9,1719,2,NA,NA,NA,NA,NA,NA,NA,2,FALSE,NA,NA,NA,NA,NA
"1190","trend",0,0,0,0,0,0,0,0,0,TRUE,NA,NA,NA,NA,NA,NA,NA,NA,0.63581057438,0.861465659921276,0.144279389275648,0.676428035348999,0.0591857560243352,0.186688149695788,0.144974634991996,0.186688149695788,0.140838094308919,0,20790.3418838149,0.003576987654,5654727.87225015,1e-04,"5_115_9",5,115,9,1719,2,NA,NA,NA,NA,NA,NA,NA,2,FALSE,NA,NA,NA,NA,NA
"1191","season",0.427918534128341,-122188.650966479,-0.0108250508646632,-1081.31549527857,-0.0108365217910912,-122188.650966479,-0.0108250508646632,-1081.31549527857,-0.0108365217910912,FALSE,NA,NA,NA,NA,NA,NA,NA,NA,0.63581057438,0.861465659921276,0.144279389275648,0.676428035348999,0.0591857560243352,0.186688149695788,0.144974634991996,0.186688149695788,0.140838094308919,0,20790.3418838149,0.003576987654,5654727.87225015,1e-04,"5_115_9",5,115,9,1719,2,NA,NA,NA,NA,NA,NA,NA,2,FALSE,NA,NA,NA,NA,NA
"1192","holiday",0.177176005826002,-2888.62255795348,-0.000255911542285859,-131.301025361522,-0.00131584762147165,-2888.62255795348,-0.000255911542285859,-131.301025361522,-0.00131584762147165,FALSE,NA,NA,NA,NA,NA,NA,NA,NA,0.63581057438,0.861465659921276,0.144279389275648,0.676428035348999,0.0591857560243352,0.186688149695788,0.144974634991996,0.186688149695788,0.140838094308919,0,20790.3418838149,0.003576987654,5654727.87225015,1e-04,"5_115_9",5,115,9,1719,2,NA,NA,NA,NA,NA,NA,NA,2,FALSE,NA,NA,NA,NA,NA
"1193","Google_Impressions",101482.062697504,2276081.40633487,0.201644725600978,20142.3133303971,0.201858401438706,2276081.40633487,0.201644725600978,20142.3133303971,0.201858401438706,TRUE,0.743363900415277,0.743363900415277,490276.628318584,55401259,NA,NA,0.675374242688711,0.675374242688711,0.63581057438,0.861465659921276,0.144279389275648,0.676428035348999,0.0591857560243352,0.186688149695788,0.144974634991996,0.186688149695788,0.140838094308919,0,20790.3418838149,0.003576987654,5654727.87225015,1e-04,"5_115_9",5,115,9,1719,2,20142.3133303971,571406.000184644,81129.3718660602,0.0410835682693577,0.0410835682693577,24.340631598591,24.340631598591,2,FALSE,0.0256983568867457,0.00393028924683548,0,0.0574541807549012,0.182994855544427
"1194","Facebook_Impressions",59861.5645355608,1094022.54858298,0.0969226654179872,9681.61547418562,0.0970253709644198,1094022.54858298,0.0969226654179872,9681.61547418562,0.0970253709644198,TRUE,0.244677122195661,0.244677122195661,161373.82300885,18235242,NA,NA,0.324625757311289,0.324625757311289,0.63581057438,0.861465659921276,0.144279389275648,0.676428035348999,0.0591857560243352,0.186688149695788,0.144974634991996,0.186688149695788,0.140838094308919,0,20790.3418838149,0.003576987654,5654727.87225015,1e-04,"5_115_9",5,115,9,1719,2,9681.61547418562,203018.618190763,41644.7951819138,0.0599949563917482,0.0599949563917482,16.6680677867372,16.6680677867372,2,FALSE,0.0343703021894356,0.00552693475505328,0,0.0790484193393257,0.0600083113351611
"1195","Affiliate_Impressions",0,0,0,0,0,0,0,0,0,TRUE,0.0119589773890613,0.0119589773890613,7887.3982300885,891276,NA,NA,0,0,0.63581057438,0.861465659921276,0.144279389275648,0.676428035348999,0.0591857560243352,0.186688149695788,0.144974634991996,0.186688149695788,0.140838094308919,0,20790.3418838149,0.003576987654,5654727.87225015,1e-04,"5_115_9",5,115,9,1719,2,0,8402.67809642199,515.279866333496,0,0,Inf,Inf,2,FALSE,0,0,0,0,NA
"1196","Organic_Views",0,0,0,0,0,0,0,0,0,TRUE,NA,NA,NA,NA,8051.88495575221,8051.88495575221,NA,NA,0.63581057438,0.861465659921276,0.144279389275648,0.676428035348999,0.0591857560243352,0.186688149695788,0.144974634991996,0.186688149695788,0.140838094308919,0,20790.3418838149,0.003576987654,5654727.87225015,1e-04,"5_115_9",5,115,9,1719,2,0,9899.30575009867,1847.42079434645,NA,NA,NA,NA,2,FALSE,NA,NA,NA,NA,NA
"1197","Email_Impressions",102015.114586081,1442060.66048159,0.127756382251291,12761.5987653238,0.127891761205149,1442060.66048159,0.127756382251291,12761.5987653238,0.127891761205149,TRUE,NA,NA,NA,NA,389433.016085841,389433.016085841,NA,NA,0.63581057438,0.861465659921276,0.144279389275648,0.676428035348999,0.0591857560243352,0.186688149695788,0.144974634991996,0.186688149695788,0.140838094308919,0,20790.3418838149,0.003576987654,5654727.87225015,1e-04,"5_115_9",5,115,9,1719,2,12761.5987653238,414476.906192831,25043.89010699,NA,NA,NA,NA,2,FALSE,NA,NA,NA,NA,0.00217219611035
"1198","(Intercept)",58411.4585228528,6600494.81308236,0.584757189136693,58411.4585228528,0.585376835804288,6600494.81308236,0.584757189136693,58411.4585228528,0.585376835804288,TRUE,NA,NA,NA,NA,NA,NA,NA,NA,0.63581057438,0.861465659921276,0.144279389275648,0.676428035348999,0.0591857560243352,0.186688149695788,0.144974634991996,0.186688149695788,0.140838094308919,0,20790.3418838149,0.003576987654,5654727.87225015,1e-04,"5_117_9",5,117,9,1749,2,NA,NA,NA,NA,NA,NA,NA,2,FALSE,NA,NA,NA,NA,NA
"1199","trend",0,0,0,0,0,0,0,0,0,TRUE,NA,NA,NA,NA,NA,NA,NA,NA,0.63581057438,0.861465659921276,0.144279389275648,0.676428035348999,0.0591857560243352,0.186688149695788,0.144974634991996,0.186688149695788,0.140838094308919,0,20790.3418838149,0.003576987654,5654727.87225015,1e-04,"5_117_9",5,117,9,1749,2,NA,NA,NA,NA,NA,NA,NA,2,FALSE,NA,NA,NA,NA,NA
"1200","season",0.427918534128341,-122188.650966479,-0.0108250508646632,-1081.31549527857,-0.0108365217910912,-122188.650966479,-0.0108250508646632,-1081.31549527857,-0.0108365217910912,FALSE,NA,NA,NA,NA,NA,NA,NA,NA,0.63581057438,0.861465659921276,0.144279389275648,0.676428035348999,0.0591857560243352,0.186688149695788,0.144974634991996,0.186688149695788,0.140838094308919,0,20790.3418838149,0.003576987654,5654727.87225015,1e-04,"5_117_9",5,117,9,1749,2,NA,NA,NA,NA,NA,NA,NA,2,FALSE,NA,NA,NA,NA,NA
"1201","holiday",0.177176005826002,-2888.62255795348,-0.000255911542285859,-131.301025361522,-0.00131584762147165,-2888.62255795348,-0.000255911542285859,-131.301025361522,-0.00131584762147165,FALSE,NA,NA,NA,NA,NA,NA,NA,NA,0.63581057438,0.861465659921276,0.144279389275648,0.676428035348999,0.0591857560243352,0.186688149695788,0.144974634991996,0.186688149695788,0.140838094308919,0,20790.3418838149,0.003576987654,5654727.87225015,1e-04,"5_117_9",5,117,9,1749,2,NA,NA,NA,NA,NA,NA,NA,2,FALSE,NA,NA,NA,NA,NA
"1202","Google_Impressions",101482.062697504,2276081.40633487,0.201644725600978,20142.3133303971,0.201858401438706,2276081.40633487,0.201644725600978,20142.3133303971,0.201858401438706,TRUE,0.743363900415277,0.743363900415277,490276.628318584,55401259,NA,NA,0.675374242688711,0.675374242688711,0.63581057438,0.861465659921276,0.144279389275648,0.676428035348999,0.0591857560243352,0.186688149695788,0.144974634991996,0.186688149695788,0.140838094308919,0,20790.3418838149,0.003576987654,5654727.87225015,1e-04,"5_117_9",5,117,9,1749,2,20142.3133303971,571406.000184644,81129.3718660602,0.0410835682693577,0.0410835682693577,24.340631598591,24.340631598591,2,FALSE,0.0256983568867457,0.00393028924683548,0,0.0574541807549012,0.182994855544427
"1203","Facebook_Impressions",59861.5645355608,1094022.54858298,0.0969226654179872,9681.61547418562,0.0970253709644198,1094022.54858298,0.0969226654179872,9681.61547418562,0.0970253709644198,TRUE,0.244677122195661,0.244677122195661,161373.82300885,18235242,NA,NA,0.324625757311289,0.324625757311289,0.63581057438,0.861465659921276,0.144279389275648,0.676428035348999,0.0591857560243352,0.186688149695788,0.144974634991996,0.186688149695788,0.140838094308919,0,20790.3418838149,0.003576987654,5654727.87225015,1e-04,"5_117_9",5,117,9,1749,2,9681.61547418562,203018.618190763,41644.7951819138,0.0599949563917482,0.0599949563917482,16.6680677867372,16.6680677867372,2,FALSE,0.0343703021894356,0.00552693475505328,0,0.0790484193393257,0.0600083113351611
"1204","Affiliate_Impressions",0,0,0,0,0,0,0,0,0,TRUE,0.0119589773890613,0.0119589773890613,7887.3982300885,891276,NA,NA,0,0,0.63581057438,0.861465659921276,0.144279389275648,0.676428035348999,0.0591857560243352,0.186688149695788,0.144974634991996,0.186688149695788,0.140838094308919,0,20790.3418838149,0.003576987654,5654727.87225015,1e-04,"5_117_9",5,117,9,1749,2,0,8402.67809642199,515.279866333496,0,0,Inf,Inf,2,FALSE,0,0,0,0,NA
"1205","Organic_Views",0,0,0,0,0,0,0,0,0,TRUE,NA,NA,NA,NA,8051.88495575221,8051.88495575221,NA,NA,0.63581057438,0.861465659921276,0.144279389275648,0.676428035348999,0.0591857560243352,0.186688149695788,0.144974634991996,0.186688149695788,0.140838094308919,0,20790.3418838149,0.003576987654,5654727.87225015,1e-04,"5_117_9",5,117,9,1749,2,0,9899.30575009867,1847.42079434645,NA,NA,NA,NA,2,FALSE,NA,NA,NA,NA,NA
"1206","Email_Impressions",102015.114586081,1442060.66048159,0.127756382251291,12761.5987653238,0.127891761205149,1442060.66048159,0.127756382251291,12761.5987653238,0.127891761205149,TRUE,NA,NA,NA,NA,389433.016085841,389433.016085841,NA,NA,0.63581057438,0.861465659921276,0.144279389275648,0.676428035348999,0.0591857560243352,0.186688149695788,0.144974634991996,0.186688149695788,0.140838094308919,0,20790.3418838149,0.003576987654,5654727.87225015,1e-04,"5_117_9",5,117,9,1749,2,12761.5987653238,414476.906192831,25043.89010699,NA,NA,NA,NA,2,FALSE,NA,NA,NA,NA,0.00217219611035
